title,release_date,release_year,worldwide_box_office,split
The Shining,1980-06-13,1980,46998772.0,train
The Blue Lagoon,1980-07-02,1980,58853106.0,train
Star Wars: Episode V - The Empire Strikes Back,1980-06-20,1980,538375067.0,train
Airplane!,1980-07-02,1980,83453539.0,train
Caddyshack,1980-07-25,1980,39846344.0,train
Friday the 13th,1980-05-09,1980,39754601.0,train
The Blues Brothers,1980-06-20,1980,115229890.0,train
Raging Bull,1980-12-19,1980,23402427.0,train
Superman II,1981-06-19,1980,108185706.0,train
The Long Riders,1980-05-16,1980,15795189.0,train
Any Which Way You Can,1980-12-17,1980,70687344.0,train
The Gods Must Be Crazy,1984-10-26,1980,30031783.0,train
Popeye,1980-12-12,1980,49823037.0,train
Ordinary People,1980-09-19,1980,54766923.0,train
Dressed to Kill,1980-07-25,1980,31899000.0,train
Somewhere in Time,1980-10-03,1980,9709597.0,train
Fame,1980-05-16,1980,21202829.0,train
9 to 5,1980-12-19,1980,103300686.0,train
The Fog,1980-02-08,1980,21448782.0,train
Stir Crazy,1980-12-12,1980,101300000.0,train
Cruising,1980-02-15,1980,19814523.0,train
Heaven's Gate,1981-04-24,1980,3484523.0,train
The Final Countdown,1980-08-01,1980,16647800.0,train
Xanadu,1980-08-08,1980,22762571.0,train
Urban Cowboy,1980-06-06,1980,46918287.0,train
Altered States,1980-12-25,1980,19853892.0,train
Little Darlings,1980-03-21,1980,34326249.0,train
Brubaker,1980-06-20,1980,37121708.0,train
American Gigolo,1980-02-01,1980,22743674.0,train
My Bodyguard,1980-09-26,1980,22482952.0,train
Prom Night,1980-07-18,1980,14796236.0,train
Smokey and the Bandit II,1980-08-15,1980,66132626.0,train
Cattle Annie and Little Britches,1981-04-24,1980,534816.0,train
Seems Like Old Times,1980-12-19,1980,43995918.0,train
Private Benjamin,1980-10-10,1980,69847348.0,train
The Hollywood Knights,1980-05-30,1980,10000000.0,train
Motel Hell,1980-10-24,1980,6342668.0,train
The Jazz Singer,1980-12-19,1980,27118000.0,train
Coal Miner's Daughter,1980-03-07,1980,67182787.0,train
The Watcher in the Woods,1981-10-09,1980,5000000.0,train
The Stunt Man,1980-06-27,1980,7063886.0,train
Where the Buffalo Roam,1980-04-25,1980,6659377.0,train
The Awakening,1980-10-31,1980,8415112.0,train
Cheech and Chong's Next Movie,1980-07-18,1980,41675194.0,train
The Island,1980-06-13,1980,15716828.0,train
The Nude Bomb,1980-05-09,1980,14662035.0,train
Stardust Memories,1980-09-26,1980,10389003.0,train
Melvin and Howard,1980-09-19,1980,4309490.0,train
Bronco Billy,1980-06-11,1980,24265659.0,train
City of Women,1981-04-08,1980,12516.0,train
When Time Ran Out...,1980-03-28,1980,3763988.0,train
Oh Heavenly Dog,1980-07-11,1980,6216067.0,train
The Octagon,1980-08-15,1980,18971000.0,train
Herbie Goes Bananas,1980-06-25,1980,18000000.0,train
The Competition,1980-12-03,1980,14287755.0,train
Honeysuckle Rose,1980-07-18,1980,17815212.0,train
Resurrection,1980-09-26,1980,3910019.0,train
Fatso,1980-02-01,1980,7653061.0,train
The Fiendish Plot of Dr. Fu Manchu,1980-08-08,1980,10697276.0,train
Serial,1980-03-28,1980,9870727.0,train
Hero at Large,1980-02-08,1980,15934737.0,train
Wholly Moses!,1980-06-13,1980,14155617.0,train
"Bon Voyage, Charlie Brown (and Don't Come Back!!)",1980-05-30,1980,2013193.0,train
In God We Trust (or Gimme That Prime Time Religion),1980-09-26,1980,5215015.0,train
Roadie,1980-06-13,1980,4226370.0,train
Just Tell Me What You Want,1980-01-18,1980,2086905.0,train
The Last Flight of Noah's Ark,1980-06-25,1980,11000000.0,train
Little Miss Marker,1980-03-21,1980,6321392.0,train
Willie & Phil,1980-08-15,1980,4400000.0,train
Babylon,,1980,109749.0,train
Phobia,1980-09-09,1980,59167.0,train
Windows,1980-01-18,1980,2128395.0,train
Loving Couples,1980-10-24,1980,2806659.0,train
The King and the Mockingbird,1980-03-19,1980,167451.0,train
"Oh, God! Book II",1980-10-03,1980,14504277.0,train
"Those Lips, Those Eyes",1980-08-15,1980,804713.0,train
La Cage aux Folles II,1981-02-15,1980,6950125.0,train
The Gong Show Movie,1980-05-23,1980,6621520.0,train
Gilda Live,1980-03-28,1980,2261507.0,train
Why Would I Lie?,1980-08-08,1980,1175855.0,train
First Family,1980-12-25,1980,15198912.0,train
Indiana Jones and the Raiders of the Lost Ark,1981-06-12,1981,389925971.0,train
Body Heat,1981-08-28,1981,24058838.0,train
An American Werewolf in London,1981-08-21,1981,30669378.0,train
Escape from New York,1981-07-10,1981,25244626.0,train
The Evil Dead,1983-04-15,1981,2956630.0,train
Porky's,1982-03-19,1981,111289673.0,train
Blow Out,1981-07-24,1981,12000000.0,train
Clash of the Titans,1981-06-12,1981,41092328.0,train
Excalibur,1981-04-10,1981,34971136.0,train
Mad Max 2,1982-05-21,1981,23668369.0,train
Das Boot,1982-02-10,1981,11487676.0,train
Stripes,1981-06-26,1981,85297000.0,train
Possession,1983-10-28,1981,1113538.0,train
The Cannonball Run,1981-06-19,1981,72179579.0,train
Thief,1981-03-27,1981,11492915.0,train
Endless Love,1981-07-17,1981,32492674.0,train
Time Bandits,1981-11-06,1981,42368025.0,train
The Four Seasons,1981-05-22,1981,50427646.0,train
Friday the 13th Part 2,1981-05-01,1981,21722776.0,train
Scanners,1981-01-14,1981,14225876.0,train
For Your Eyes Only,1981-06-26,1981,54813222.0,train
Halloween II,1981-10-30,1981,25533818.0,train
Taps,1981-12-25,1981,35856053.0,train
Reds,1981-12-25,1981,40382659.0,train
On Golden Pond,1982-02-12,1981,119285432.0,train
The Fox and the Hound,1981-07-10,1981,63456988.0,train
Chariots of Fire,1982-04-09,1981,59303359.0,train
Absence of Malice,1981-12-18,1981,40716963.0,train
Tarzan the Ape Man,1981-07-24,1981,36565280.0,train
Victory,1981-07-31,1981,10853418.0,train
Arthur,1981-07-17,1981,95461682.0,train
My Dinner with Andre,1981-10-11,1981,5073.0,train
Caveman,1981-04-17,1981,15965924.0,train
History of the World: Part I,1981-06-12,1981,31672907.0,train
The Howling,1981-04-10,1981,17985893.0,train
Dragonslayer,1981-06-26,1981,14110013.0,train
Cutter's Way,1982-02-10,1981,1752634.0,train
Quest for Fire,1982-02-12,1981,20962615.0,train
The Final Conflict,1981-03-20,1981,20471382.0,train
Mommie Dearest,1981-09-25,1981,19032261.0,train
Private Lessons,1981-06-10,1981,26279000.0,train
The Postman Always Rings Twice,1981-03-20,1981,12376625.0,train
Ragtime,1981-12-25,1981,14920781.0,train
Deadly Blessing,1981-08-14,1981,8279042.0,train
Eyewitness,1981-02-13,1981,6400000.0,train
Gallipoli,1981-08-28,1981,5732587.0,train
Outland,1981-05-22,1981,17374595.0,train
S.O.B.,1981-07-01,1981,14867086.0,train
The Beyond,1983-11-11,1981,123843.0,train
Ghost Story,1981-12-18,1981,23371905.0,train
My Bloody Valentine,1981-02-11,1981,5672031.0,train
The Funhouse,1981-03-13,1981,7886857.0,train
One from the Heart,1982-02-11,1981,636796.0,train
The French Lieutenant's Woman,1981-10-16,1981,26890068.0,train
The Great Muppet Caper,1981-06-26,1981,31206251.0,train
True Confessions,1981-09-25,1981,12850276.0,train
Nighthawks,1981-04-10,1981,19905359.0,train
Nice Dreams,1981-06-05,1981,37000000.0,train
Sharky's Machine,1981-12-18,1981,35610100.0,train
Neighbors,1981-12-18,1981,29916207.0,train
Puberty Blues,1981-12-10,1981,237000.0,train
Eye of the Needle,1981-07-24,1981,17583634.0,train
Wolfen,1981-07-24,1981,10626725.0,train
Student Bodies,1981-08-07,1981,5165432.0,train
Prince of the City,1981-08-26,1981,8124257.0,train
The Hand,1981-04-24,1981,2447576.0,train
Continental Divide,1981-09-18,1981,15578237.0,train
Diva,1982-04-23,1981,110014.0,train
Venom,1982-01-29,1981,5229643.0,train
Fort Apache the Bronx,1981-02-06,1981,29200000.0,train
Eyes of a Stranger,1981-03-27,1981,1118634.0,train
Under the Rainbow,1981-07-31,1981,18826490.0,train
Carbon Copy,1981-09-25,1981,9566593.0,train
The Incredible Shrinking Woman,1981-01-30,1981,20259961.0,train
The Night the Lights Went Out in Georgia,1981-06-05,1981,14923752.0,train
Quartet,1981-10-25,1981,12042.0,train
Modern Problems,1981-12-25,1981,26154211.0,train
Pennies from Heaven,1982-01-01,1981,9171289.0,train
The Legend of the Lone Ranger,1981-05-22,1981,12617845.0,train
Sphinx,1981-02-11,1981,2022771.0,train
Night School,1981-09-11,1981,1169875.0,train
Zoot Suit,1982-01-01,1981,3256082.0,train
Rich and Famous,1981-10-09,1981,14492125.0,train
Buddy Buddy,1981-12-11,1981,7258543.0,train
Bustin' Loose,1981-05-22,1981,31261269.0,train
Modern Romance,1981-03-13,1981,2863642.0,train
Heartbeeps,1981-12-18,1981,2154696.0,train
Back Roads,1981-03-13,1981,11809387.0,train
Take This Job and Shove It,1981-05-15,1981,17569027.0,train
Raggedy Man,1981-09-18,1981,1976198.0,train
Whose Life Is It Anyway?,1982-01-22,1981,8206145.0,train
Inchon,1982-09-17,1981,5200986.0,train
All Night Long,1981-03-06,1981,4454295.0,train
The Pursuit of D.B. Cooper,1981-11-13,1981,3702028.0,train
Rollover,1981-12-11,1981,10851261.0,train
Only When I Laugh,1981-09-25,1981,25524778.0,train
Honky Tonk Freeway,1981-08-21,1981,2004742.0,train
Paternity,1981-10-02,1981,18838812.0,train
King of the Mountain,1981-05-01,1981,1791147.0,train
The Devil and Max Devlin,1981-03-06,1981,16000000.0,train
The Amateur,1982-02-12,1981,6892098.0,train
Comin' at Ya!,1981-07-24,1981,12000000.0,train
Le Pont du Nord,1982-03-24,1981,17110.0,train
Silence of the North,1981-10-23,1981,1622898.0,train
Fast Times at Ridgemont High,1982-08-13,1982,27092880.0,train
Blade Runner,1982-06-25,1982,41676878.0,train
The Thing,1982-06-25,1982,19632053.0,train
Conan the Barbarian,1982-05-14,1982,68851475.0,train
E.T. the Extra-Terrestrial,1982-06-11,1982,792910554.0,train
First Blood,1982-10-22,1982,125212904.0,train
An Officer and a Gentleman,1982-08-13,1982,129795554.0,train
Grease 2,1982-06-11,1982,15171476.0,train
Annie,1982-06-18,1982,57063861.0,train
Poltergeist,1982-06-04,1982,77142388.0,train
48 Hrs.,1982-12-08,1982,78868508.0,train
Star Trek II: The Wrath of Khan,1982-06-04,1982,78912963.0,train
Paradise,1982-05-07,1982,5588800.0,train
The Last American Virgin,1982-07-30,1982,5829781.0,train
Sophie's Choice,1983-03-04,1982,30036000.0,train
Gandhi,1983-02-25,1982,52767889.0,train
Tootsie,1982-12-17,1982,177200000.0,train
Tron,1982-07-09,1982,33000525.0,train
The Secret of NIMH,1982-07-16,1982,14665733.0,train
The King of Comedy,1983-02-18,1982,2536242.0,train
Rocky III,1982-05-28,1982,125052686.0,train
The Beastmaster,1982-08-20,1982,14056528.0,train
Creepshow,1982-11-12,1982,21028755.0,train
The Man from Snowy River,1982-11-05,1982,20659423.0,train
Pink Floyd: The Wall,1982-09-17,1982,22265763.0,train
Cat People,1982-04-02,1982,7000000.0,train
Fanny and Alexander,1982-12-17,1982,6795771.0,train
Friday the 13th Part III,1982-08-13,1982,36690067.0,train
Firefox,1982-06-18,1982,46708276.0,train
Halloween III: Season of the Witch,1982-10-22,1982,14400000.0,train
The Dark Crystal,1982-12-17,1982,41630431.0,train
The Verdict,1982-12-17,1982,53993738.0,train
Pieces,1983-09-23,1982,2032311.0,train
Zapped!,1982-09-03,1982,16897768.0,train
Six Pack,1982-07-16,1982,20225989.0,train
The World According to Garp,1982-07-23,1982,29712172.0,train
Diner,1982-05-21,1982,14099953.0,train
The Best Little Whorehouse in Texas,1982-07-23,1982,69701637.0,train
The Year of Living Dangerously,1983-02-18,1982,10278575.0,train
Night Shift,1982-07-30,1982,21095638.0,train
Summer Lovers,1982-07-16,1982,4968000.0,train
Victor Victoria,1982-03-19,1982,28229046.0,train
The Last Unicorn,1982-11-19,1982,6455330.0,train
The Entity,1983-02-04,1982,13277558.0,train
Airplane II: the Sequel,1982-12-10,1982,27150534.0,train
The Toy,1982-12-10,1982,47118057.0,train
The House on Sorority Row,1983-07-28,1982,10604986.0,train
Evil Under the Sun,1982-03-05,1982,6110670.0,train
The Sword and the Sorcerer,1982-04-30,1982,39103425.0,train
Death Wish II,1982-02-19,1982,16100000.0,train
Silent Rage,1982-04-02,1982,10490791.0,train
Megaforce,1982-06-25,1982,5675599.0,train
Personal Best,1982-06-26,1982,5672311.0,train
Dead Men Don't Wear Plaid,1982-05-21,1982,18196170.0,train
Amityville II: The Possession,1982-09-24,1982,12534817.0,train
Missing,1982-03-12,1982,14000000.0,train
The Seduction,1982-01-29,1982,11378339.0,train
Cannery Row,1982-02-12,1982,5301539.0,train
Deathtrap,1982-03-19,1982,19282134.0,train
Tex,1982-07-30,1982,7400000.0,train
"I, the Jury",1982-04-22,1982,1515578.0,train
Tempest,1982-09-24,1982,5005245.0,train
Young Doctors in Love,1982-07-16,1982,30688860.0,train
My Favorite Year,1982-10-08,1982,20123620.0,train
Still of the Night,1982-11-19,1982,5979947.0,train
Parasite,1982-03-12,1982,2270.0,train
Making Love,1982-03-05,1982,11897978.0,train
Honkytonk Man,1982-12-15,1982,4484991.0,train
The Beast Within,1982-02-12,1982,7742572.0,train
"Come Back to the 5 & Dime Jimmy Dean, Jimmy Dean",1983-04-06,1982,840958.0,train
The Final Option,1983-09-16,1982,2666873.0,train
Trail of the Pink Panther,1982-12-17,1982,9056073.0,train
The Sender,1982-10-22,1982,1054328.0,train
The Border,1982-02-12,1982,6118683.0,train
Kiss Me Goodbye,1982-12-22,1982,15782759.0,train
A Midsummer Night's Sex Comedy,1982-07-16,1982,9077269.0,train
Vice Squad,1982-01-22,1982,13253583.0,train
Best Friends,1982-12-17,1982,36821203.0,train
Shoot the Moon,1982-02-19,1982,9217530.0,train
Lookin' to Get Out,1983-06-30,1982,946461.0,train
Barbarosa,1982-02-19,1982,1736123.0,train
Visiting Hours,1982-05-28,1982,13258670.0,train
A Little Sex,1982-04-02,1982,2370376.0,train
Class Reunion,1982-10-29,1982,10054150.0,train
Hanky Panky,1982-06-04,1982,9823934.0,train
Author! Author!,1982-06-18,1982,13111101.0,train
Split Image,1982-10-03,1982,263635.0,train
The Challenge,1982-07-23,1982,2977706.0,train
The Soldier,1982-08-27,1982,6328816.0,train
Wrong Is Right,1982-05-14,1982,3583513.0,train
Six Weeks,1982-12-17,1982,6668025.0,train
The State of Things,1983-02-18,1982,3700.0,train
Jekyll and Hyde... Together Again,1982-10-01,1982,3792188.0,train
Forced Vengeance,1982-07-30,1982,6660333.0,train
The Missionary,1982-11-05,1982,7241180.0,train
The Escape Artist,1982-05-28,1982,143369.0,train
Night Crossing,1982-02-05,1982,8000000.0,train
Endangered Species,1982-09-10,1982,1474249.0,train
Things Are Tough All Over,1982-08-04,1982,21134374.0,train
Homework,1982-08-27,1982,2914328.0,train
Jinxed!,1982-10-22,1982,2869638.0,train
The Return of Martin Guerre,1983-08-26,1982,3723036.0,train
They Call Me Bruce,1982-11-12,1982,16894678.0,train
Some Kind of Hero,1982-04-02,1982,23671186.0,train
Hammett,1982-09-17,1982,42914.0,train
Five Days One Summer,,1982,199078.0,train
Penitentiary II,1982-04-02,1982,3178542.0,train
If You Could See What I Hear,1982-04-23,1982,8693512.0,train
Partners,1982-04-30,1982,6062898.0,train
Richard Pryor: Live on the Sunset Strip,1982-03-12,1982,36299720.0,train
Bugs Bunny's 3rd Movie: 1001 Rabbit Tales,1982-11-19,1982,78350.0,train
Monsignor,1982-10-22,1982,12408066.0,train
"Yes, Giorgio",1982-09-24,1982,2279543.0,train
I Ought to Be in Pictures,1982-03-26,1982,6968359.0,train
La traviata,1983-02-18,1982,3783329.0,train
Fighting Back,1982-05-21,1982,3355948.0,train
Kamikaze 89,1982-07-16,1982,22440.0,train
Heidi's Song,1982-11-19,1982,5124391.0,train
Lonely Hearts,1982-10-21,1982,777087.0,train
Scarface,1983-12-09,1983,65884703.0,train
The Outsiders,1983-03-25,1983,25697647.0,train
Star Wars: Episode VI - Return of the Jedi,1983-05-25,1983,475106177.0,train
Risky Business,1983-08-05,1983,63541777.0,train
National Lampoon's Vacation,1983-07-29,1983,61399552.0,train
Trading Places,1983-06-08,1983,90404800.0,train
Superman III,1983-06-17,1983,59950623.0,train
The Big Chill,1983-09-30,1983,56399659.0,train
Staying Alive,1983-07-15,1983,64892670.0,train
Jaws 3-D,1983-07-22,1983,87987055.0,train
Christine,1983-12-09,1983,21017849.0,train
Flashdance,1983-04-15,1983,92921203.0,train
WarGames,1983-06-03,1983,79567667.0,train
The Right Stuff,1984-02-17,1983,21192315.0,train
Krull,1983-07-29,1983,16916617.0,train
Spring Break,1983-03-25,1983,24071666.0,train
The Dead Zone,1983-10-21,1983,20766616.0,train
Octopussy,1983-06-10,1983,67893619.0,train
Private School,1983-07-29,1983,14049540.0,train
Valley Girl,1983-04-29,1983,17343596.0,train
Rumble Fish,1983-10-21,1983,2494480.0,train
Videodrome,1983-02-04,1983,2120439.0,train
Terms of Endearment,1983-12-09,1983,108423749.0,train
Twilight Zone: The Movie,1983-06-24,1983,29450919.0,train
Never Say Never Again,1983-10-07,1983,55432841.0,train
A Christmas Story,1983-11-18,1983,20653717.0,train
Cujo,1983-08-12,1983,21156152.0,train
Sudden Impact,1983-12-09,1983,67642693.0,train
The Hunger,1983-04-29,1983,5988322.0,train
Mr. Mom,1983-08-19,1983,64783827.0,train
Blue Thunder,1983-05-13,1983,42313354.0,train
Breathless,1983-05-13,1983,19910002.0,train
Psycho II,1983-06-03,1983,34725000.0,train
Local Hero,1983-03-17,1983,5899678.0,train
Bad Boys,1983-03-25,1983,9190819.0,train
Silkwood,1984-01-27,1983,35615609.0,train
All the Right Moves,1983-10-21,1983,17233166.0,train
The Keep,1983-12-16,1983,4218594.0,train
My Tutor,1983-04-22,1983,22587834.0,train
Yentl,1984-01-06,1983,40218899.0,train
Fire and Ice,1983-08-26,1983,760883.0,train
Eddie and the Cruisers,1983-09-23,1983,4786789.0,train
Yellowbeard,1983-06-24,1983,4300000.0,train
The Meaning of Life,1983-03-31,1983,14949697.0,train
Nostalghia,,1983,55269.0,train
Hot Dog... The Movie,1984-01-13,1983,20307325.0,train
Smokey and the Bandit Part 3,1983-08-12,1983,5678950.0,train
Deathstalker,1983-09-16,1983,11919250.0,train
Porky's II: The Next Day,1983-06-24,1983,33759266.0,train
Something Wicked This Way Comes,1983-04-29,1983,8400000.0,train
Tender Mercies,1983-03-04,1983,8443124.0,train
Star 80,1984-02-03,1983,6472990.0,train
Gorky Park,1983-12-16,1983,15856028.0,train
Lone Wolf McQuade,1983-04-15,1983,12232628.0,train
Easy Money,1983-08-19,1983,29309766.0,train
Merry Christmas Mr. Lawrence,1983-09-02,1983,2306560.0,train
Losin' It,1983-04-22,1983,1246141.0,train
Screwballs,1983-04-01,1983,2082215.0,train
Brainstorm,1983-09-30,1983,10219460.0,train
The Man with Two Brains,1983-06-03,1983,10353438.0,train
Angel,1984-01-13,1983,17488564.0,train
10 to Midnight,1983-03-11,1983,7175592.0,train
Uncommon Valor,1983-12-16,1983,30503151.0,train
Doctor Detroit,1983-05-06,1983,10375893.0,train
Mortuary,1983-09-02,1983,4319001.0,train
Stroker Ace,1983-07-01,1983,13000000.0,train
Sahara,1984-03-02,1983,1402962.0,train
Two of a Kind,1983-12-16,1983,23646952.0,train
Chained Heat,1983-05-27,1983,6149983.0,train
Spacehunter: Adventures in the Forbidden Zone,1983-05-20,1983,16478265.0,train
High Road to China,1983-03-18,1983,28445927.0,train
Never Cry Wolf,1984-01-27,1983,29600000.0,train
The Pirates of Penzance,1983-02-18,1983,694497.0,train
Rock & Rule,1987-07-24,1983,30379.0,train
Hercules,1983-08-26,1983,10676194.0,train
Educating Rita,1983-10-28,1983,14648076.0,train
A Night in Heaven,1983-11-18,1983,5563663.0,train
Under Fire,1983-10-21,1983,5696391.0,train
Amityville 3-D,1983-11-18,1983,6333135.0,train
Testament,1984-01-05,1983,2044892.0,train
The Osterman Weekend,1983-11-04,1983,6486797.0,train
Revenge of the Ninja,1983-09-16,1983,13168027.0,train
Zelig,1983-08-25,1983,11798616.0,train
To Be or Not to Be,1983-12-16,1983,13030214.0,train
Eureka,1983-05-20,1983,123572.0,train
The Wicked Lady,1983-10-28,1983,724912.0,train
Still Smokin,1983-05-06,1983,15543710.0,train
"Yor, the Hunter from the Future",1983-08-19,1983,2810199.0,train
Of Unknown Origin,1983-11-24,1983,1080470.0,train
Curse of the Pink Panther,1983-08-12,1983,4491986.0,train
D.C. Cab,1983-12-16,1983,16134627.0,train
Beyond the Limit,1983-09-30,1983,5997566.0,train
The Survivors,1983-06-22,1983,14000000.0,train
The Lonely Lady,1983-09-30,1983,1223200.0,train
The Star Chamber,1983-08-05,1983,5555305.0,train
The Dresser,1983-12-06,1983,5310748.0,train
The Lords of Discipline,1983-02-18,1983,11787127.0,train
The Man Who Loved Women,1983-12-16,1983,10964740.0,train
Nightmares,1983-09-09,1983,6670680.0,train
Deal of the Century,1983-11-04,1983,10369581.0,train
Eddie Macon's Run,1983-03-25,1983,1262691.0,train
Max Dugan Returns,1983-03-25,1983,17613720.0,train
The Sting II,1983-02-18,1983,6347072.0,train
Baby It's You,1983-03-04,1983,1867792.0,train
Heat and Dust,,1983,1772889.0,train
Daniel,1984-02-10,1983,687475.0,train
Heart Like a Wheel,1983-04-01,1983,272278.0,train
Love Letters,1984-04-27,1983,5269990.0,train
Get Crazy,1983-08-05,1983,1645711.0,train
Nate and Hayes,1983-11-18,1983,1963756.0,train
Strange Invaders,1983-09-16,1983,1362303.0,train
The Black Stallion Returns,1983-03-25,1983,12049514.0,train
Metalstorm: the Destruction of Jared-Syn,1983-08-19,1983,5301085.0,train
Getting It on,,1983,975414.0,train
Lianna,1983-09-08,1983,1530839.0,train
Lovesick,1983-02-18,1983,10171304.0,train
Running Brave,1983-11-04,1983,3000000.0,train
Exposed,1983-04-22,1983,1818910.0,train
Trenchcoat,1983-03-11,1983,4304286.0,train
Stryker,1983-09-02,1983,1723487.0,train
The Man Who Wasn't There,1983-08-12,1983,2443487.0,train
Table for Five,1983-03-10,1983,2439705.0,train
Romantic Comedy,1983-10-07,1983,6857733.0,train
"Man, Woman and Child",1983-09-07,1983,2314561.0,train
Slayground,,1983,108128.0,train
Richard Pryor... Here and Now,1983-10-28,1983,16156776.0,train
My Brother's Wedding,,1983,26177.0,train
The Golden Seal,1983-08-19,1983,6666725.0,train
The Terminator,1984-10-26,1984,78371200.0,train
Dune,1984-12-14,1984,30925690.0,train
Ghostbusters,1984-06-08,1984,296187079.0,train
The Karate Kid,1984-06-22,1984,91119319.0,train
Once Upon a Time in America,1984-06-01,1984,5473212.0,train
Police Academy,1984-03-23,1984,81198894.0,train
Indiana Jones and the Temple of Doom,1984-05-23,1984,333107271.0,train
Body Double,1984-10-26,1984,8801940.0,train
A Nightmare on Elm Street,1984-11-16,1984,25507137.0,train
Amadeus,1984-09-19,1984,52066791.0,train
Beverly Hills Cop,1984-12-05,1984,316360478.0,train
Red Dawn,1984-08-10,1984,38376497.0,train
The NeverEnding Story,1984-07-20,1984,20251411.0,train
Footloose,1984-02-17,1984,80039064.0,train
Revenge of the Nerds,1984-08-10,1984,40874452.0,train
Gremlins,1984-06-08,1984,153633143.0,train
Romancing the Stone,1984-03-30,1984,86572238.0,train
Streets of Fire,1984-06-01,1984,8089290.0,train
Sixteen Candles,1984-05-04,1984,23686027.0,train
"Paris, Texas",1984-08-23,1984,2207548.0,train
This Is Spinal Tap,1984-03-02,1984,4736202.0,train
1984,1985-03-22,1984,8430492.0,train
Top Secret!,1984-06-08,1984,20458340.0,train
Conan the Destroyer,1984-06-29,1984,31042035.0,train
Children of the Corn,1984-03-09,1984,14568989.0,train
The Last Starfighter,1984-07-13,1984,28733290.0,train
Splash,1984-03-09,1984,69821334.0,train
Blood Simple,1985-01-18,1984,4228292.0,train
The Natural,1984-05-11,1984,47951979.0,train
Bachelor Party,1984-06-29,1984,38435947.0,train
Nausicaä of the Valley of the Wind,1987-11-25,1984,8736506.0,train
Friday the 13th: the Final Chapter,1984-04-13,1984,32980880.0,train
Hardbodies,1984-05-04,1984,7121719.0,train
Against All Odds,1984-03-02,1984,21689062.0,train
Supergirl,1984-11-21,1984,14296438.0,train
The Bounty,1984-05-04,1984,8613462.0,train
Firestarter,1984-05-11,1984,17080167.0,train
C.H.U.D.,1984-08-31,1984,4654423.0,train
The Woman in Red,1984-08-15,1984,25348610.0,train
Runaway,1984-12-14,1984,6770587.0,train
The Adventures of Buckaroo Banzai Across the 8th Dimension,1984-10-05,1984,6254148.0,train
Star Trek III: The Search for Spock,1984-06-01,1984,76471046.0,train
Repo Man,1984-03-02,1984,129000.0,train
2010: the Year We Make Contact,1984-12-07,1984,40400657.0,train
The Killing Fields,1985-02-01,1984,34700291.0,train
The Cotton Club,1984-12-14,1984,25928721.0,train
Starman,1984-12-14,1984,28744356.0,train
Night of the Comet,1984-11-16,1984,14418922.0,train
Blame It on Rio,1984-02-17,1984,18644570.0,train
Dreamscape,1984-08-17,1984,12145169.0,train
Crimes of Passion,1984-10-19,1984,2912945.0,train
The Philadelphia Experiment,1984-08-03,1984,8103330.0,train
Places in the Heart,1984-10-05,1984,34901614.0,train
Bolero,1984-08-31,1984,8914881.0,train
Cannonball Run II,1984-06-29,1984,28078073.0,train
Stranger Than Paradise,1984-10-04,1984,2436000.0,train
The Ice Pirates,1984-03-16,1984,14255801.0,train
A Passage to India,1985-02-01,1984,27201487.0,train
Purple Rain,1984-07-27,1984,70263155.0,train
The Hotel New Hampshire,1984-03-09,1984,5142858.0,train
The Hit,1985-03-08,1984,876775.0,train
Sheena,1984-08-17,1984,5778353.0,train
Missing in Action,1984-11-16,1984,22812411.0,train
"Greystoke: The Legend of Tarzan, Lord of the Apes",1984-03-30,1984,45858563.0,train
The Muppets Take Manhattan,1984-07-13,1984,25534703.0,train
The Wild Life,1984-09-28,1984,11020375.0,train
Falling in Love,1984-11-21,1984,11129057.0,train
Gwendoline,1985-01-25,1984,1337274.0,train
Breakin',1984-05-04,1984,38682707.0,train
Birdy,1984-12-21,1984,1455045.0,train
The Company of Wolves,1985-04-19,1984,4389334.0,train
Electric Dreams,1984-07-20,1984,2193612.0,train
Racing with the Moon,1984-03-23,1984,6045647.0,train
"Silent Night, Deadly Night",1984-11-09,1984,2491460.0,train
The Pope of Greenwich Village,1984-06-22,1984,6836201.0,train
All of Me,1984-09-21,1984,36403064.0,train
"Grandview, U.S.A.",1984-08-03,1984,4743119.0,train
Where the Boys Are,1984-04-06,1984,10530000.0,train
Reckless,1984-02-03,1984,8289916.0,train
Tightrope,1984-08-17,1984,48143579.0,train
Rhinestone,1984-06-22,1984,21435321.0,train
The Flamingo Kid,1984-12-21,1984,23859382.0,train
Up the Creek,1984-04-06,1984,11708269.0,train
Swing Shift,1984-04-13,1984,6650206.0,train
Beat Street,1984-06-08,1984,16595791.0,train
Joy of Sex,1984-08-03,1984,4463841.0,train
Breakin' 2: Electric Boogaloo,1984-12-21,1984,15101131.0,train
The Razor's Edge,1984-10-19,1984,6551987.0,train
Tank,1984-03-16,1984,11302884.0,train
Moscow on the Hudson,1984-04-06,1984,25068724.0,train
Ninja III: The Domination,1984-09-14,1984,7610785.0,train
The Warrior and the Sorceress,1984-09-07,1984,2886225.0,train
The Evil That Men Do,1984-09-21,1984,13102025.0,train
Firstborn,1984-10-26,1984,6250994.0,train
Teachers,1984-10-05,1984,27774237.0,train
The River,1985-01-11,1984,11489982.0,train
Razorback,1984-11-16,1984,150463.0,train
A Soldier's Story,1984-11-02,1984,21821347.0,train
Comfort and Joy,1984-10-10,1984,1057368.0,train
Meatballs Part II,1984-07-27,1984,5410972.0,train
Lassiter,1984-02-17,1984,17513452.0,train
Irreconcilable Differences,1984-09-28,1984,12414210.0,train
City Heat,1984-12-07,1984,38348988.0,train
Under the Volcano,1984-06-13,1984,2556800.0,train
Iceman,1984-04-13,1984,7343032.0,train
Flashpoint,1984-08-31,1984,3854833.0,train
The Little Drummer Girl,1984-10-19,1984,7828841.0,train
Lust in the Dust,1985-03-01,1984,727639.0,train
Hot Moves,1984-10-04,1984,2732684.0,train
Oxford Blues,1984-08-24,1984,8793152.0,train
Thief of Hearts,1984-10-19,1984,10435015.0,train
The Brother from Another Planet,1984-09-14,1984,3677209.0,train
No Small Affair,1984-11-09,1984,4994094.0,train
Broadway Danny Rose,1984-01-27,1984,10600497.0,train
Best Defense,1984-07-20,1984,19265302.0,train
Micki + Maude,1984-12-21,1984,26080861.0,train
Protocol,1984-12-21,1984,26186631.0,train
Exterminator 2,1984-09-14,1984,3739406.0,train
American Dreamer,1984-10-26,1984,5021751.0,train
The Lonely Guy,1984-01-27,1984,5718573.0,train
Choose Me,1984-08-29,1984,2490233.0,train
Making the Grade,1984-05-18,1984,4561346.0,train
Full Moon in Paris,1984-08-29,1984,15726.0,train
Unfaithfully Yours,1984-02-10,1984,19928200.0,train
Impulse,1984-09-28,1984,2773433.0,train
Mrs. Soffel,1985-02-08,1984,4385312.0,train
Garbo Talks,1984-10-12,1984,1493782.0,train
Country,1984-09-29,1984,9640000.0,train
Cheech & Chong's the Corsican Brothers,1984-07-27,1984,3772785.0,train
Purple Hearts,1984-08-31,1984,2075282.0,train
Give My Regards to Broad Street,1984-10-23,1984,1393501.0,train
Songwriter,1984-10-14,1984,865915.0,train
Finders Keepers,1984-05-18,1984,1467396.0,train
The Bostonians,1984-10-05,1984,1009700.0,train
Body Rock,1984-09-28,1984,1689501.0,train
The River Rat,1984-09-28,1984,1142944.0,train
Just the Way You Are,1984-11-16,1984,7889694.0,train
Until September,1984-09-21,1984,4239154.0,train
Crackers,1984-02-17,1984,129268.0,train
Misunderstood,1984-03-30,1984,1525532.0,train
Mike's Murder,1984-03-09,1984,1059966.0,train
The Buddy System,1984-01-20,1984,1820049.0,train
A Private Function,1985-03-01,1984,2527088.0,train
Scandalous,1984-01-20,1984,526805.0,train
"Oh, God! You Devil",1984-11-09,1984,21538850.0,train
The Bay Boy,1985-02-15,1984,162364.0,train
Heavenly Bodies,1985-02-01,1984,1839623.0,train
Heartbreakers,1984-09-28,1984,148750.0,train
Champions,1984-04-20,1984,200498.0,train
A Sunday in the Country,1984-04-11,1984,2411143.0,train
Mass Appeal,1984-12-14,1984,1945658.0,train
Windy City,1986-01-01,1984,343890.0,train
The Bear,1984-09-28,1984,2687148.0,train
Weekend Pass,1984-02-03,1984,21058033.0,train
Over the Brooklyn Bridge,1984-03-02,1984,837914.0,train
Winter Flight,1986-02-14,1984,2729.0,train
Almost You,1985-03-29,1984,95000.0,train
Petit Con,1985-04-19,1984,127426.0,train
Weird Science,1985-08-02,1985,38934048.0,train
The Goonies,1985-06-07,1985,63980721.0,train
Back to the Future,1985-07-03,1985,381906762.0,train
To Live and Die in L.A.,1985-11-01,1985,17307019.0,train
Clue,1985-12-13,1985,14643997.0,train
The Breakfast Club,1985-02-15,1985,51525171.0,train
Cocoon,1985-06-21,1985,85313124.0,train
Rambo: First Blood Part II,1985-05-22,1985,300400432.0,train
Mask,1985-03-22,1985,48230162.0,train
Legend,1986-04-18,1985,15502112.0,train
The Return of the Living Dead,1985-08-16,1985,14237880.0,train
St. Elmo's Fire,1985-06-28,1985,37803872.0,train
Brazil,1985-12-18,1985,9949953.0,train
Pale Rider,1985-06-28,1985,41410568.0,train
Teen Wolf,1985-08-23,1985,33086611.0,train
Real Genius,1985-08-07,1985,12952019.0,train
Commando,1985-10-04,1985,57491000.0,train
Witness,1985-02-08,1985,68706993.0,train
The Color Purple,1986-02-07,1985,98467863.0,train
Silverado,1985-07-10,1985,32192570.0,train
Rocky IV,1985-11-27,1985,300473716.0,train
Better Off Dead...,1985-10-11,1985,10297601.0,train
Ran,1985-06-01,1985,4164283.0,train
Ladyhawke,1985-04-12,1985,18432000.0,train
A Room with a View,1986-04-11,1985,21041453.0,train
Red Sonja,1985-07-03,1985,6951415.0,train
Fright Night,1985-08-02,1985,24922237.0,train
Explorers,1985-07-12,1985,9873044.0,train
Mad Max Beyond Thunderdome,1985-07-10,1985,36230219.0,train
After Hours,1985-10-11,1985,10609321.0,train
A View to a Kill,1985-05-24,1985,50327960.0,train
Fletch,1985-05-31,1985,59612888.0,train
Perfect,1985-06-07,1985,12918858.0,train
A Nightmare on Elm Street 2: Freddy's Revenge,1985-11-01,1985,29999213.0,train
Summer Rental,1985-08-09,1985,24689703.0,train
Lifeforce,1985-06-21,1985,11603545.0,train
Pee-wee's Big Adventure,1985-08-09,1985,40940662.0,train
Out of Africa,1985-12-20,1985,227514205.0,train
Day of the Dead,1985-07-19,1985,5000000.0,train
Just One of the Guys,1985-04-26,1985,11528900.0,train
National Lampoon's European Vacation,1985-07-26,1985,49364621.0,train
Spies Like Us,1985-12-06,1985,60088980.0,train
House,1986-02-28,1985,19444631.0,train
Police Academy 2: Their First Assignment,1985-03-29,1985,55600000.0,train
The Black Cauldron,1985-07-24,1985,21288692.0,train
Friday the 13th: A New Beginning,1985-03-22,1985,21930418.0,train
Runaway Train,1986-01-17,1985,7683620.0,train
Re-Animator,1985-10-18,1985,2023414.0,train
Brewster's Millions,1985-05-22,1985,45833132.0,train
The Last Dragon,1985-03-22,1985,25754284.0,train
The Legend of Billie Jean,1985-07-19,1985,3099497.0,train
Desperately Seeking Susan,1985-04-12,1985,27398584.0,train
Girls Just Want to Have Fun,1985-04-12,1985,6326051.0,train
Vision Quest,1985-02-15,1985,12993175.0,train
Jagged Edge,1985-10-04,1985,40491165.0,train
Enemy Mine,1985-12-20,1985,12303411.0,train
Tuff Turf,1985-01-11,1985,9369329.0,train
Volunteers,1985-08-16,1985,19875740.0,train
The Jewel of the Nile,1985-12-11,1985,96773200.0,train
Once Bitten,1985-11-15,1985,10000000.0,train
Private Resort,1985-05-03,1985,331816.0,train
Police Story,1985-12-14,1985,113164.0,train
Into the Night,1985-02-22,1985,7562164.0,train
The Sure Thing,1985-03-01,1985,18135531.0,train
White Nights,1985-12-06,1985,42160849.0,train
Mischief,1985-02-08,1985,8692426.0,train
Silver Bullet,1985-10-11,1985,12361866.0,train
Kiss of the Spider Woman,1985-07-26,1985,17009654.0,train
My Beautiful Laundrette,1986-04-04,1985,2455535.0,train
Young Sherlock Holmes,1985-12-04,1985,19739575.0,train
Smooth Talk,1985-11-15,1985,16785.0,train
Porky's Revenge,1985-03-22,1985,20518905.0,train
Year of the Dragon,1985-08-16,1985,18707466.0,train
Prizzi's Honor,1985-06-14,1985,26657534.0,train
The Quiet Earth,1985-10-18,1985,2123135.0,train
Tampopo,,1985,444213.0,train
Secret Admirer,1985-06-14,1985,8622757.0,train
"No Retreat, No Surrender",1986-05-02,1985,4662137.0,train
D.A.R.Y.L.,1985-06-14,1985,7840873.0,train
Mishima: A Life in Four Chapters,1985-09-20,1985,569996.0,train
A Chorus Line,1985-12-20,1985,14202899.0,train
Cat's Eye,1985-04-12,1985,13086298.0,train
Murphy's Romance,1986-01-31,1985,30867525.0,train
Heaven Help Us,1985-02-08,1985,6070794.0,train
American Flyers,1985-08-16,1985,1420355.0,train
The Journey of Natty Gann,1985-09-27,1985,9708373.0,train
Trouble in Mind,,1985,19632.0,train
Fandango,1985-01-25,1985,91666.0,train
Gotcha!,1985-05-03,1985,10806919.0,train
Death Wish 3,1985-11-01,1985,16116878.0,train
King Solomon's Mines,1985-11-22,1985,15057465.0,train
American Warrior,1985-08-30,1985,10499694.0,train
The Emerald Forest,1985-07-03,1985,24468550.0,train
The Holcroft Covenant,1985-10-18,1985,393825.0,train
The Falcon and the Snowman,1985-02-08,1985,17130087.0,train
Transylvania 6-5000,1985-11-08,1985,7196872.0,train
Desert Hearts,1986-03-07,1985,2492088.0,train
The Heavenly Kid,1985-07-26,1985,3852271.0,train
The Purple Rose of Cairo,1985-04-19,1985,10631333.0,train
The Man with One Red Shoe,1985-07-19,1985,8645411.0,train
My Life as a Dog,1987-05-01,1985,8349284.0,train
My Science Project,1985-08-09,1985,4122748.0,train
Fraternity Vacation,1985-04-12,1985,3333306.0,train
The New Kids,1985-01-18,1985,199108.0,train
Tomboy,1985-11-14,1985,14100000.0,train
Invasion U.S.A.,1985-09-27,1985,17536256.0,train
Revolution,1985-12-25,1985,358574.0,train
Lost in America,1985-02-08,1985,10179000.0,train
Subway,1985-11-06,1985,390659.0,train
Moving Violations,1985-04-19,1985,10627754.0,train
Nomads,1986-03-07,1985,2278264.0,train
Fool for Love,1986-05-14,1985,836156.0,train
Baby: Secret of the Lost Legend,1985-03-22,1985,14972297.0,train
Code of Silence,1985-05-03,1985,20345361.0,train
Crimewave,1986-04-25,1985,5101.0,train
Gymkata,1985-05-03,1985,5730596.0,train
Sweet Dreams,1985-10-11,1985,9085049.0,train
The Slugger's Wife,1985-03-29,1985,1878561.0,train
Avenging Angel,1985-01-11,1985,5622787.0,train
Santa Claus: The Movie,1985-11-27,1985,23717291.0,train
That Was Then... This Is Now,1985-11-08,1985,8630068.0,train
Agnes of God,1985-09-27,1985,25627836.0,train
Rustlers' Rhapsody,1985-05-10,1985,6090497.0,train
The Adventures of Mark Twain,1985-07-26,1985,849915.0,train
Stick,1985-04-26,1985,8489518.0,train
The Bride,1985-08-16,1985,3558669.0,train
Morons from Outer Space,1985-09-20,1985,441137.0,train
Godzilla 1985,1985-08-23,1985,4116395.0,train
Plenty,1985-09-20,1985,6148000.0,train
King David,1985-03-29,1985,5111099.0,train
The Trip to Bountiful,1986-01-24,1985,7491903.0,train
Missing in Action 2: The Beginning,1985-03-01,1985,10755447.0,train
The Protector,1985-08-23,1985,981817.0,train
The Mean Season,1985-02-15,1985,4349446.0,train
Turk 182,1985-02-15,1985,3594997.0,train
The Official Story,1985-11-08,1985,69832.0,train
Krush Groove,1985-10-25,1985,11052713.0,train
He-Man and She-Ra: The Secret of the Sword,1985-03-22,1985,7660857.0,train
Warning Sign,1985-08-23,1985,1918117.0,train
Creator,1985-09-20,1985,5349607.0,train
Taipei Story,,1985,35336.0,train
Otac na sluzbenom putu,1985-10-11,1985,34751.0,train
The Aviator,1985-03-15,1985,1304192.0,train
Starchaser: The Legend of Orin,1985-11-22,1985,3360800.0,train
Maxie,1985-09-27,1985,2564278.0,train
DEFCON-4,1985-03-15,1985,1057064.0,train
The Care Bears Movie,1985-03-29,1985,22934622.0,train
Sylvester,1985-03-15,1985,385687.0,train
Radioactive Dreams,1986-09-19,1985,220038.0,train
Twice in a Lifetime,1985-11-08,1985,8402424.0,train
Dance with a Stranger,1985-08-09,1985,2174622.0,train
Water,1986-04-18,1985,1256862.0,train
One Magic Christmas,1985-11-22,1985,13677222.0,train
O.C. and Stiggs,,1985,29815.0,train
The Good Father,1987-02-11,1985,421201.0,train
Fever Pitch,1985-11-22,1985,618847.0,train
The Doctor and the Devils,1985-10-04,1985,147070.0,train
Head Office,1986-01-03,1985,3393807.0,train
Eleni,1985-12-21,1985,305102.0,train
Dreamchild,1985-10-04,1985,1215923.0,train
Defense of the Realm,1986-11-21,1985,750000.0,train
Bad Medicine,1985-11-22,1985,2685453.0,train
Wetherby,1985-07-19,1985,1299985.0,train
Compromising Positions,1985-08-30,1985,12531831.0,train
Rainbow Brite and the Star Stealer,1985-11-15,1985,4889971.0,train
Three Men and a Cradle,1986-04-25,1985,2052466.0,train
Rappin',1985-05-10,1985,2864844.0,train
Certain Fury,1985-03-01,1985,1381091.0,train
Code Name: Emerald,1985-09-27,1985,561548.0,train
Colonel Redl,1985-10-04,1985,2357.0,train
Marie,1985-09-27,1985,2507995.0,train
Movers & Shakers,1988-03-31,1985,372438.0,train
La Cage aux Folles 3: The Wedding,1986-02-14,1985,345280.0,train
Turtle Diary,1986-02-14,1985,2156772.0,train
Joshua Then and Now,1985-09-20,1985,542420.0,train
The Girl in the Picture,1985-07-05,1985,202428.0,train
Here Come the Littles,1985-05-24,1985,6565359.0,train
Top Gun,1986-05-16,1986,357288178.0,train
Aliens,1986-07-18,1986,131060248.0,train
Stand by Me,1986-08-22,1986,52287414.0,train
Ferris Bueller's Day Off,1986-06-11,1986,70720215.0,train
Crocodile Dundee,1986-09-26,1986,328203506.0,train
Labyrinth,1986-06-27,1986,13915874.0,train
Highlander,1986-03-07,1986,5900712.0,train
Big Trouble in Little China,1986-07-02,1986,11100577.0,train
Pretty in Pink,1986-02-28,1986,40479480.0,train
Platoon,1987-02-06,1986,138545632.0,train
Blue Velvet,1986-10-23,1986,8618766.0,train
Manhunter,1986-08-15,1986,8621783.0,train
Howard the Duck,1986-08-01,1986,37962774.0,train
The Fly,1986-08-15,1986,60629159.0,train
Little Shop of Horrors,1986-12-19,1986,38983045.0,train
The Mosquito Coast,1986-11-26,1986,14302779.0,train
The Karate Kid Part II,1986-06-20,1986,115103979.0,train
River's Edge,1987-05-08,1986,4600000.0,train
9½ Weeks,1986-02-21,1986,6735922.0,train
The Golden Child,1986-12-12,1986,79817937.0,train
Star Trek IV: The Voyage Home,1986-11-26,1986,109713132.0,train
Short Circuit,1986-05-09,1986,40697761.0,train
The Delta Force,1986-02-14,1986,17768900.0,train
The Name of the Rose,1986-09-24,1986,7153487.0,train
The Wraith,1986-11-21,1986,3500000.0,train
The Color of Money,1986-10-17,1986,52293982.0,train
Hoosiers,1987-02-27,1986,28607524.0,train
Heartbreak Ridge,1986-12-05,1986,42724017.0,train
Flight of the Navigator,1986-08-01,1986,18564613.0,train
Cobra,1986-05-23,1986,49042224.0,train
Peggy Sue Got Married,1986-10-10,1986,41488348.0,train
The Mission,1986-10-31,1986,17502499.0,train
Working Girls,1987-03-20,1986,1777378.0,train
Youngblood,1986-01-31,1986,15448384.0,train
Three Amigos!,1986-12-12,1986,39246734.0,train
Maximum Overdrive,1986-07-25,1986,7433663.0,train
Lucas,1986-03-28,1986,8200000.0,train
Friday the 13th Part VI: Jason Lives,1986-08-01,1986,19472057.0,train
The Money Pit,1986-03-26,1986,54999651.0,train
Back to School,1986-06-13,1986,91258000.0,train
Betty Blue,1986-11-07,1986,2016851.0,train
About Last Night,1986-07-02,1986,38702310.0,train
Critters,1986-04-11,1986,13167232.0,train
The Texas Chainsaw Massacre 2,1986-08-22,1986,8025872.0,train
Iron Eagle,1986-01-17,1986,24159872.0,train
One Crazy Summer,1986-08-08,1986,13431806.0,train
From Beyond,1986-10-24,1986,1261000.0,train
Sid and Nancy,1986-11-07,1986,2850707.0,train
Henry: Portrait of a Serial Killer,1990-09-07,1986,609939.0,train
Mona Lisa,1986-06-13,1986,5794184.0,train
Police Academy 3: Back in Training,1986-03-21,1986,43579163.0,train
Night of the Creeps,1986-08-22,1986,591366.0,train
The Sacrifice,1986-05-09,1986,167292.0,train
The Hitcher,1986-02-21,1986,5844868.0,train
Rad,1986-03-28,1986,2015882.0,train
An American Tail,1986-11-21,1986,84542002.0,train
SpaceCamp,1986-06-06,1986,9697739.0,train
Raw Deal,1986-06-06,1986,16209459.0,train
Hannah and Her Sisters,1986-03-14,1986,40084041.0,train
The Great Mouse Detective,1986-07-02,1986,38625550.0,train
Ruthless People,1986-06-27,1986,71624879.0,train
The Transformers: the Movie,1986-08-08,1986,5860601.0,train
Wildcats,1986-02-14,1986,26285544.0,train
Troll,1986-01-17,1986,5450815.0,train
At Close Range,1986-04-18,1986,2347000.0,train
The Boy Who Could Fly,1986-08-15,1986,7177431.0,train
Something Wild,1986-11-07,1986,8362969.0,train
Heartburn,1986-07-25,1986,25314189.0,train
Crossroads,1986-03-14,1986,5839031.0,train
The Clan of the Cave Bear,1986-01-17,1986,1953732.0,train
She's Gotta Have It,1986-08-08,1986,7137502.0,train
Running Scared,1986-06-27,1986,38500726.0,train
8 Million Ways to Die,1986-04-25,1986,1305114.0,train
Soul Man,1986-10-24,1986,27820000.0,train
Down by Law,1986-09-25,1986,1504286.0,train
Poltergeist II: the Other Side,1986-05-23,1986,40996665.0,train
Bad Blood,1986-11-26,1986,58731.0,train
Psycho III,1986-07-02,1986,14481606.0,train
Allan Quatermain and the Lost City of Gold,1987-01-30,1986,3751699.0,train
The Adventures of Milo and Otis,1989-08-25,1986,13299749.0,train
Caravaggio,1986-08-29,1986,5478.0,train
Children of a Lesser God,1986-10-31,1986,31853080.0,train
Invaders from Mars,1986-06-06,1986,4884663.0,train
Matador,1986-03-07,1986,286126.0,train
Down and Out in Beverly Hills,1986-01-31,1986,62134225.0,train
April Fool's Day,1986-03-28,1986,12947763.0,train
The Big Easy,1987-08-21,1986,17685307.0,train
Pirates,1986-07-18,1986,1641825.0,train
No Mercy,1986-12-19,1986,12303904.0,train
Lady Jane,1986-02-07,1986,277646.0,train
Club Paradise,1986-07-11,1986,12308521.0,train
Manon of the Spring,1987-12-04,1986,3940542.0,train
Gothic,1987-04-10,1986,916172.0,train
Armed and Dangerous,1986-08-15,1986,15945534.0,train
F/X,1986-02-07,1986,20603715.0,train
King Kong Lives,1986-12-19,1986,4711220.0,train
Wise Guys,1986-04-18,1986,8475466.0,train
Solarbabies,1986-11-26,1986,1579260.0,train
The Manhattan Project,1986-06-13,1986,3900000.0,train
Trick or Treat,1986-10-24,1986,6797218.0,train
Jumpin' Jack Flash,1986-10-10,1986,29844101.0,train
Fire with Fire,1986-05-09,1986,4636169.0,train
Gung Ho,1986-03-14,1986,36611610.0,train
True Stories,1986-10-10,1986,2545459.0,train
When the Wind Blows,1988-03-11,1986,5274.0,train
Murphy's Law,1986-04-18,1986,9947631.0,train
Deadly Friend,1986-10-10,1986,8988731.0,train
Jean de Florette,1987-08-28,1986,4940939.0,train
Reform School Girls,1986-08-22,1986,2510433.0,train
Band of the Hand,1986-04-11,1986,4865912.0,train
Vamp,1986-07-18,1986,4941117.0,train
Nothing in Common,1986-07-30,1986,32324557.0,train
TerrorVision,1986-02-14,1986,320256.0,train
Quicksilver,1986-02-14,1986,7634909.0,train
52 Pick-Up,1986-11-07,1986,5186646.0,train
Black Moon Rising,1986-01-10,1986,6637565.0,train
Extremities,1986-08-22,1986,13418091.0,train
The Men's Club,1986-09-19,1986,2556361.0,train
Haunted Honeymoon,1986-07-25,1986,8033397.0,train
Summer,1986-08-29,1986,63137.0,train
Tough Guys,1986-10-03,1986,21458229.0,train
Eliminators,1986-01-31,1986,4601256.0,train
The Best of Times,1986-01-31,1986,7817314.0,train
Firewalker,1986-11-21,1986,11949484.0,train
Modern Girls,1986-11-07,1986,604849.0,train
Witchboard,1987-03-13,1986,7369373.0,train
Clockwise,1986-10-10,1986,1476356.0,train
Legal Eagles,1986-06-20,1986,93151591.0,train
Link,1986-09-19,1986,1720450.0,train
"Jo Jo Dancer, Your Life Is Calling",1986-05-02,1986,18034150.0,train
Wanted: Dead or Alive,1987-01-16,1986,7555000.0,train
American Anthem,1986-06-27,1986,4845724.0,train
The Morning After,1986-12-25,1986,25147055.0,train
Crimes of the Heart,1987-01-23,1986,22905522.0,train
Under the Cherry Moon,1986-07-02,1986,10090429.0,train
Meatballs III: Summer Job,1987-01-09,1986,2147228.0,train
Devil in the Flesh,1987-05-22,1986,546904.0,train
Absolute Beginners,1986-04-18,1986,930211.0,train
Deadtime Stories,1986-11-28,1986,2750741.0,train
Avenging Force,1986-09-12,1986,4679650.0,train
Heat,1987-03-13,1986,2793214.0,train
Sweet Liberty,1986-05-16,1986,14205021.0,train
Out of Bounds,1986-07-25,1986,5099316.0,train
Wisdom,1987-01-02,1986,5715174.0,train
Shanghai Surprise,1986-08-29,1986,2315683.0,train
Power,1986-01-31,1986,3800000.0,train
A Fine Mess,1986-08-08,1986,6029824.0,train
Let's Get Harry,1986-10-31,1986,140980.0,train
My Chauffeur,1986-01-24,1986,4781448.0,train
Half Moon Street,1986-09-26,1986,1131399.0,train
Every Time We Say Goodbye,1986-11-14,1986,278623.0,train
The Decline of the American Empire,1986-11-14,1986,1915792.0,train
Hardbodies 2,1986-09-12,1986,78068.0,train
The Boy in Blue,1986-01-17,1986,275000.0,train
Brighton Beach Memoirs,1986-12-25,1986,11957943.0,train
Willy/Milly,1986-11-14,1986,277405.0,train
Ginger and Fred,1986-03-28,1986,837623.0,train
'Round Midnight,1986-10-03,1986,3272593.0,train
Violets Are Blue...,1986-04-25,1986,4743287.0,train
Tai-Pan,1986-11-07,1986,4007250.0,train
My Little Pony: The Movie,1986-06-06,1986,5958456.0,train
Playing for Keeps,1986-10-03,1986,2669366.0,train
"'night, Mother",1987-01-29,1986,441863.0,train
Jake Speed,1986-05-30,1986,1943751.0,train
The Naked Cage,1986-03-07,1986,3136701.0,train
Blue City,1986-05-02,1986,6947787.0,train
That's Life!,1986-10-10,1986,4079895.0,train
Sky Bandits,1986-10-31,1986,2295500.0,train
Ménage,1986-10-01,1986,925952.0,train
Dream Lover,1986-04-02,1986,502237.0,train
Dangerously Close,1986-05-09,1986,2390525.0,train
The Whistle Blower,1987-07-10,1986,1500000.0,train
Care Bears Movie II: A New Generation,1986-03-21,1986,8540346.0,train
Knights of the City,1986-02-14,1986,601451.0,train
Born American,1986-12-19,1986,3388020.0,train
Desert Bloom,1986-04-18,1986,416393.0,train
Touch and Go,1986-08-22,1986,1254040.0,train
Nutcracker,1986-11-26,1986,781727.0,train
Just Between Friends,1986-03-21,1986,6408791.0,train
Oviri,1986-09-05,1986,583800.0,train
P.O.W. the Escape,1986-04-04,1986,2497233.0,train
Duet for One,,1986,8736.0,train
Bullies,1986-08-29,1986,2995527.0,train
Native Son,1986-12-12,1986,1301121.0,train
The Assault,1986-02-06,1986,512403.0,train
Nobody's Fool,1986-11-07,1986,563358.0,train
The Princess Bride,1987-10-09,1987,30902642.0,train
The Lost Boys,1987-07-31,1987,32388898.0,train
Full Metal Jacket,1987-07-10,1987,46357676.0,train
Predator,1987-06-12,1987,98268458.0,train
RoboCop,1987-07-17,1987,53424681.0,train
Dirty Dancing,1987-08-21,1987,214577242.0,train
Adventures in Babysitting,1987-07-03,1987,34368475.0,train
The Untouchables,1987-06-03,1987,76270454.0,train
Spaceballs,1987-06-24,1987,38119483.0,train
Raising Arizona,1987-04-17,1987,29180280.0,train
Lethal Weapon,1987-03-06,1987,120207127.0,train
Near Dark,1988-01-08,1987,3369307.0,train
Mannequin,1987-02-13,1987,42721196.0,train
Masters of the Universe,1987-08-07,1987,17336370.0,train
Fatal Attraction,1987-09-18,1987,320145693.0,train
Hellraiser,1987-09-18,1987,14575193.0,train
Empire of the Sun,1987-12-25,1987,22238696.0,train
No Way Out,1987-08-14,1987,35509515.0,train
The Witches of Eastwick,1987-06-12,1987,63766510.0,train
Some Kind of Wonderful,1987-02-27,1987,18553948.0,train
The Running Man,1987-11-13,1987,38122105.0,train
Black Widow,1987-02-06,1987,25205460.0,train
Angel Heart,1987-03-06,1987,17186348.0,train
Moonstruck,1988-01-15,1987,80642217.0,train
Jaws: the Revenge,1987-07-17,1987,51881013.0,train
Wall Street,1987-12-11,1987,43848069.0,train
"Good Morning, Vietnam",1988-01-15,1987,123922370.0,train
A Nightmare on Elm Street 3: Dream Warriors,1987-02-27,1987,44793222.0,train
"Planes, Trains & Automobiles",1987-11-25,1987,49530280.0,train
Can't Buy Me Love,1987-08-14,1987,31623833.0,train
Overboard,1987-12-16,1987,26713187.0,train
Beverly Hills Cop II,1987-05-20,1987,299965036.0,train
Superman IV: The Quest for Peace,1987-07-24,1987,15681020.0,train
The Secret of My Success,1987-04-10,1987,110996879.0,train
Withnail & I,1987-06-19,1987,1628359.0,train
Evil Dead II,1987-03-13,1987,5923798.0,train
Summer School,1987-07-22,1987,35659098.0,train
Innerspace,1987-07-01,1987,25893810.0,train
The Living Daylights,1987-07-31,1987,51186259.0,train
Over the Top,1987-02-13,1987,16057580.0,train
The Last Emperor,1988-04-15,1987,43993869.0,train
Less Than Zero,1987-11-06,1987,12396383.0,train
Three Men and a Baby,1987-11-25,1987,167780960.0,train
La Bamba,1987-07-24,1987,54215416.0,train
Revenge of the Nerds II: Nerds in Paradise,1987-07-10,1987,30063289.0,train
The Monster Squad,1987-08-14,1987,3769990.0,train
Prince of Darkness,1987-10-23,1987,14182492.0,train
Wings of Desire,1988-05-06,1987,3404057.0,train
Maurice,1987-09-18,1987,2642567.0,train
Broadcast News,1987-12-25,1987,67331309.0,train
Harry and the Hendersons,1987-06-05,1987,49998613.0,train
Creepshow 2,1987-05-01,1987,14000000.0,train
Police Academy 4: Citizens on Patrol,1987-04-03,1987,28061343.0,train
The Stepfather,1987-06-05,1987,2488740.0,train
My Best Friend Is a Vampire,1988-05-06,1987,174380.0,train
Flowers in the Attic,1987-11-20,1987,15151736.0,train
*batteries not included,1987-12-18,1987,65088797.0,train
Roxanne,1987-06-19,1987,40050884.0,train
Dragnet,1987-06-26,1987,66673516.0,train
Throw Momma from the Train,1987-12-11,1987,57915972.0,train
Amazon Women on the Moon,1987-09-18,1987,548696.0,train
Teen Wolf Too,1987-11-20,1987,7888703.0,train
Baby Boom,1987-10-30,1987,26712476.0,train
84 Charing Cross Road,1987-02-13,1987,1083486.0,train
The Gate,1987-05-15,1987,13539458.0,train
Ernest Goes to Camp,1987-05-22,1987,23509382.0,train
Aria,1987-09-15,1987,1028679.0,train
Hamburger Hill,1987-08-28,1987,13839404.0,train
The Hidden,1987-10-30,1987,9747988.0,train
The Bedroom Window,1987-01-16,1987,12640385.0,train
Barfly,1987-10-16,1987,3221568.0,train
Maid to Order,1987-07-31,1987,9868521.0,train
Blind Date,1987-03-27,1987,39337581.0,train
Au Revoir les Enfants,1988-02-12,1987,4575613.0,train
"Rita, Sue and Bob Too",1987-05-29,1987,124167.0,train
Hope and Glory,1988-02-19,1987,10021120.0,train
No Man's Land,1987-10-23,1987,2877571.0,train
Ishtar,1987-05-15,1987,14375181.0,train
Tough Guys Don't Dance,1987-09-18,1987,858250.0,train
Stakeout,1987-08-05,1987,65673233.0,train
Babette's Feast,1988-03-04,1987,4637920.0,train
The Garbage Pail Kids Movie,1987-08-22,1987,1576615.0,train
Radio Days,1987-01-30,1987,14792779.0,train
Bagdad Cafe,1988-04-22,1987,3731829.0,train
Project X,1987-04-17,1987,21589395.0,train
Three O'Clock High,1987-10-09,1987,3685862.0,train
The Barbarians,1987-03-20,1987,800000.0,train
North Shore,1987-08-14,1987,3832228.0,train
The Believers,1987-06-10,1987,18753438.0,train
House II: the Second Story,1987-08-28,1987,7800000.0,train
Death Wish 4: The Crackdown,1987-11-06,1987,6880310.0,train
House of Games,1987-10-14,1987,2585639.0,train
Cry Freedom,1987-11-06,1987,5899797.0,train
Man on Fire,1987-09-04,1987,519596.0,train
Assassination,1987-01-09,1987,6075793.0,train
The Pick-up Artist,1987-09-18,1987,13290368.0,train
Back to the Beach,1987-08-07,1987,13110903.0,train
Someone to Watch Over Me,1987-10-09,1987,10278549.0,train
Born in East L.A.,1987-08-21,1987,17355263.0,train
Ironweed,1988-02-12,1987,7393346.0,train
Who's That Girl,1987-08-07,1987,7305209.0,train
Extreme Prejudice,1987-04-24,1987,11307844.0,train
Matewan,1987-08-28,1987,1680358.0,train
Pelle the Conqueror,1988-12-21,1987,2063688.0,train
Suspect,1987-10-23,1987,18782400.0,train
The Fourth Protocol,1987-08-28,1987,12423831.0,train
The Chipmunk Adventure,1987-05-22,1987,6804312.0,train
The Allnighter,1987-05-01,1987,2700000.0,train
Prom Night II,1987-10-16,1987,2683519.0,train
Hiding Out,1987-11-06,1987,7019441.0,train
White Water Summer,1987-07-10,1987,300859.0,train
Made in Heaven,1987-11-06,1987,4572845.0,train
Best Seller,1987-09-25,1987,4278150.0,train
Date with an Angel,1987-11-20,1987,1988962.0,train
Hunk,1987-03-06,1987,1749956.0,train
Real Men,1987-09-25,1987,873903.0,train
Critical Condition,1987-01-16,1987,20240502.0,train
Outrageous Fortune,1987-01-30,1987,52864741.0,train
Like Father Like Son,1987-10-02,1987,34377585.0,train
Steel Dawn,1988-03-31,1987,562187.0,train
Tin Men,1987-03-13,1987,25411386.0,train
The Big Town,1987-09-25,1987,1733017.0,train
Light of Day,1987-02-06,1987,10489617.0,train
Prison,1987-12-08,1987,345704.0,train
Wish You Were Here,1987-07-24,1987,3283832.0,train
Gandahar,1989-09-20,1987,370698.0,train
Street Smart,1987-03-20,1987,1119112.0,train
The Curse,1988-09-14,1987,1930001.0,train
The House on Carroll Street,,1987,459824.0,train
The Whales of August,1987-08-19,1987,1338198.0,train
Prick Up Your Ears,1987-05-08,1987,1672927.0,train
The Principal,1987-09-18,1987,19734940.0,train
American Ninja 2: The Confrontation,1987-05-01,1987,4000000.0,train
Housekeeping,1988-02-05,1987,1083282.0,train
A Prayer for the Dying,1987-09-11,1987,1432687.0,train
Slam Dance,1987-10-02,1987,406881.0,train
Rampage,1992-10-30,1987,796368.0,train
The Sicilian,1987-10-23,1987,5406879.0,train
The Outing,1987-11-21,1987,1083395.0,train
Nightflyers,1988-04-07,1987,1149470.0,train
Fatal Beauty,1987-10-30,1987,12046526.0,train
Siesta,1987-11-11,1987,700000.0,train
Leonard Part 6,1987-12-18,1987,4615255.0,train
Boyfriends and Girlfriends,1988-07-15,1987,824024.0,train
White Mischief,1988-05-06,1987,3107551.0,train
Hot Pursuit,1987-05-08,1987,4215849.0,train
Hollywood Shuffle,1987-03-20,1987,5228617.0,train
The Dead,1987-12-18,1987,4370078.0,train
Gardens of Stone,1987-05-08,1987,5262047.0,train
Nuts,1987-12-11,1987,30950002.0,train
Four Adventures of Reinette and Mirabelle,1989-07-19,1987,22039.0,train
Cross My Heart,1987-11-13,1987,1025762.0,train
Malone,1987-05-01,1987,3060858.0,train
Making Mr. Right,1987-04-03,1987,1584970.0,train
Return to Horror High,1987-02-20,1987,1189709.0,train
Straight to Hell,1987-06-26,1987,210200.0,train
Hello Again,1987-11-06,1987,20419446.0,train
Promised Land,1988-01-22,1987,316199.0,train
Dead of Winter,1987-02-06,1987,2413427.0,train
My Demon Lover,1987-04-24,1987,3922273.0,train
China Girl,1987-09-25,1987,1262091.0,train
Five Corners,,1987,969205.0,train
The Squeeze,1987-07-10,1987,2228951.0,train
Nadine,1987-08-07,1987,5669831.0,train
Personal Services,1987-05-15,1987,1744164.0,train
Three for the Road,1987-07-24,1987,1539000.0,train
Little Dorrit,1988-10-21,1987,1025228.0,train
The Year My Voice Broke,1987-10-17,1987,213901.0,train
Pass the Ammo,1988-03-04,1987,169785.0,train
In the Mood,1987-09-16,1987,999382.0,train
Surrender,1987-10-09,1987,5711976.0,train
Intervista,1992-11-06,1987,138608.0,train
Square Dance,1988-01-09,1987,225358.0,train
A Man in Love,,1987,949451.0,train
Disorderlies,1987-08-14,1987,10348437.0,train
September,1987-12-18,1987,486434.0,train
Oci ciornie,1987-11-06,1987,2201428.0,train
Burglar,1987-03-20,1987,16337355.0,train
The Kindred,1987-01-30,1987,2407024.0,train
Julia and Julia,1988-02-05,1987,901364.0,train
Russkies,1987-11-06,1987,2189047.0,train
"Sister, Sister",1988-02-09,1987,743445.0,train
From the Hip,1987-02-06,1987,9518342.0,train
Death Before Dishonor,1987-02-20,1987,4546244.0,train
Cold Steel,1988-04-09,1987,285885.0,train
Million Dollar Mystery,1987-06-12,1987,989033.0,train
The Glass Menagerie,1987-05-27,1987,895904.0,train
Anna,1987-11-28,1987,1236848.0,train
Die Hard,1988-07-20,1988,141603197.0,train
Midnight Run,1988-07-20,1988,81613606.0,train
Beetlejuice,1988-03-30,1988,74270074.0,train
Big,1988-06-03,1988,151927281.0,train
Rain Man,1988-12-16,1988,354825435.0,train
Running on Empty,1988-09-09,1988,2847941.0,train
They Live,1988-11-04,1988,13008928.0,train
Willow,1988-05-20,1988,57269863.0,train
Crocodile Dundee II,1988-05-25,1988,239606210.0,train
Heathers,1989-03-31,1988,1163969.0,train
Coming to America,1988-06-29,1988,288752301.0,train
Who Framed Roger Rabbit,1988-06-22,1988,329803958.0,train
Mystic Pizza,1988-10-21,1988,12793213.0,train
Akira,1988-07-16,1988,2562351.0,train
Cinema Paradiso,1990-02-23,1988,13019063.0,train
Mississippi Burning,1989-01-27,1988,34603943.0,train
Child's Play,1988-11-09,1988,44196684.0,train
Twins,1988-12-09,1988,216614388.0,train
The Naked Gun: from the Files of Police Squad!,1988-12-02,1988,78756177.0,train
The Great Outdoors,1988-06-17,1988,43455230.0,train
Cocktail,1988-07-29,1988,171504781.0,train
My Neighbor Totoro,1990-07-13,1988,30550920.0,train
Young Guns,1988-08-12,1988,45661556.0,train
A Fish Called Wanda,1988-07-29,1988,62493712.0,train
Working Girl,1988-12-21,1988,102953112.0,train
Bloodsport,1988-04-29,1988,11806119.0,train
The Last Temptation of Christ,1988-08-12,1988,8865702.0,train
Married to the Mob,1988-08-19,1988,21486757.0,train
The Land Before Time,1988-11-18,1988,84460846.0,train
Rambo III,1988-05-25,1988,189015611.0,train
The Accused,1988-10-14,1988,32078318.0,train
Dangerous Liaisons,1989-02-24,1988,34670720.0,train
Earth Girls Are Easy,1989-05-12,1988,3916303.0,train
Hairspray,1988-02-26,1988,6673032.0,train
Dead Ringers,1988-09-23,1988,8038508.0,train
Bull Durham,1988-06-15,1988,50888729.0,train
The Big Blue,1988-08-19,1988,3975244.0,train
The Unbearable Lightness of Being,1988-02-05,1988,10006806.0,train
The Blob,1988-08-05,1988,8247943.0,train
Oliver & Company,1988-11-18,1988,74151346.0,train
Two Moon Junction,1988-04-29,1988,1547397.0,train
Beaches,1989-01-13,1988,57041866.0,train
Red Heat,1988-06-17,1988,34994648.0,train
A Nightmare on Elm Street 4: The Dream Master,1988-08-19,1988,49369899.0,train
The Accidental Tourist,1989-01-06,1988,32632093.0,train
The Adventures of Baron Munchausen,1989-03-10,1988,8083123.0,train
Halloween 4: The Return of Michael Myers,1988-10-21,1988,17768757.0,train
Elvira: Mistress of the Dark,1988-09-30,1988,5596267.0,train
Mac and Me,1988-08-12,1988,6424112.0,train
Above the Law,1988-04-22,1988,18869631.0,train
Scrooged,1988-11-23,1988,60329001.0,train
The Dead Pool,1988-07-13,1988,37903295.0,train
I'm Gonna Git You Sucka,1989-01-11,1988,13030057.0,train
Pumpkinhead,1989-01-13,1988,4385516.0,train
Dirty Rotten Scoundrels,1988-12-14,1988,42039085.0,train
Friday the 13th Part VII: the New Blood,1988-05-13,1988,19170001.0,train
License to Drive,1988-07-06,1988,22433275.0,train
Hellbound: Hellraiser II,1988-12-23,1988,12090735.0,train
Frantic,1988-02-26,1988,17637950.0,train
Colors,1988-04-29,1988,46616067.0,train
My Stepmother Is an Alien,1988-12-09,1988,13854000.0,train
A Cry in the Dark,1988-11-11,1988,6908797.0,train
The Lair of the White Worm,1988-10-21,1988,1189315.0,train
High Spirits,1988-11-18,1988,8578231.0,train
Vampire's Kiss,1989-06-16,1988,725131.0,train
Return of the Living Dead II,1988-01-15,1988,9205924.0,train
The New Adventures of Pippi Longstocking,1988-07-29,1988,3569939.0,train
Eight Men Out,1989-06-29,1988,5680515.0,train
Stand and Deliver,1988-03-11,1988,13994920.0,train
Maniac Cop,1988-05-13,1988,671382.0,train
Women on the Verge of a Nervous Breakdown,1988-11-11,1988,7263129.0,train
She's Having a Baby,1988-02-05,1988,16031707.0,train
Police Academy 5: Assignment: Miami Beach,1988-03-18,1988,19510371.0,train
Tequila Sunrise,1988-12-02,1988,41292551.0,train
Night of the Demons,1988-10-14,1988,3109904.0,train
Biloxi Blues,1988-03-25,1988,51684798.0,train
Shag,1989-07-21,1988,6957975.0,train
Cocoon: the Return,1988-11-23,1988,25024919.0,train
Poltergeist III,1988-06-10,1988,14114488.0,train
Waxwork,1988-06-17,1988,808114.0,train
Funny Farm,1988-06-03,1988,25537221.0,train
As Tears Go By,2008-05-02,1988,13133.0,train
Fright Night Part 2,1989-05-19,1988,2983784.0,train
Caddyshack II,1988-07-22,1988,11798302.0,train
School Daze,1988-02-12,1988,14545844.0,train
Johnny Be Good,1988-03-25,1988,17550399.0,train
Taffin,1988-02-26,1988,159969.0,train
Short Circuit 2,1988-07-06,1988,21630088.0,train
The Serpent and the Rainbow,1988-02-05,1988,19595031.0,train
A Night in the Life of Jimmy Reardon,1988-02-26,1988,6264058.0,train
The Presidio,1988-06-10,1988,20324096.0,train
Big Business,1988-06-10,1988,40150487.0,train
Monkey Shines,1988-07-29,1988,5344577.0,train
The Seventh Sign,1988-04-01,1988,18875011.0,train
Masquerade,1988-03-11,1988,15855828.0,train
Phantasm II,1988-07-08,1988,7282851.0,train
Tucker: The Man and His Dream,1988-08-12,1988,19652638.0,train
Action Jackson,1988-02-12,1988,20256975.0,train
"Bright Lights, Big City",1988-04-01,1988,16118077.0,train
Shoot to Kill,1988-02-12,1988,29300090.0,train
The Beast of War,1988-09-07,1988,161004.0,train
Lady in White,1988-04-22,1988,1705139.0,train
Gorillas in the Mist,1988-10-07,1988,61149479.0,train
Alien Nation,1988-10-07,1988,32155047.0,train
Betrayed,1988-08-26,1988,25816139.0,train
Miracle Mile,1989-05-19,1988,1145404.0,train
Buster,1988-11-23,1988,540000.0,train
Big Top Pee-wee,1988-07-22,1988,15122324.0,train
For Keeps?,1988-01-15,1988,17514553.0,train
Appointment with Death,1988-04-27,1988,960040.0,train
Some Girls,1988-09-09,1988,401421.0,train
Critters 2,1988-04-29,1988,3813293.0,train
Dead Heat,1988-05-06,1988,3588626.0,train
Talk Radio,1989-01-13,1988,3468572.0,train
Satisfaction,1988-02-12,1988,8253123.0,train
The Bear,1989-10-27,1988,31753898.0,train
The Milagro Beanfield War,1988-03-18,1988,13825794.0,train
18 Again!,1988-04-08,1988,2567099.0,train
Vice Versa,1988-03-11,1988,13664060.0,train
Fresh Horses,1988-11-18,1988,6640346.0,train
Bat*21,1988-10-21,1988,3966256.0,train
Casual Sex?,1988-04-22,1988,12277096.0,train
Bird,1988-09-30,1988,2181286.0,train
Stealing Home,1988-08-26,1988,7467504.0,train
Salaam Bombay!,1988-10-07,1988,2080758.0,train
Young Einstein,1989-08-04,1988,11536599.0,train
Punchline,1988-10-07,1988,21042667.0,train
Return to Snowy River,1988-04-15,1988,13687027.0,train
Moving,1988-03-04,1988,10815378.0,train
And God Created Woman,1988-03-04,1988,717376.0,train
High Hopes,1989-05-25,1988,1192322.0,train
Little Nikita,1988-03-18,1988,1733070.0,train
Camille Claudel,1989-12-21,1988,3331297.0,train
Torch Song Trilogy,1988-12-14,1988,4870903.0,train
Vibes,1988-08-05,1988,1883811.0,train
D.O.A.,1988-03-18,1988,12706478.0,train
Braddock: Missing in Action III,1988-01-22,1988,6193901.0,train
Red Scorpion,1989-04-21,1988,4192440.0,train
Drowning by Numbers,,1988,424773.0,train
Watchers,1988-12-02,1988,940173.0,train
Rocket Gibraltar,1988-09-02,1988,187349.0,train
The Unholy,1988-04-22,1988,6337299.0,train
A New Life,1988-03-25,1988,7721852.0,train
1969,1988-11-18,1988,5979011.0,train
Arthur 2: on the Rocks,1988-07-08,1988,14681192.0,train
Messenger of Death,1988-09-17,1988,3074681.0,train
Memories of Me,1988-10-07,1988,3965604.0,train
Chocolat,,1988,2319801.0,train
The Couch Trip,1988-01-15,1988,11005304.0,train
Without a Clue,1988-10-21,1988,8539181.0,train
Bad Dreams,1988-04-08,1988,9797098.0,train
Another Woman,1988-11-18,1988,1562749.0,train
Paperhouse,1989-02-17,1988,241278.0,train
Sunset,1988-04-29,1988,4594452.0,train
Cop,1988-03-11,1988,1984315.0,train
Pulse,1988-03-04,1988,40397.0,train
Stormy Monday,,1988,1791328.0,train
Switching Channels,1988-03-04,1988,9129999.0,train
Miles from Home,1988-09-16,1988,188964.0,train
Clean and Sober,1988-08-10,1988,8674093.0,train
Crossing Delancey,1988-09-16,1988,16262415.0,train
Things Change,1988-10-21,1988,3527886.0,train
Kansas,1988-09-23,1988,2432536.0,train
Hot to Trot,1988-08-26,1988,6436211.0,train
Shakedown,1988-05-06,1988,10068039.0,train
976-EVIL,1989-03-24,1988,2955917.0,train
Pascali's Island,,1988,1451857.0,train
Everybody's All-American,1988-11-04,1988,12638294.0,train
Heartbreak Hotel,1988-09-30,1988,5509417.0,train
The Chocolate War,1988-11-18,1988,303624.0,train
It Takes Two,1988-07-13,1988,344375.0,train
Iron Eagle II,1988-11-11,1988,10497324.0,train
The Kiss,1988-10-14,1988,1869148.0,train
Spellbinder,1988-09-23,1988,657446.0,train
Patty Hearst,1988-09-23,1988,1223326.0,train
A Handful of Dust,1988-06-24,1988,1560700.0,train
Criminal Law,1989-04-28,1988,9974446.0,train
Platoon Leader,,1988,1348771.0,train
The Girl in a Swing,1989-09-29,1988,747013.0,train
Permanent Record,1988-04-22,1988,1893139.0,train
Hero and the Terror,1988-08-26,1988,5301200.0,train
Illegally Yours,1988-05-13,1988,259019.0,train
Track 29,1988-07-12,1988,429028.0,train
"Distant Voices, Still Lives",1988-11-16,1988,771745.0,train
Ernest Saves Christmas,1988-11-11,1988,28202109.0,train
Feds,1988-10-28,1988,3838793.0,train
Moon Over Parador,1988-09-09,1988,11444204.0,train
Off Limits,1988-03-11,1988,7242035.0,train
Tapeheads,1988-10-21,1988,343786.0,train
Apartment Zero,1989-09-15,1988,1267578.0,train
The Good Mother,1988-11-04,1988,4764606.0,train
Indiana Jones and the Last Crusade,1989-05-24,1989,474171806.0,train
Road House,1989-05-19,1989,30050028.0,train
Batman,1989-06-23,1989,411508343.0,train
Bill & Ted's Excellent Adventure,1989-02-17,1989,40508994.0,train
Field of Dreams,1989-05-05,1989,84431625.0,train
Dead Poets Society,1989-06-09,1989,235860116.0,train
The Little Mermaid,1989-11-17,1989,211343479.0,train
The Abyss,1989-08-09,1989,90000098.0,train
Back to the Future Part II,1989-11-22,1989,332500002.0,train
Do the Right Thing,1989-07-21,1989,37295445.0,train
"Honey, I Shrunk the Kids",1989-06-23,1989,222724172.0,train
Turner & Hooch,1989-07-28,1989,71079915.0,train
Weekend at Bernie's,1989-07-05,1989,30218387.0,train
The Karate Kid Part III,1989-06-30,1989,38956288.0,train
"Sex, Lies, and Videotape",1989-09-22,1989,24741667.0,train
When Harry Met Sally...,1989-07-21,1989,93232006.0,train
Major League,1989-04-07,1989,49797148.0,train
Steel Magnolias,1989-11-22,1989,96759512.0,train
Pet Sematary,1989-04-21,1989,57470138.0,train
Uncle Buck,1989-08-16,1989,79258538.0,train
Ghostbusters II,1989-06-16,1989,215394738.0,train
Tango & Cash,1989-12-22,1989,63408614.0,train
Born on the Fourth of July,1990-01-05,1989,161001698.0,train
Glory,1990-02-16,1989,26979166.0,train
Parenthood,1989-08-02,1989,126297830.0,train
Lethal Weapon 2,1989-07-07,1989,227853986.0,train
National Lampoon's Christmas Vacation,1989-12-01,1989,73594646.0,train
The 'Burbs,1989-02-17,1989,49101993.0,train
Say Anything,1989-04-14,1989,21515196.0,train
License to Kill,1989-07-14,1989,156167015.0,train
Shirley Valentine,1989-08-30,1989,6056912.0,train
Harlem Nights,1989-11-17,1989,60864870.0,train
Lock Up,1989-08-04,1989,22099847.0,train
"The Cook, the Thief, His Wife & Her Lover",1990-04-06,1989,7724701.0,train
Warlock,1991-01-11,1989,9094451.0,train
"See No Evil, Hear No Evil",1989-05-12,1989,46908987.0,train
Casualties of War,1989-08-18,1989,18671317.0,train
The Package,1989-08-25,1989,10647219.0,train
My Left Foot,1990-03-30,1989,14743391.0,train
The War of the Roses,1989-12-08,1989,160188546.0,train
Wild Orchid,1990-04-27,1989,11060485.0,train
Little Monsters,1989-08-25,1989,793775.0,train
The Wizard,1989-12-15,1989,14278900.0,train
UHF,1989-07-21,1989,6157157.0,train
Look Who's Talking,1989-10-13,1989,296999813.0,train
Star Trek V: The Final Frontier,1989-06-09,1989,52210049.0,train
Tie Me Up! Tie Me Down!,1990-01-22,1989,4088140.0,train
All Dogs Go to Heaven,1989-11-17,1989,27100027.0,train
Cyborg,1989-04-07,1989,10166459.0,train
Always,1989-12-22,1989,74134790.0,train
Leviathan,1989-03-17,1989,15704614.0,train
Best of the Best,1989-11-10,1989,1700000.0,train
Dead Calm,1989-04-07,1989,7825009.0,train
Kickboxer,1989-09-08,1989,14697005.0,train
Black Rain,1989-09-22,1989,134212055.0,train
Troop Beverly Hills,1989-03-24,1989,8508843.0,train
Driving Miss Daisy,1990-01-26,1989,145793296.0,train
Drugstore Cowboy,1989-10-20,1989,4729352.0,train
A Nightmare on Elm Street 5: The Dream Child,1989-08-11,1989,22168359.0,train
Dream a Little Dream,1989-03-03,1989,5552441.0,train
Halloween 5: The Revenge of Michael Myers,1989-10-13,1989,11642254.0,train
DeepStar Six,1989-01-13,1989,8143225.0,train
Sea of Love,1989-09-15,1989,110879513.0,train
Skin Deep,1989-03-03,1989,19674852.0,train
K-9,1989-04-28,1989,78247647.0,train
Lean on Me,1989-03-03,1989,31906454.0,train
Henry V,1989-11-08,1989,10161099.0,train
She's Out of Control,1989-04-14,1989,12065892.0,train
Friday the 13th Part VIII: Jason Takes Manhattan,1989-07-28,1989,14343976.0,train
Teen Witch,1989-04-28,1989,27843.0,train
Valmont,1989-11-17,1989,1132112.0,train
Scandal,1989-04-28,1989,8800000.0,train
The Fabulous Baker Boys,1989-10-13,1989,18428904.0,train
Shocker,1989-10-27,1989,16554699.0,train
Next of Kin,1989-10-20,1989,15942628.0,train
The Fly II,1989-02-10,1989,38903179.0,train
She-Devil,1989-12-08,1989,15351421.0,train
Mystery Train,1989-11-17,1989,1544973.0,train
Blaze,1989-12-13,1989,19131246.0,train
The Rainbow,1989-05-26,1989,444055.0,train
Gleaming the Cube,1989-01-13,1989,2777280.0,train
Fletch Lives,1989-03-17,1989,39450960.0,train
Communion,1989-11-10,1989,1919653.0,train
Erik the Viking,1989-09-22,1989,1932642.0,train
Crimes and Misdemeanors,1989-11-03,1989,18254702.0,train
An Innocent Man,1989-10-06,1989,20047604.0,train
Let It Ride,1989-08-18,1989,4973285.0,train
Loverboy,1989-04-28,1989,3960327.0,train
Kill Me Again,1989-10-27,1989,283694.0,train
The Gods Must Be Crazy II,1990-04-13,1989,6291444.0,train
Millennium,1989-08-25,1989,5777099.0,train
Chances Are,1989-03-10,1989,16278590.0,train
The Dream Team,1989-04-07,1989,28890240.0,train
Last Exit to Brooklyn,1990-05-04,1989,1730005.0,train
Little Nemo: Adventures in Slumberland,1992-08-21,1989,1368000.0,train
Kinjite: Forbidden Subjects,1989-02-03,1989,3416846.0,train
Great Balls of Fire!,1989-06-30,1989,13741060.0,train
New York Stories,1989-03-10,1989,10763469.0,train
Cousins,1989-02-10,1989,22026369.0,train
Blind Fury,1990-03-16,1989,2692037.0,train
The Return of Swamp Thing,1989-05-12,1989,192816.0,train
The January Man,1989-01-13,1989,4611062.0,train
We're No Angels,1989-12-15,1989,10555348.0,train
Johnny Handsome,1989-09-29,1989,7237794.0,train
Who's Harry Crumb?,1989-02-03,1989,10982364.0,train
The Mighty Quinn,1989-02-17,1989,4557214.0,train
Fat Man and Little Boy,1989-10-20,1989,3563162.0,train
Police Academy 6: City Under Siege,1989-03-10,1989,11567217.0,train
Her Alibi,1989-02-03,1989,18699037.0,train
The Blood of Heroes,1990-02-23,1989,882290.0,train
Pink Cadillac,1989-05-26,1989,12143484.0,train
Three Fugitives,1989-01-27,1989,40586886.0,train
Robot Jox,1990-11-21,1989,1272977.0,train
No Holds Barred,1989-06-02,1989,16093651.0,train
Family Business,1989-12-15,1989,12195695.0,train
Chattahoochee,1990-04-20,1989,259486.0,train
Stepfather II: Make Room for Daddy,1989-11-03,1989,1519796.0,train
Eddie and the Cruisers II: Eddie Lives!,1989-08-18,1989,536508.0,train
The Big Picture,1989-12-15,1989,117463.0,train
Parents,1989-01-27,1989,870532.0,train
Jacknife,1989-03-10,1989,2049769.0,train
Dad,1989-11-10,1989,27503037.0,train
Speed Zone,1989-04-21,1989,3077361.0,train
How to Get Ahead in Advertising,1990-03-29,1989,418053.0,train
Lisa,1989-10-20,1989,4347648.0,train
Out Cold,1989-03-03,1989,294266.0,train
Longtime Companion,1990-05-01,1989,4609953.0,train
Happily Ever After,1993-05-28,1989,3299382.0,train
Heart of Dixie,1989-08-25,1989,1097333.0,train
Tap,1989-02-10,1989,9114702.0,train
A Dry White Season,1989-09-20,1989,3766879.0,train
The Phantom of the Opera,1989-11-03,1989,3953745.0,train
The Experts,1989-01-13,1989,169203.0,train
Triumph of the Spirit,1989-12-23,1989,408839.0,train
True Believer,1989-02-17,1989,8742750.0,train
The Horror Show,1989-04-28,1989,1738897.0,train
The Tall Guy,1990-09-21,1989,510712.0,train
The Toxic Avenger Part II,1989-02-24,1989,792966.0,train
Dead Bang,1989-03-24,1989,8125592.0,train
Music Box,1990-01-19,1989,6263883.0,train
Gross Anatomy,1989-10-20,1989,11604598.0,train
Renegades,1989-06-02,1989,9015164.0,train
Sing,1989-03-31,1989,2260616.0,train
Sweetie,1989-09-28,1989,938562.0,train
Listen to Me,1989-05-05,1989,4299023.0,train
Miss Firecracker,1990-01-19,1989,1852655.0,train
The Rachel Papers,1989-05-12,1989,201468.0,train
Wired,1989-08-25,1989,1089000.0,train
Lost Angels,1989-05-05,1989,1247946.0,train
Jesus of Montreal,1990-05-25,1989,1601612.0,train
Rooftops,1989-03-17,1989,2043889.0,train
After Midnight,1989-11-03,1989,76325.0,train
Disorganized Crime,1989-04-14,1989,7723506.0,train
Slaves of New York,,1989,463972.0,train
Scenes from the Class Struggle in Beverly Hills,,1989,2156471.0,train
The Terror Within,1989-01-20,1989,858591.0,train
Farewell to the King,1989-03-03,1989,2420917.0,train
See You in the Morning,1989-04-21,1989,4795009.0,train
Immediate Family,1989-10-27,1989,5932613.0,train
In Country,1989-09-29,1989,3531971.0,train
Winter People,1989-04-14,1989,2023282.0,train
"Enemies, A Love Story",1989-12-13,1989,7754571.0,train
American Ninja 3: Blood Hunt,1989-02-24,1989,902152.0,train
Physical Evidence,1989-01-27,1989,3560932.0,train
Worth Winning,1989-10-27,1989,3690328.0,train
Brenda Starr,1992-04-15,1989,67878.0,train
How I Got Into College,1989-05-19,1989,1642239.0,train
Old Gringo,1989-10-06,1989,3574256.0,train
Relentless,1989-08-30,1989,6985999.0,train
Cheetah,1989-08-18,1989,8153677.0,train
Monsieur Hire,,1989,1417030.0,train
Prancer,1989-11-17,1989,18587135.0,train
Too Beautiful for You,,1989,1776440.0,train
Getting It Right,1989-05-05,1989,960385.0,train
Rude Awakening,1989-08-16,1989,3169719.0,train
Cookie,1989-08-23,1989,1869417.0,train
Bloodhounds of Broadway,1989-11-03,1989,43671.0,train
The Toxic Avenger Part III: The Last Temptation of Toxie,1989-11-24,1989,363561.0,train
Staying Together,1989-11-10,1989,4348025.0,train
Martians Go Home,1990-04-20,1989,129778.0,train
Night Game,1989-09-15,1989,337812.0,train
Romero,1989-08-25,1989,1316495.0,train
Rosalie Goes Shopping,,1989,574080.0,train
True Love,1989-09-15,1989,1354268.0,train
Second Sight,1989-11-03,1989,5368865.0,train
A Chorus of Disapproval,1989-11-03,1989,216373.0,train
The Lemon Sisters,1990-08-31,1989,3473905.0,train
Breaking In,1989-10-13,1989,1877618.0,train
Crack House,1989-11-10,1989,862551.0,train
Goodfellas,1990-09-21,1990,46963277.0,train
The Godfather: Part III,1990-12-25,1990,136861392.0,train
Total Recall,1990-06-01,1990,261317921.0,train
Pretty Woman,1990-03-23,1990,463406268.0,train
Home Alone,1990-11-16,1990,476684675.0,train
Ghost,1990-07-13,1990,505703557.0,train
Dances with Wolves,1990-11-21,1990,424208848.0,train
Tremors,1990-01-19,1990,16667084.0,train
Die Hard 2,1990-07-03,1990,240031274.0,train
Misery,1990-11-30,1990,61276872.0,train
Kindergarten Cop,1990-12-21,1990,201957688.0,train
The Bonfire of the Vanities,1990-12-21,1990,15691192.0,train
Teenage Mutant Ninja Turtles,1990-03-30,1990,201965915.0,train
Edward Scissorhands,1990-12-14,1990,86024005.0,train
The Hunt for Red October,1990-03-02,1990,200512643.0,train
Dick Tracy,1990-06-15,1990,162738726.0,train
Awakenings,1991-01-11,1990,52096475.0,train
The Handmaid's Tale,1990-03-09,1990,4960385.0,train
Wild at Heart,1990-08-17,1990,14561425.0,train
Predator 2,1990-11-21,1990,57120318.0,train
RoboCop 2,1990-06-22,1990,45681173.0,train
The Witches,1990-08-24,1990,10360553.0,train
Jacob's Ladder,1990-11-02,1990,26118851.0,train
Back to the Future Part III,1990-05-25,1990,245077583.0,train
Darkman,1990-08-24,1990,48878502.0,train
The Hot Spot,1990-10-26,1990,1293976.0,train
Cry-Baby,1990-04-06,1990,8266343.0,train
Presumed Innocent,1990-07-27,1990,221303188.0,train
Arachnophobia,1990-07-18,1990,53208180.0,train
Days of Thunder,1990-06-27,1990,157920733.0,train
King of New York,1991-01-05,1990,2554476.0,train
Gremlins 2: The New Batch,1990-06-15,1990,41482207.0,train
Rocky V,1990-11-16,1990,119946358.0,train
Young Guns II,1990-08-01,1990,44143410.0,train
Miller's Crossing,1990-10-05,1990,5080409.0,train
Revenge,1990-02-16,1990,15645616.0,train
Lord of the Flies,1990-03-16,1990,13985225.0,train
Nikita,,1990,5017971.0,train
Mermaids,1990-12-14,1990,35419397.0,train
Child's Play 2,1990-11-09,1990,35763605.0,train
Joe Versus the Volcano,1990-03-09,1990,39404261.0,train
Slacker,1991-07-05,1990,1228108.0,train
Flatliners,1990-08-10,1990,61489265.0,train
Days of Being Wild,1990-12-15,1990,3106052.0,train
The Exorcist III,1990-08-17,1990,39024251.0,train
Quigley Down Under,1990-10-19,1990,21413105.0,train
Nightbreed,1990-02-16,1990,8862354.0,train
The Two Jakes,1990-08-10,1990,10005969.0,train
Lionheart,1991-01-11,1990,24271196.0,train
Internal Affairs,1990-01-12,1990,27734391.0,train
Three Men and a Little Lady,1990-11-21,1990,71609321.0,train
Problem Child,1990-07-27,1990,72270891.0,train
The Grifters,1991-01-25,1990,13446769.0,train
My Blue Heaven,1990-08-17,1990,23591472.0,train
The Rescuers Down Under,1990-11-16,1990,27931461.0,train
House Party,1990-03-09,1990,26385627.0,train
Another 48 Hrs.,1990-06-08,1990,153518974.0,train
Night of the Living Dead,1990-10-19,1990,5835247.0,train
Pacific Heights,1990-09-28,1990,44926706.0,train
Postcards from the Edge,1990-09-14,1990,39071603.0,train
Henry & June,1990-10-05,1990,23472449.0,train
Hard to Kill,1990-02-09,1990,47410827.0,train
Pump Up the Volume,1990-08-22,1990,11541758.0,train
Hamlet,1991-01-18,1990,20710451.0,train
The NeverEnding Story II: The Next Chapter,1991-02-08,1990,17373527.0,train
Men at Work,1990-08-24,1990,16247964.0,train
Leatherface: Texas Chainsaw Massacre III,1990-01-12,1990,5765562.0,train
Reversal of Fortune,1990-11-09,1990,15445131.0,train
Frankenhooker,1990-06-01,1990,205068.0,train
State of Grace,1990-09-14,1990,1911542.0,train
Bird on a Wire,1990-05-18,1990,138697012.0,train
Memphis Belle,1990-10-12,1990,27441977.0,train
The Adventures of Ford Fairlane,1990-07-11,1990,21413502.0,train
Marked for Death,1990-10-05,1990,57968936.0,train
Slumber Party Massacre III,1990-09-07,1990,1242995.0,train
Dreams,1990-08-24,1990,2970161.0,train
Air America,1990-08-10,1990,33461269.0,train
I Love You to Death,1990-04-06,1990,16186793.0,train
Class of 1999,1990-05-11,1990,2459895.0,train
Death Warrant,1990-09-14,1990,16853487.0,train
White Palace,1990-10-26,1990,17487531.0,train
Quick Change,1990-07-13,1990,15260154.0,train
Hardware,1990-09-14,1990,5728953.0,train
Mr. Destiny,1990-10-12,1990,15379253.0,train
The Freshman,1990-07-27,1990,21460601.0,train
Blue Steel,1990-03-16,1990,8217997.0,train
The Krays,1990-11-09,1990,2060847.0,train
Navy Seals,1990-07-20,1990,25069101.0,train
Graveyard Shift,1990-10-26,1990,11582891.0,train
The Sheltering Sky,1990-12-12,1990,2075084.0,train
Dark Angel,1990-09-28,1990,4348368.0,train
The Comfort of Strangers,,1990,1244381.0,train
Mo' Better Blues,1990-08-03,1990,16153593.0,train
"Welcome Home, Roxy Carmichael",1990-10-12,1990,3989297.0,train
Bad Influence,1990-03-09,1990,12626043.0,train
Look Who's Talking Too,1990-12-14,1990,47789074.0,train
Rosencrantz & Guildenstern Are Dead,1991-02-08,1990,739104.0,train
Tales from the Darkside: The Movie,1990-05-04,1990,16324573.0,train
The Rookie,1990-12-07,1990,21633874.0,train
Green Card,1991-02-01,1990,29888235.0,train
Metropolitan,1990-08-03,1990,2960492.0,train
Europa Europa,1990-11-14,1990,5575738.0,train
Cyrano de Bergerac,1990-12-01,1990,5822041.0,train
Almost an Angel,1990-12-19,1990,6939946.0,train
Everybody Wins,1990-01-19,1990,1372350.0,train
Truly Madly Deeply,1991-05-24,1990,1554742.0,train
Havana,1990-12-14,1990,9645440.0,train
DuckTales the Movie: Treasure of the Lost Lamp,1990-08-03,1990,18115724.0,train
The Russia House,1990-12-21,1990,22997992.0,train
Life Is Sweet,,1990,1516414.0,train
Jetsons: The Movie,1990-07-06,1990,20305841.0,train
White Hunter Black Heart,1990-09-14,1990,2319124.0,train
Avalon,1990-10-19,1990,15779578.0,train
Narrow Margin,1990-09-21,1990,10873237.0,train
Cadillac Man,1990-05-18,1990,27627310.0,train
Taking Care of Business,1990-08-17,1990,20005435.0,train
Texasville,1990-09-28,1990,2268181.0,train
The Guardian,1990-04-27,1990,17037887.0,train
Repossessed,1990-09-14,1990,1382462.0,train
Fire Birds,1990-05-25,1990,14760451.0,train
Miami Blues,1990-04-20,1990,9888167.0,train
The Field,,1990,1494399.0,train
"After Dark, My Sweet",1990-08-24,1990,2678414.0,train
Alice,1991-01-10,1990,7331647.0,train
The First Power,1990-04-06,1990,22424195.0,train
Delta Force 2: the Colombian Connection,1990-08-24,1990,6698361.0,train
Desperate Hours,1990-10-05,1990,2742912.0,train
Ju Dou,,1990,1986433.0,train
Cadence,1991-02-15,1990,2070871.0,train
Brain Dead,1990-01-19,1990,1627955.0,train
The Hairdresser's Husband,1990-10-03,1990,1217084.0,train
Ernest Goes to Jail,1990-04-06,1990,25029569.0,train
A Cry in the Wild,1990-06-01,1990,1494969.0,train
The Long Walk Home,1991-04-12,1990,4873620.0,train
Mountains of the Moon,1990-02-23,1990,4011793.0,train
Two Evil Eyes,1991-10-25,1990,349618.0,train
Mr. & Mrs. Bridge,1991-01-18,1990,7698010.0,train
Trust,1991-09-20,1990,357400.0,train
Crazy People,1990-04-13,1990,13236513.0,train
A Shock to the System,1990-03-23,1990,3417056.0,train
The Boyfriend School,1990-09-21,1990,1171762.0,train
Roger Corman's Frankenstein Unbound,1990-11-02,1990,334748.0,train
Nuns on the Run,1990-03-30,1990,10959015.0,train
Q&A,1990-04-27,1990,11207891.0,train
An Angel at My Table,1990-09-20,1990,1055995.0,train
Stanley & Iris,1990-02-09,1990,5820015.0,train
Flashback,1990-02-02,1990,6488114.0,train
Men Don't Leave,1990-02-23,1990,6070725.0,train
Ski Patrol,1990-01-12,1990,8533973.0,train
Ghost Dad,1990-06-29,1990,25421633.0,train
Book of Love,1991-02-01,1990,1382259.0,train
Hidden Agenda,,1990,1232210.0,train
Everybody's Fine,1991-05-31,1990,1745470.0,train
Spaced Invaders,1990-04-27,1990,15369573.0,train
Meet the Applegates,1991-02-01,1990,485772.0,train
Betsy's Wedding,1990-06-22,1990,19740070.0,train
Def by Temptation,1990-05-11,1990,2218579.0,train
Heart Condition,1990-02-02,1990,4134992.0,train
My Father's Glory,,1990,1730856.0,train
Vincent & Theo,1990-11-16,1990,2231274.0,train
Streets,1990-01-19,1990,1510053.0,train
Stella,1990-02-02,1990,20240128.0,train
The Forbidden Dance,1990-03-16,1990,1823154.0,train
Loose Cannons,1990-02-09,1990,5585154.0,train
A Tale of Springtime,1990-04-04,1990,20554.0,train
To Sleep with Anger,1990-10-12,1990,1161135.0,train
Where the Heart Is,1990-02-23,1990,1106475.0,train
Love at Large,1990-03-09,1990,1436308.0,train
Downtown,1990-01-12,1990,2346150.0,train
Short Time,1990-05-04,1990,4010647.0,train
American Ninja 4: The Annihilation,1991-03-08,1990,358047.0,train
Gate 2: The Trespassers,1992-02-28,1990,2032973.0,train
Come See the Paradise,,1990,947306.0,train
The Garden,,1990,5006.0,train
Lambada,1990-03-16,1990,4263112.0,train
May Fools,,1990,1576702.0,train
The Last of the Finest,1990-03-09,1990,1531489.0,train
Opportunity Knocks,1990-03-30,1990,11359129.0,train
Funny About Love,1990-09-21,1990,8141292.0,train
Graffiti Bridge,1990-11-02,1990,4562778.0,train
Coupe de Ville,1990-03-09,1990,715983.0,train
Sibling Rivalry,1990-10-26,1990,17854933.0,train
Vital Signs,1990-04-13,1990,1224605.0,train
Body Chemistry,1990-03-09,1990,2415312.0,train
The Haunting of Morella,1990-02-09,1990,1547867.0,train
The Fourth War,1990-03-23,1990,1305887.0,train
Tune in Tomorrow...,1990-11-02,1990,1794001.0,train
Impulse,1990-04-06,1990,2544504.0,train
Crossing the Line,1990-08-31,1990,59227.0,train
Mindwalk,1991-12-20,1990,774048.0,train
The Nasty Girl,,1990,2293625.0,train
Terminator 2: Judgment Day,1991-07-03,1991,520881154.0,train
Point Break,1991-07-12,1991,83531958.0,train
The Silence of the Lambs,1991-02-14,1991,272742922.0,train
Hook,1991-12-11,1991,300854823.0,train
Boyz n the Hood,1991-07-12,1991,57529070.0,train
Cape Fear,1991-11-15,1991,182291969.0,train
Career Opportunities,1991-03-29,1991,11336986.0,train
The Addams Family,1991-11-22,1991,191502426.0,train
Thelma & Louise,1991-05-24,1991,45456285.0,train
Y Tu Mamá También,2001-06-08,1991,33616692.0,train
Robin Hood: Prince of Thieves,1991-06-14,1991,390493908.0,train
The Doors,1991-03-01,1991,34416893.0,train
Beauty and the Beast,1991-11-22,1991,424967620.0,train
Fried Green Tomatoes,1992-01-24,1991,119418501.0,train
JFK,1991-12-20,1991,205405498.0,train
The Rocketeer,1991-06-21,1991,46704056.0,train
My Girl,1991-11-27,1991,59489799.0,train
Backdraft,1991-05-24,1991,152368585.0,train
Bill & Ted's Bogus Journey,1991-07-19,1991,38039850.0,train
Father of the Bride,1991-12-20,1991,89325780.0,train
City Slickers,1991-06-07,1991,179033791.0,train
Don't Tell Mom the Babysitter's Dead,1991-06-07,1991,25196249.0,train
The Fisher King,1991-09-27,1991,41895491.0,train
Sleeping with the Enemy,1991-02-08,1991,174999005.0,train
The Beautiful Troublemaker,1991-09-04,1991,403056.0,train
Return to the Blue Lagoon,1991-08-02,1991,2807854.0,train
The Last Boy Scout,1991-12-13,1991,59509925.0,train
Star Trek VI: The Undiscovered Country,1991-12-06,1991,96888996.0,train
My Own Private Idaho,1991-07-20,1991,6401336.0,train
Drop Dead Fred,1991-05-24,1991,13878411.0,train
Hot Shots!,1991-07-31,1991,181096164.0,train
Hudson Hawk,1991-05-24,1991,17218080.0,train
The Prince of Tides,1991-12-25,1991,74787599.0,train
Barton Fink,1991-08-21,1991,6153939.0,train
Nothing But Trouble,1991-02-15,1991,8479793.0,train
What About Bob?,1991-05-17,1991,63707829.0,train
Naked Lunch,1992-04-24,1991,2641357.0,train
Teenage Mutant Ninja Turtles II: The Secret of the Ooze,1991-03-22,1991,78656813.0,train
The Naked Gun 2½: The Smell of Fear,1991-06-28,1991,86930411.0,train
Double Impact,1991-08-09,1991,30102717.0,train
The Commitments,1991-09-13,1991,14919570.0,train
The Man in the Moon,1991-10-04,1991,2853801.0,train
The Double Life of Véronique,1991-11-22,1991,2175939.0,train
New Jack City,1991-03-08,1991,47624353.0,train
Toy Soldiers,1991-04-26,1991,15073942.0,train
The People Under the Stairs,1991-11-01,1991,31347154.0,train
Regarding Henry,1991-07-10,1991,43001500.0,train
Bugsy,1991-12-20,1991,49114016.0,train
Doc Hollywood,1991-08-02,1991,54830779.0,train
Delicatessen,1992-04-03,1991,1794187.0,train
Night on Earth,1991-12-12,1991,2023808.0,train
Child's Play 3,1991-08-30,1991,20560255.0,train
Freddy's Dead: The Final Nightmare,1991-09-13,1991,34872033.0,train
Oscar,1991-04-26,1991,23562716.0,train
The Lovers on the Bridge,1999-07-02,1991,29679.0,train
Highlander II: The Quickening,1991-11-01,1991,15556340.0,train
Stone Cold,1991-05-17,1991,9151887.0,train
Wild Hearts Can't Be Broken,1991-05-24,1991,7294835.0,train
Showdown in Little Tokyo,1991-08-23,1991,2275557.0,train
Jungle Fever,1991-06-07,1991,43882682.0,train
Harley Davidson and the Marlboro Man,1991-08-23,1991,7434726.0,train
Not Without My Daughter,1991-01-11,1991,14789113.0,train
Defending Your Life,1991-04-05,1991,16371128.0,train
Flight of the Intruder,1991-01-18,1991,14587732.0,train
Problem Child 2,1991-07-03,1991,32704700.0,train
The Hard Way,1991-03-08,1991,65595485.0,train
Ricochet,1991-10-04,1991,21756163.0,train
L.A. Story,1991-02-08,1991,28862081.0,train
Rush,1992-01-17,1991,7241350.0,train
Dead Again,1991-08-30,1991,38016380.0,train
Out for Justice,1991-04-12,1991,39673161.0,train
Only Yesterday,2016-02-26,1991,545825.0,train
The Indian Runner,1991-09-20,1991,191125.0,train
An American Tail: Fievel Goes West,1991-11-22,1991,40766041.0,train
Life Stinks,1991-07-26,1991,4102526.0,train
Frankie and Johnny,1991-10-11,1991,22773535.0,train
Grand Canyon,1992-01-17,1991,40991329.0,train
Close My Eyes,1991-11-22,1991,135893.0,train
Homicide,1991-08-28,1991,2971661.0,train
Soapdish,1991-05-31,1991,36489888.0,train
Curly Sue,1991-10-25,1991,33691313.0,train
The Rapture,1991-10-04,1991,1277404.0,train
Mannequin: on the Move,1991-05-17,1991,3752428.0,train
Rock-A-Doodle,1992-04-03,1991,11657385.0,train
Necessary Roughness,1991-09-27,1991,26255594.0,train
Cool as Ice,1991-10-18,1991,1193062.0,train
Wild Orchid II: Two Shades of Blue,1992-05-08,1991,573904.0,train
Switch,1991-05-10,1991,15545943.0,train
White Fang,1991-01-18,1991,34793160.0,train
Until the End of the World,1991-12-25,1991,829625.0,train
Only the Lonely,1991-05-24,1991,25092802.0,train
Dutch,1991-07-19,1991,4603929.0,train
Shattered,1991-10-11,1991,11511031.0,train
Raise the Red Lantern,1991-12-18,1991,2603061.0,train
Suburban Commando,1991-10-04,1991,6948859.0,train
Popcorn,1991-02-01,1991,4205000.0,train
Mobsters,1991-07-26,1991,20246790.0,train
Operation Condor,1997-07-18,1991,10405394.0,train
If Looks Could Kill,1991-03-15,1991,7788597.0,train
The Butcher's Wife,1991-10-25,1991,9689816.0,train
Dying Young,1991-06-21,1991,82264675.0,train
Dogfight,1991-10-04,1991,394631.0,train
Whore,1991-10-18,1991,1008404.0,train
Hear My Song,,1991,4313473.0,train
Other People's Money,1991-10-18,1991,25682090.0,train
Delirious,1991-08-09,1991,5546827.0,train
Flirting,1992-11-14,1991,2415396.0,train
High Heels,1991-12-20,1991,1710057.0,train
Little Man Tate,1991-11-01,1991,25010896.0,train
Shadows and Fog,1992-03-20,1991,2735731.0,train
Shakes the Clown,1992-03-13,1991,115103.0,train
Black Robe,1991-10-04,1991,8211952.0,train
Billy Bathgate,1991-11-01,1991,15565363.0,train
Europa,1991-06-27,1991,1015007.0,train
The Doctor,1991-08-16,1991,38120905.0,train
Kafka,1991-11-15,1991,1059071.0,train
Johnny Suede,1992-04-22,1991,90091.0,train
Mystery Date,1991-08-16,1991,6166819.0,train
Ernest Scared Stupid,1991-10-11,1991,14143280.0,train
The Five Heartbeats,1991-03-29,1991,8750400.0,train
Mississippi Masala,1992-02-05,1991,7308786.0,train
The Marrying Man,1991-04-05,1991,12454768.0,train
"He Said, She Said",1991-02-22,1991,9804775.0,train
Poison,1991-08-16,1991,787280.0,train
King Ralph,1991-02-15,1991,52487045.0,train
Enchanted April,1992-12-25,1991,13200170.0,train
Mediterraneo,1991-01-31,1991,4532791.0,train
House Party 2,1991-10-23,1991,19438638.0,train
Deceived,1991-09-27,1991,28738096.0,train
The Perfect Weapon,1991-03-15,1991,14061361.0,train
Class Action,1991-03-15,1991,28277918.0,train
Under Suspicion,1992-02-28,1991,221295.0,train
Edward II,1991-10-18,1991,706131.0,train
The Princess and the Goblin,1994-06-03,1991,2105078.0,train
Rambling Rose,1991-09-20,1991,6266621.0,train
Big Girls Don't Cry... They Get Even,1992-05-08,1991,271327.0,train
K2,1992-05-01,1991,3106559.0,train
Prospero's Books,1991-08-30,1991,1750301.0,train
Pure Luck,1991-08-09,1991,24941969.0,train
F/X2,1991-05-10,1991,21082165.0,train
The Adjuster,,1991,396573.0,train
Mortal Thoughts,1991-04-19,1991,18784957.0,train
Another You,1991-07-26,1991,2865916.0,train
For the Boys,1991-11-27,1991,23202444.0,train
Beastmaster 2: Through the Portal of Time,1991-08-30,1991,869325.0,train
McBain,1991-09-20,1991,456127.0,train
Eve of Destruction,1991-01-18,1991,5451119.0,train
A Rage in Harlem,1991-05-03,1991,10438504.0,train
Rhapsody in August,1991-12-20,1991,516431.0,train
Kickboxer 2: the Road Back,1991-06-14,1991,1250712.0,train
V.I. Warshawski,1991-07-26,1991,11128309.0,train
The Super,1991-10-04,1991,11000863.0,train
Proof,1992-03-20,1991,524668.0,train
At Play in the Fields of the Lord,1991-12-06,1991,1345903.0,train
True Colors,1991-03-15,1991,418807.0,train
Impromptu,,1991,4076211.0,train
A Kiss Before Dying,1991-04-26,1991,15429177.0,train
Guilty by Suspicion,1991-03-15,1991,9480198.0,train
Scissors,1991-03-22,1991,2368.0,train
Where Angels Fear to Tread,1992-02-28,1991,1403033.0,train
Tous les matins du monde,1991-12-18,1991,3089497.0,train
The Hitman,1991-10-25,1991,4654288.0,train
Bingo,1991-08-09,1991,8667684.0,train
Queens Logic,1991-02-01,1991,612781.0,train
Body Parts,1991-08-02,1991,9188150.0,train
One Good Cop,1991-05-03,1991,11276846.0,train
Year of the Gun,1991-11-01,1991,1182273.0,train
Strictly Business,1991-11-08,1991,7683267.0,train
The Efficiency Expert,1992-11-06,1991,179469.0,train
All I Want for Christmas,1991-11-08,1991,14812144.0,train
29th Street,1991-11-01,1991,2120564.0,train
Shout,1991-10-04,1991,3547684.0,train
Daughters of the Dust,1991-12-27,1991,1689723.0,train
Once Around,1991-02-01,1991,14851083.0,train
Sólo con tu pareja,1992-12-25,1991,9915.0,train
The Taking of Beverly Hills,1991-10-11,1991,939277.0,train
Run,1991-02-01,1991,4409328.0,train
Paradise,1991-10-04,1991,18634643.0,train
Madame Bovary,1991-12-25,1991,1942423.0,train
Company Business,1991-09-06,1991,1501785.0,train
Talent for the Game,1991-06-28,1991,336396.0,train
City of Hope,1991-11-15,1991,1345015.0,train
Riff-Raff,1993-02-12,1991,295444.0,train
The Object of Beauty,1991-04-12,1991,5136759.0,train
Liebestraum,,1991,133645.0,train
Voyager,1992-01-31,1991,516517.0,train
Closet Land,1991-03-06,1991,259012.0,train
Crooked Hearts,1991-09-06,1991,30964.0,train
The Unborn,1991-03-29,1991,1159578.0,train
Van Gogh,1992-10-30,1991,193205.0,train
Late for Dinner,1991-09-20,1991,8906823.0,train
Lovers: A True Story,1991-04-12,1991,1407309.0,train
Johnny Stecchino,1991-10-24,1991,626057.0,train
Stepping Out,1991-10-11,1991,246000.0,train
The Inner Circle,1991-12-25,1991,93292.0,train
Defenseless,1991-08-23,1991,6413375.0,train
Reservoir Dogs,1992-09-02,1992,2913644.0,train
Basic Instinct,1992-03-20,1992,352927224.0,train
Candyman,1992-10-16,1992,25795897.0,train
My Cousin Vinny,1992-03-13,1992,64088552.0,train
The Last of the Mohicans,1992-09-25,1992,75505856.0,train
Dracula,1992-11-13,1992,215862692.0,train
Unforgiven,1992-08-07,1992,159157447.0,train
A Few Good Men,1992-12-11,1992,243240178.0,train
A League of Their Own,1992-07-01,1992,132440069.0,train
The Bodyguard,1992-11-25,1992,411006740.0,train
Scent of a Woman,1993-01-08,1992,134095253.0,train
Batman Returns,1992-06-19,1992,266892996.0,train
The Mighty Ducks,1992-10-02,1992,50752337.0,train
Aladdin,1992-11-25,1992,504050219.0,train
Sister Act,1992-05-29,1992,231605150.0,train
Alien 3,1992-05-22,1992,159814498.0,train
Death Becomes Her,1992-07-31,1992,149022650.0,train
Far and Away,1992-05-22,1992,137783840.0,train
The Crying Game,1993-02-19,1992,62548947.0,train
Howards End,1993-02-26,1992,26341736.0,train
Under Siege,1992-10-09,1992,156563139.0,train
Deep Cover,1992-04-15,1992,16639799.0,train
Single White Female,1992-08-14,1992,48017402.0,train
Cool World,1992-07-10,1992,14110589.0,train
Glengarry Glen Ross,1992-10-02,1992,10725228.0,train
Wayne's World,1992-02-14,1992,183097323.0,train
Army of Darkness,1993-02-19,1992,11502976.0,train
A River Runs Through It,1992-10-30,1992,43440294.0,train
Twin Peaks: Fire Walk with Me,1992-08-28,1992,4184990.0,train
Of Mice and Men,1992-10-02,1992,5471088.0,train
Beethoven,1992-04-03,1992,147214049.0,train
Universal Soldier,1992-07-10,1992,36299898.0,train
Buffy the Vampire Slayer,1992-07-31,1992,16624456.0,train
Sleepwalkers,1992-04-10,1992,30524763.0,train
Chaplin,1993-01-08,1992,9493259.0,train
The Lover,1992-10-30,1992,5013090.0,train
Home Alone 2: Lost in New York,1992-11-20,1992,358994850.0,train
The Hand That Rocks the Cradle,1992-01-10,1992,88036683.0,train
Newsies,1992-04-10,1992,2819485.0,train
Malcolm X,1992-11-18,1992,48169910.0,train
Patriot Games,1992-06-05,1992,178051587.0,train
Dead Alive,1993-02-12,1992,242623.0,train
Poison Ivy,1992-05-08,1992,1829804.0,train
Sneakers,1992-09-11,1992,105232691.0,train
The Lawnmower Man,1992-03-06,1992,32100816.0,train
The Player,1992-05-08,1992,21706101.0,train
Encino Man,1992-05-22,1992,40693477.0,train
White Men Can't Jump,1992-03-27,1992,90753806.0,train
Lethal Weapon 3,1992-05-15,1992,321731527.0,train
American Me,1992-03-13,1992,13086430.0,train
El Mariachi,1993-02-26,1992,2040920.0,train
Bitter Moon,1994-03-18,1992,1862805.0,train
Pet Sematary II,1992-08-28,1992,17092453.0,train
Bad Lieutenant,1992-12-17,1992,2038916.0,train
Singles,1992-09-18,1992,18471850.0,train
FernGully: The Last Rainforest,1992-04-10,1992,32710894.0,train
HouseSitter,1992-06-12,1992,94900635.0,train
School Ties,1992-09-18,1992,14715067.0,train
Hoffa,1992-12-25,1992,29302121.0,train
Juice,1992-01-17,1992,20146880.0,train
Damage,1993-01-22,1992,7532911.0,train
Forever Young,1992-12-16,1992,127956187.0,train
Man Bites Dog,1993-01-15,1992,205569.0,train
3 Ninjas,1992-08-07,1992,29000301.0,train
Hellraiser III: Hell on Earth,1992-09-11,1992,12534961.0,train
Body of Evidence,1993-01-15,1992,13273595.0,train
"Honey, I Blew Up the Kid",1992-07-17,1992,58662452.0,train
Captain Ron,1992-09-18,1992,22518097.0,train
The Cutting Edge,1992-03-27,1992,25105517.0,train
Passenger 57,1992-11-06,1992,44065653.0,train
Children of the Corn II: the Final Sacrifice,1993-01-29,1992,6980986.0,train
Ladybugs,1992-03-27,1992,14796494.0,train
Radio Flyer,1992-02-21,1992,4651977.0,train
Strictly Ballroom,1993-02-12,1992,11749595.0,train
Raising Cain,1992-08-07,1992,37170057.0,train
Orlando,1993-06-09,1992,5378172.0,train
Gladiator,1992-03-06,1992,9223441.0,train
Split Second,1992-05-01,1992,5430822.0,train
Tom and Jerry: The Movie,1993-07-30,1992,3560469.0,train
Toys,1992-12-18,1992,23278931.0,train
Romper Stomper,1992-11-12,1992,175340.0,train
1492: Conquest of Paradise,1992-10-09,1992,7191399.0,train
Pure Country,1992-10-23,1992,15164458.0,train
Boomerang,1992-07-01,1992,131052444.0,train
The Power of One,1992-03-27,1992,2827107.0,train
Dr. Giggles,1992-10-23,1992,8403433.0,train
Sidekicks,1993-04-30,1992,17180393.0,train
Medicine Man,1992-02-07,1992,45500797.0,train
Honeymoon in Vegas,1992-08-28,1992,35208854.0,train
Thunderheart,1992-04-03,1992,22660758.0,train
Stop! Or My Mom Will Shoot,1992-02-21,1992,70611210.0,train
Innocent Blood,1992-09-25,1992,4943279.0,train
Unlawful Entry,1992-06-26,1992,57138719.0,train
Lorenzo's Oil,1993-01-29,1992,7286388.0,train
Final Analysis,1992-02-07,1992,28590665.0,train
One False Move,1992-05-08,1992,1543112.0,train
Stay Tuned,1992-08-14,1992,10736401.0,train
Consenting Adults,1992-10-16,1992,21591728.0,train
Fortress,1993-09-03,1992,6739141.0,train
Once Upon a Crime...,1992-03-06,1992,8669847.0,train
Mom and Dad Save the World,1992-07-24,1992,2034470.0,train
Supercop,1992-07-04,1992,16270600.0,train
Jennifer 8,1992-11-06,1992,11390479.0,train
Bébé's Kids,1992-07-31,1992,8442162.0,train
Memoirs of an Invisible Man,1992-02-28,1992,14358033.0,train
Peter's Friends,1992-12-25,1992,4058564.0,train
Freejack,1992-01-17,1992,17129026.0,train
Como agua para chocolate,1993-05-28,1992,21744201.0,train
Leap of Faith,1992-12-18,1992,23369283.0,train
Noises Off...,1992-03-20,1992,2280148.0,train
Class Act,1992-06-05,1992,13272113.0,train
Diggstown,1992-08-14,1992,4836637.0,train
Indochine,1992-12-23,1992,5603158.0,train
Nemesis,1992-12-26,1992,2001124.0,train
Kuffs,1992-01-10,1992,21142815.0,train
Shining Through,1992-01-31,1992,43838238.0,train
Mo' Money,1992-07-24,1992,40227006.0,train
Husbands and Wives,1992-09-18,1992,10555619.0,train
Trespass,1992-12-25,1992,13249535.0,train
Love Potion No. 9,1992-11-13,1992,754935.0,train
Rapid Fire,1992-08-21,1992,14356479.0,train
Wind,1992-09-11,1992,5519569.0,train
Hero,1992-10-02,1992,19507345.0,train
South Central,1992-09-18,1992,1373196.0,train
The Muppet Christmas Carol,1992-12-11,1992,32574382.0,train
Un Coeur en Hiver,1993-06-04,1992,1605437.0,train
Tokyo Decadence,1993-04-30,1992,277845.0,train
Mr. Baseball,1992-10-02,1992,20883046.0,train
Love Crimes,1992-01-24,1992,2287928.0,train
CrissCross,1992-05-08,1992,3052738.0,train
Waterland,1992-10-30,1992,1100218.0,train
The Distinguished Gentleman,1992-12-04,1992,46666502.0,train
White Sands,1992-04-24,1992,9011574.0,train
Belle Epoque,1994-02-25,1992,5418216.0,train
Knight Moves,1993-01-22,1992,923418.0,train
Light Sleeper,1992-03-13,1992,1055987.0,train
A Midnight Clear,1992-04-24,1992,1526697.0,train
Bob Roberts,1992-09-04,1992,4479470.0,train
Sarafina!,1992-09-25,1992,7306242.0,train
In the Soup,1992-08-13,1992,256249.0,train
A Stranger Among Us,1992-07-17,1992,12282994.0,train
Where the Day Takes You,1992-09-11,1992,390152.0,train
Passion Fish,1992-12-11,1992,4814619.0,train
That Night,1993-08-06,1992,20194.0,train
Gas Food Lodging,1992-07-10,1992,1342613.0,train
American Heart,1993-05-07,1992,384048.0,train
The Babe,1992-04-17,1992,19930973.0,train
Christopher Columbus: The Discovery,1992-08-21,1992,8251071.0,train
Prelude to a Kiss,1992-07-10,1992,22697691.0,train
The Best Intentions,1992-07-10,1992,1253106.0,train
The Public Eye,1992-10-16,1992,3067917.0,train
Article 99,1992-03-13,1992,6375979.0,train
The Mambo Kings,1992-02-28,1992,6742168.0,train
Into the West,1993-09-17,1992,4790801.0,train
The Playboys,1992-04-22,1992,4906900.0,train
City of Joy,1992-04-17,1992,14683921.0,train
Straight Talk,1992-04-03,1992,21202099.0,train
Qing shao nian nuo zha,1994-08-04,1992,28791.0,train
Love Field,1993-02-12,1992,1014726.0,train
Mr. Saturday Night,1992-09-25,1992,13351357.0,train
Twin Dragons,1999-04-09,1992,8359717.0,train
Aces: Iron Eagle III,1992-06-12,1992,2517600.0,train
The Living End,1992-08-21,1992,692585.0,train
Simple Men,1992-11-06,1992,143010.0,train
Guncrazy,1993-09-09,1992,114516.0,train
Folks!,1992-05-01,1992,6132924.0,train
Léolo,1993-04-02,1992,611703.0,train
Night and the City,1992-10-23,1992,6202756.0,train
Whispers in the Dark,1992-08-07,1992,11124511.0,train
Zebrahead,1992-10-23,1992,1557771.0,train
Hyenas,2019-04-26,1992,24672.0,train
A Tale of Winter,1992-01-29,1992,52431.0,train
Man Trouble,1992-07-17,1992,4096030.0,train
Brain Donors,1992-04-17,1992,918239.0,train
Out on a Limb,1992-09-04,1992,1659542.0,train
Traces of Red,1992-11-11,1992,3206714.0,train
Storyville,1992-09-30,1992,422503.0,train
Map of the Human Heart,1993-05-14,1992,2806881.0,train
Ruby Cairo,1993-10-29,1992,608866.0,train
The Waterdance,1992-05-13,1992,1723319.0,train
Year of the Comet,1992-04-24,1992,2791515.0,train
This Is My Life,1992-02-21,1992,2922094.0,train
Mistress,1992-07-24,1992,1102469.0,train
Passed Away,1992-04-24,1992,4030793.0,train
Blame It on the Bellboy,1992-03-06,1992,3104545.0,train
Leaving Normal,1992-04-29,1992,1514114.0,train
House of Angels,1993-08-06,1992,9481984.0,train
The Long Day Closes,1993-05-28,1992,22765.0,train
Shadow of the Wolf,1993-03-05,1992,1434174.0,train
The Gun in Betty Lou's Handbag,1992-08-21,1992,3721911.0,train
Tombstone,1993-12-25,1993,56505065.0,train
The Sandlot,1993-04-07,1993,34348443.0,train
Jurassic Park,1993-06-11,1993,1033928303.0,train
Dazed and Confused,1993-09-24,1993,7993039.0,train
Schindler's List,1994-02-04,1993,322161245.0,train
True Romance,1993-09-10,1993,13088850.0,train
Naked,1994-02-04,1993,1769305.0,train
Robin Hood: Men in Tights,1993-07-28,1993,35739755.0,train
A Bronx Tale,1993-10-01,1993,17287898.0,train
What's Eating Gilbert Grape,1994-03-04,1993,10032765.0,train
Hocus Pocus,1993-07-16,1993,44947705.0,train
Carlito's Way,1993-11-12,1993,63848322.0,train
Mrs. Doubtfire,1993-11-24,1993,441286195.0,train
The Fugitive,1993-08-06,1993,368875760.0,train
Demolition Man,1993-10-08,1993,58055768.0,train
Dennis the Menace,1993-06-25,1993,117270765.0,train
Falling Down,1993-02-26,1993,40903593.0,train
The Pelican Brief,1993-12-17,1993,195268056.0,train
The Firm,1993-06-30,1993,270248367.0,train
Last Action Hero,1993-06-18,1993,137298489.0,train
Sister Act 2: Back in the Habit,1993-12-10,1993,57319029.0,train
Groundhog Day,1993-02-12,1993,71074049.0,train
Philadelphia,1994-01-14,1993,206678440.0,train
Super Mario Bros.,1993-05-28,1993,20915465.0,train
Sleepless in Seattle,1993-06-25,1993,227927165.0,train
Cliffhanger,1993-05-28,1993,255000211.0,train
The Piano,1994-02-11,1993,40185556.0,train
The Nightmare Before Christmas,1993-10-29,1993,91491247.0,train
Rookie of the Year,1993-07-07,1993,56500758.0,train
"Blood In, Blood Out",1993-04-30,1993,4496583.0,train
In the Name of the Father,1994-02-25,1993,65796862.0,train
Alive,1993-01-15,1993,36733909.0,train
Addams Family Values,1993-11-19,1993,48919043.0,train
Indecent Proposal,1993-04-07,1993,266614059.0,train
In the Line of Fire,1993-07-09,1993,176997168.0,train
The Age of Innocence,1993-10-01,1993,32255440.0,train
Menace II Society,1993-05-26,1993,27912072.0,train
Gettysburg,1993-10-08,1993,10769960.0,train
The Three Musketeers,1993-11-12,1993,53898845.0,train
Homeward Bound: The Incredible Journey,1993-02-12,1993,41833324.0,train
The Secret Garden,1993-08-13,1993,31181347.0,train
Free Willy,1993-07-16,1993,153698625.0,train
RoboCop 3,1993-11-05,1993,10696210.0,train
The Remains of the Day,1993-11-19,1993,23237911.0,train
Hard Target,1993-08-20,1993,74189677.0,train
Fire in the Sky,1993-03-12,1993,19885552.0,train
Cool Runnings,1993-10-01,1993,154856263.0,train
Dave,1993-05-07,1993,63270710.0,train
Kalifornia,1993-09-03,1993,2395231.0,train
Benny & Joon,1993-04-16,1993,23261580.0,train
Sliver,1993-05-21,1993,116300000.0,train
Rudy,1993-10-22,1993,22881563.0,train
Coneheads,1993-07-23,1993,21274717.0,train
So I Married an Axe Murderer,1993-07-30,1993,11585483.0,train
Hot Shots! Part Deux,1993-05-21,1993,133752825.0,train
Much Ado About Nothing,1993-07-02,1993,22549338.0,train
The Crush,1993-04-02,1993,13609396.0,train
Loaded Weapon 1,1993-02-05,1993,27979399.0,train
This Boy's Life,1993-04-23,1993,4104962.0,train
Three Colors: Blue,1993-09-08,1993,1341154.0,train
Grumpy Old Men,1993-12-25,1993,70172621.0,train
A Perfect World,1993-11-24,1993,135130999.0,train
Leprechaun,1993-01-08,1993,8556940.0,train
Malice,1993-10-01,1993,46405336.0,train
What's Love Got to Do with It,1993-06-25,1993,39100956.0,train
Short Cuts,1993-10-01,1993,6110979.0,train
Son in Law,1993-07-02,1993,36448400.0,train
Striking Distance,1993-09-17,1993,24107867.0,train
Return of the Living Dead III,1994-02-25,1993,54207.0,train
Searching for Bobby Fischer,1993-08-11,1993,7266383.0,train
Jason Goes to Hell: the Final Friday,1993-08-13,1993,15935068.0,train
Matinee,1993-01-29,1993,9532895.0,train
The Good Son,1993-09-24,1993,60613008.0,train
The Beverly Hillbillies,1993-10-15,1993,57405220.0,train
Beethoven's 2nd,1993-12-17,1993,118243066.0,train
Killing Zoe,,1993,418961.0,train
Cronos,,1993,621392.0,train
Geronimo: An American Legend,1993-12-10,1993,18635620.0,train
Wayne's World 2,1993-12-10,1993,48198019.0,train
Point of No Return,1993-03-19,1993,30038362.0,train
Boxing Helena,1993-09-03,1993,1796389.0,train
Romeo Is Bleeding,1994-02-04,1993,3275585.0,train
Rising Sun,1993-07-30,1993,107198790.0,train
For Love or Money,1993-10-01,1993,11146270.0,train
Teenage Mutant Ninja Turtles III,1993-03-19,1993,42273609.0,train
Body Snatchers,1994-02-18,1993,428868.0,train
Stalingrad,1993-01-21,1993,152972.0,train
Airborne,1993-09-17,1993,2850263.0,train
The Thing Called Love,1993-08-27,1993,1029721.0,train
The Vanishing,1993-02-05,1993,14543394.0,train
The House of the Spirits,1994-04-01,1993,6265311.0,train
Undercover Blues,1993-09-10,1993,12324660.0,train
Little Buddha,1994-05-25,1993,4858139.0,train
Dragon,1993-05-07,1993,63513743.0,train
Poetic Justice,1993-07-23,1993,27515786.0,train
The Joy Luck Club,1993-10-29,1993,32901136.0,train
The Cement Garden,1994-02-11,1993,322975.0,train
Untamed Heart,1993-02-12,1993,18898806.0,train
Batman: Mask of the Phantasm,1993-12-25,1993,5635204.0,train
Freaked,1994-03-31,1993,29296.0,train
Swing Kids,1993-03-05,1993,5632086.0,train
Heart and Souls,1993-08-13,1993,16589540.0,train
Needful Things,1993-08-27,1993,15185672.0,train
Ruby in Paradise,1993-11-05,1993,1001437.0,train
Six Degrees of Separation,1993-12-08,1993,6405918.0,train
The Man Without a Face,1993-08-25,1993,24760338.0,train
Farewell My Concubine,1993-10-15,1993,6122607.0,train
Sniper,1993-01-29,1993,18994653.0,train
Judgment Night,1993-10-15,1993,12526677.0,train
Shadowlands,1994-01-14,1993,25842377.0,train
Arizona Dream,1994-09-09,1993,112547.0,train
Nowhere to Run,1993-01-15,1993,22189039.0,train
King of the Hill,1993-08-20,1993,1214231.0,train
Mad Dog and Glory,1993-03-05,1993,11081586.0,train
We're Back! A Dinosaur's Story,1993-11-24,1993,9317021.0,train
Red Rock West,1993-05-14,1993,2502551.0,train
The Program,1993-09-24,1993,23032565.0,train
Ghost in the Machine,1993-12-29,1993,5086909.0,train
Fearless,1993-11-05,1993,6995302.0,train
Manhattan Murder Mystery,1993-08-18,1993,11330911.0,train
Surf Ninjas,1993-08-20,1993,4916135.0,train
Weekend at Bernie's II,1993-07-09,1993,12741891.0,train
Les visiteurs,1996-07-12,1993,659810.0,train
The Adventures of Huck Finn,1993-04-02,1993,24103594.0,train
Made in America,1993-05-28,1993,104942695.0,train
Dream Lover,1994-05-06,1993,256264.0,train
M. Butterfly,1993-10-01,1993,1498795.0,train
The Dark Half,1993-04-23,1993,10611160.0,train
Only the Strong,1993-08-27,1993,3283371.0,train
My Life,1993-11-12,1993,27804899.0,train
Mi vida loca,1994-07-15,1993,3267313.0,train
Look Who's Talking Now,1993-11-05,1993,10340263.0,train
The Meteor Man,1993-08-06,1993,8016708.0,train
Fatal Instinct,1993-10-29,1993,7839327.0,train
CB4,1993-03-12,1993,17953778.0,train
Calendar Girl,1993-09-03,1993,2570550.0,train
Heaven & Earth,1994-01-07,1993,5864949.0,train
Indian Summer,1993-04-23,1993,14904910.0,train
Once Upon a Forest,1993-06-18,1993,6582052.0,train
Posse,1993-05-14,1993,18289763.0,train
Flesh and Bone,1993-11-05,1993,9709451.0,train
Sommersby,1993-02-05,1993,140081992.0,train
Even Cowgirls Get the Blues,1994-05-20,1993,1708873.0,train
Life with Mikey,1993-06-04,1993,12440858.0,train
Best of the Best II,1993-03-05,1993,6608687.0,train
The Thief and the Cobbler,1995-08-25,1993,669276.0,train
My Boyfriend's Back,1993-08-06,1993,3335984.0,train
Warlock: The Armageddon,1993-09-24,1993,3902679.0,train
The Scent of Green Papaya,1994-01-28,1993,1700992.0,train
Kika,1994-05-06,1993,2019581.0,train
Wide Sargasso Sea,1993-04-16,1993,1614784.0,train
Iron Monkey,2001-10-12,1993,14694904.0,train
Mr. Nanny,1993-10-08,1993,4348572.0,train
The Real McCoy,1993-09-10,1993,6484246.0,train
3 Ninjas: Knuckle Up,1995-04-07,1993,413479.0,train
Father Hood,1993-08-27,1993,3418141.0,train
"Faraway, So Close!",1993-12-21,1993,810455.0,train
Dangerous Game,1993-11-19,1993,1261210.0,train
Deadfall,1993-10-08,1993,18369.0,train
A Home of Our Own,1993-11-05,1993,1677807.0,train
A Far Off Place,1993-03-12,1993,12890752.0,train
Guilty as Sin,1993-06-04,1993,22866222.0,train
The Wedding Banquet,1993-08-04,1993,6933459.0,train
Another Stakeout,1993-07-23,1993,20208496.0,train
Aspen Extreme,1993-01-22,1993,8041049.0,train
Suture,1994-08-24,1993,102780.0,train
Blink,1994-01-26,1993,16696219.0,train
Where the Rivers Flow North,1994-03-04,1993,595505.0,train
Sugar Hill,1994-02-25,1993,18225518.0,train
Man's Best Friend,1993-11-19,1993,12974636.0,train
Mr. Jones,1993-10-08,1993,8345845.0,train
Carnosaur,1993-05-21,1993,1753979.0,train
Mr. Wonderful,1993-10-15,1993,3125424.0,train
Cop & ½,1993-04-02,1993,40689691.0,train
Madadayo,1993-04-17,1993,596.0,train
Caro diario,1994-09-30,1993,225278.0,train
Jack the Bear,1993-04-02,1993,5145823.0,train
Money for Nothing,1993-09-10,1993,1039824.0,train
Naked in New York,1994-04-13,1993,1038959.0,train
Son of the Pink Panther,1993-08-27,1993,2438031.0,train
Jung on zo,1993-06-24,1993,3741869.0,train
Totally F***ed Up,1995-01-13,1993,101071.0,train
"Bodies, Rest & Motion",1993-04-09,1993,764724.0,train
House of Cards,1993-06-25,1993,322871.0,train
Bhaji on the Beach,,1993,735162.0,train
Silent Tongue,1995-01-27,1993,61274.0,train
Amos & Andrew,1993-03-05,1993,9745803.0,train
Splitting Heirs,1993-04-30,1993,3246063.0,train
Born Yesterday,1993-03-26,1993,17952857.0,train
Mother's Boys,1994-03-18,1993,737548.0,train
The Nutcracker,1993-11-24,1993,2119994.0,train
Philadelphia Experiment II,1994-06-04,1993,2970.0,train
Fear of a Black Hat,1994-06-03,1993,233824.0,train
Boiling Point,1993-04-16,1993,10058318.0,train
A Dangerous Woman,1993-12-03,1993,1497222.0,train
Josh and S.A.M.,1993-11-24,1993,1640220.0,train
Ethan Frome,1993-03-12,1993,296081.0,train
The Night We Never Met,1993-04-30,1993,1884814.0,train
The Shawshank Redemption,1994-10-14,1994,28817291.0,train
Pulp Fiction,1994-10-14,1994,213928762.0,train
Forrest Gump,1994-07-06,1994,678226133.0,train
Léon: The Professional,1994-11-18,1994,19552639.0,train
True Lies,1994-07-15,1994,378882411.0,train
The Lion King,1994-06-24,1994,1083720877.0,train
The Mask,1994-07-29,1994,351583407.0,train
Speed,1994-06-10,1994,350448145.0,train
Stargate,1994-10-28,1994,196567262.0,train
The Little Rascals,1994-08-05,1994,67308282.0,train
Dumb and Dumber,1994-12-16,1994,247275374.0,train
Legends of the Fall,1995-01-13,1994,160638883.0,train
Natural Born Killers,1994-08-26,1994,50283563.0,train
The Crow,1994-05-13,1994,50693129.0,train
Interview with the Vampire: the Vampire Chronicles,1994-11-11,1994,223664608.0,train
Four Weddings and a Funeral,1994-04-15,1994,245700832.0,train
The Flintstones,1994-05-27,1994,341631208.0,train
Ace Ventura: Pet Detective,1994-02-04,1994,107217396.0,train
Little Women,1994-12-25,1994,50083616.0,train
Street Fighter,1994-12-23,1994,99431786.0,train
Chungking Express,1996-03-08,1994,1432358.0,train
Clear and Present Danger,1994-08-03,1994,215887717.0,train
D2: The Mighty Ducks,1994-03-25,1994,45610410.0,train
Heavenly Creatures,1994-10-14,1994,3049135.0,train
Clerks,1994-11-09,1994,3151130.0,train
Camp Nowhere,1994-08-26,1994,10475705.0,train
Maverick,1994-05-20,1994,183031272.0,train
Wyatt Earp,1994-06-24,1994,25052000.0,train
The Last Seduction,1994-10-26,1994,5842603.0,train
"The Adventures of Priscilla, Queen of the Desert",1994-08-10,1994,11265402.0,train
Little Giants,1994-10-14,1994,19306362.0,train
Ed Wood,1994-10-07,1994,5887457.0,train
Star Trek: Generations,1994-11-18,1994,118071125.0,train
Disclosure,1994-12-09,1994,214015089.0,train
Angels in the Outfield,1994-07-15,1994,50236831.0,train
In the Mouth of Madness,1995-02-03,1994,8924549.0,train
Richie Rich,1994-12-21,1994,38087756.0,train
Beverly Hills Cop III,1994-05-25,1994,119208989.0,train
Reality Bites,1994-02-18,1994,33351557.0,train
Naked Gun 33 1/3: the Final Insult,1994-03-18,1994,51132598.0,train
Sirens,1994-03-25,1994,7770731.0,train
Three Colors: Red,1994-11-23,1994,3581969.0,train
Junior,1994-11-23,1994,108431355.0,train
New Nightmare,1994-10-14,1994,19721741.0,train
Baby's Day Out,1994-07-01,1994,16827402.0,train
The River Wild,1994-09-30,1994,94216343.0,train
Airheads,1994-08-05,1994,5751882.0,train
Texas Chainsaw Massacre: The Next Generation,1994-01-01,1994,185898.0,train
The Next Karate Kid,1994-09-09,1994,15876353.0,train
Blown Away,1994-07-01,1994,30156002.0,train
Color of Night,1994-08-19,1994,19726050.0,train
North,1994-07-22,1994,7182747.0,train
Muriel's Wedding,1995-03-31,1994,15482277.0,train
The Client,1994-07-20,1994,117615211.0,train
Blank Check,1994-02-11,1994,30577969.0,train
It Could Happen to You,1994-07-29,1994,37939757.0,train
Only You,1994-10-07,1994,20059210.0,train
Once Were Warriors,1995-03-03,1994,1608570.0,train
Wolf,1994-06-17,1994,131002597.0,train
Mary Shelley's Frankenstein,1994-11-04,1994,112006296.0,train
Exit to Eden,1994-10-14,1994,6841570.0,train
The Jungle Book,1994-12-25,1994,43229904.0,train
The Hudsucker Proxy,1994-03-11,1994,2816518.0,train
Timecop,1994-09-16,1994,101646581.0,train
The Santa Clause,1994-11-11,1994,190539357.0,train
The Specialist,1994-10-07,1994,170362582.0,train
The Pagemaster,1994-11-23,1994,13670688.0,train
Shallow Grave,1995-02-10,1994,2079569.0,train
Serial Mom,1994-04-13,1994,7820688.0,train
Bad Girls,1994-04-22,1994,15240435.0,train
The Shadow,1994-07-01,1994,48063435.0,train
When a Man Loves a Woman,1994-05-13,1994,50021959.0,train
Blue Sky,1994-09-16,1994,3359465.0,train
Quiz Show,1994-10-07,1994,24822619.0,train
Surviving the Game,1994-04-15,1994,7727256.0,train
My Father the Hero,1994-02-04,1994,25479558.0,train
Nell,1994-12-23,1994,106683817.0,train
Three Colors: White,1994-06-10,1994,1237219.0,train
My Girl 2,1994-02-11,1994,17359799.0,train
Chasers,1994-04-22,1994,1596687.0,train
The Getaway,1994-02-11,1994,30057974.0,train
Major League II,1994-03-30,1994,30626182.0,train
Torment,,1994,39003.0,train
Don Juan DeMarco,1995-04-07,1994,68792531.0,train
Exotica,1995-03-24,1994,4221036.0,train
Clifford,1994-04-01,1994,7408745.0,train
Thumbelina,1994-03-30,1994,11373501.0,train
Double Dragon,1994-11-04,1994,2341309.0,train
Death and the Maiden,1995-01-27,1994,3103716.0,train
PCU,1994-04-29,1994,4330020.0,train
The Postman,1996-03-22,1994,21898920.0,train
8 Seconds,1994-02-25,1994,19623396.0,train
The Madness of King George,1994-12-28,1994,15238689.0,train
Of Love and Shadows,1996-05-10,1994,1181182.0,train
Nobody's Fool,1995-01-13,1994,39491975.0,train
Wagons East,1994-08-26,1994,4412297.0,train
The Secret of Roan Inish,1995-02-03,1994,6159269.0,train
Above the Rim,1994-03-23,1994,16192320.0,train
Greedy,1994-03-04,1994,13137484.0,train
With Honors,1994-04-29,1994,20016254.0,train
Police Academy: Mission to Moscow,1994-08-26,1994,126247.0,train
Little Big League,1994-06-29,1994,12267790.0,train
On Deadly Ground,1994-02-18,1994,38590458.0,train
Ready to Wear,1994-12-25,1994,11300653.0,train
Bullets Over Broadway,1995-02-24,1994,13383747.0,train
Queen Margot,1994-12-09,1994,1318578.0,train
Crooklyn,1994-05-13,1994,13642861.0,train
Spanking the Monkey,1994-07-15,1994,1359736.0,train
The Legend of Drunken Master,2000-10-20,1994,11555430.0,train
Intersection,1994-01-21,1994,21355893.0,train
Sister My Sister,1995-07-14,1994,217881.0,train
Miracle on 34th Street,1994-11-18,1994,46264384.0,train
The Swan Princess,1994-11-18,1994,9771658.0,train
Threesome,1994-04-08,1994,14815317.0,train
The War,1994-11-04,1994,16928556.0,train
The Chase,1994-03-04,1994,7924955.0,train
Milk Money,1994-08-31,1994,18137661.0,train
Renaissance Man,1994-06-03,1994,24332324.0,train
S.F.W.,1995-01-20,1994,63513.0,train
Jason's Lyric,1994-09-28,1994,20851521.0,train
Immortal Beloved,1995-01-27,1994,9914409.0,train
Eat Drink Man Woman,1994-08-03,1994,7294403.0,train
Blue Chips,1994-02-18,1994,23070663.0,train
The Cowboy Way,1994-06-03,1994,20280016.0,train
No Escape,1994-04-29,1994,15339030.0,train
The Road to Wellville,1994-10-28,1994,6562513.0,train
Andre,1994-08-17,1994,16820893.0,train
Highlander: The Final Dimension,1995-01-27,1994,12303080.0,train
Cemetery Man,1996-04-26,1994,253986.0,train
Death Machine,1995-05-26,1994,3129045.0,train
Ashes of Time,1994-09-17,1994,1977198.0,train
Brainscan,1994-04-22,1994,4352094.0,train
Cabin Boy,1994-01-07,1994,3662459.0,train
Guarding Tess,1994-03-11,1994,27058304.0,train
Black Beauty,1994-07-29,1994,4630377.0,train
Iron Will,1994-01-14,1994,21006361.0,train
Drop Zone,1994-12-09,1994,28735315.0,train
To Live,1994-12-16,1994,2332728.0,train
In the Army Now,1994-08-12,1994,28881266.0,train
Trapped in Paradise,1994-12-02,1994,6017509.0,train
Death Wish: The Face of Death,1994-01-14,1994,1702394.0,train
City Slickers II: the Legend of Curly's Gold,1994-06-10,1994,43622150.0,train
"Corrina, Corrina",1994-08-26,1994,20164171.0,train
The Ref,1994-03-11,1994,11439193.0,train
I.Q.,1994-12-25,1994,26381221.0,train
3 Ninjas Kick Back,1994-05-06,1994,11798854.0,train
It's Pat: the Movie,1994-11-25,1994,60822.0,train
The Favor,1994-04-29,1994,3134381.0,train
The Paper,1994-03-25,1994,48424341.0,train
Terminal Velocity,1994-09-23,1994,16487349.0,train
China Moon,1994-03-04,1994,3038499.0,train
Cops and Robbersons,1994-04-15,1994,11391093.0,train
Little Odessa,1995-05-19,1994,1095885.0,train
Lassie,1994-07-22,1994,9979683.0,train
Monkey Trouble,1994-03-18,1994,16453258.0,train
Fresh,1994-09-02,1994,8094616.0,train
The Puppet Masters,1994-10-21,1994,8647042.0,train
The Scout,1994-09-30,1994,2694234.0,train
Backbeat,1994-04-15,1994,2392589.0,train
Leprechaun 2,1994-04-08,1994,2260622.0,train
Love Affair,1994-10-21,1994,18272894.0,train
Mixed Nuts,1994-12-21,1994,6821850.0,train
Silent Fall,1994-10-28,1994,3180674.0,train
House Party 3,1994-01-12,1994,19281235.0,train
The Air Up There,1994-01-07,1994,21011318.0,train
Sleep with Me,1994-11-02,1994,200151.0,train
Princess Caraboo,1994-09-16,1994,3062530.0,train
A Low Down Dirty Shame,1994-11-23,1994,29392418.0,train
Lightning Jack,1994-03-11,1994,16821273.0,train
A Pure Formality,1995-05-26,1994,190749.0,train
Swimming with Sharks,1995-04-21,1994,382928.0,train
I Love Trouble,1994-06-29,1994,30806194.0,train
A Troll in Central Park,1994-10-07,1994,71368.0,train
Blankman,1994-08-19,1994,7941977.0,train
Trading Mom,1994-05-13,1994,319123.0,train
A Simple Twist of Fate,1994-09-02,1994,3430583.0,train
Farinelli,1995-03-17,1994,1600226.0,train
Priest,1995-03-24,1994,4165845.0,train
Mrs. Parker and the Vicious Circle,1994-11-23,1994,2144667.0,train
Barcelona,1994-07-29,1994,7266973.0,train
Pred dozhdot,1995-02-24,1994,763847.0,train
Burnt by the Sun,1995-04-21,1994,2313461.0,train
War of the Buttons,1995-09-29,1994,12712.0,train
There Goes My Baby,1994-09-02,1994,123509.0,train
The Sum of Us,1995-03-08,1994,766464.0,train
Radioland Murders,1994-10-21,1994,1316865.0,train
The Inkwell,1994-04-22,1994,8880705.0,train
Being Human,1994-05-06,1994,1519366.0,train
Jimmy Hollywood,1994-03-30,1994,3783003.0,train
Holy Matrimony,1994-04-08,1994,713234.0,train
Tom & Viv,1994-12-02,1994,538534.0,train
Squanto: A Warrior's Tale,1994-10-28,1994,3342223.0,train
My Summer Story,1994-09-23,1994,70936.0,train
Getting Even with Dad,1994-06-17,1994,18869594.0,train
River of Grass,1995-10-13,1994,11553.0,train
Rapa Nui,1994-09-09,1994,305070.0,train
The Browning Version,1994-10-12,1994,487391.0,train
Cobb,1994-12-02,1994,1007583.0,train
Heat,1995-12-15,1995,187436818.0,train
Clueless,1995-07-19,1995,56631572.0,train
Se7en,1995-09-22,1995,327333559.0,train
Braveheart,1995-05-24,1995,213216216.0,train
Apollo 13,1995-06-30,1995,355237933.0,train
The Usual Suspects,1995-08-16,1995,23341568.0,train
Jumanji,1995-12-15,1995,262821940.0,train
Casino,1995-11-22,1995,116112375.0,train
Congo,1995-06-09,1995,152022101.0,train
Batman Forever,1995-06-16,1995,336567158.0,train
Kids,1995-09-01,1995,7412216.0,train
Toy Story,1995-11-22,1995,394436586.0,train
Desperado,1995-08-25,1995,25405445.0,train
Die Hard with a Vengeance,1995-05-19,1995,366101666.0,train
Mortal Kombat,1995-08-18,1995,122195920.0,train
Mallrats,1995-10-20,1995,2122561.0,train
12 Monkeys,1996-01-05,1995,168839459.0,train
Leaving Las Vegas,1996-02-09,1995,32029928.0,train
Showgirls,1995-09-22,1995,20358624.0,train
Before Sunrise,1995-01-27,1995,5987386.0,train
Friday,1995-04-26,1995,28215918.0,train
Sense and Sensibility,1996-01-26,1995,134582776.0,train
Waterworld,1995-07-28,1995,264218220.0,train
The Basketball Diaries,1995-04-21,1995,2402438.0,train
Bad Boys,1995-04-07,1995,141407024.0,train
Billy Madison,1995-02-10,1995,26488734.0,train
Mighty Morphin Power Rangers: The Movie,1995-06-30,1995,66433194.0,train
GoldenEye,1995-11-17,1995,352194034.0,train
Species,1995-07-07,1995,113374103.0,train
Outbreak,1995-03-10,1995,189859560.0,train
Four Rooms,1995-12-25,1995,4257354.0,train
Empire Records,1995-10-20,1995,273188.0,train
The Quick and the Dead,1995-02-10,1995,18636537.0,train
Hackers,1995-09-15,1995,7563728.0,train
La Haine,1996-02-23,1995,302606.0,train
Casper,1995-05-26,1995,287928194.0,train
"To Wong Foo Thanks for Everything, Julie Newmar",1995-09-08,1995,47774193.0,train
Heavyweights,1995-02-17,1995,17689177.0,train
Tank Girl,1995-03-31,1995,4064495.0,train
Now and Then,1995-10-20,1995,37591674.0,train
Pocahontas,1995-06-23,1995,346079773.0,train
A Goofy Movie,1995-04-07,1995,35348597.0,train
Dangerous Minds,1995-08-11,1995,179519401.0,train
Crimson Tide,1995-05-12,1995,157387195.0,train
To Die For,1995-10-06,1995,21284514.0,train
Sabrina,1995-12-15,1995,53672080.0,train
Ghost in the Shell,1996-03-29,1995,516540.0,train
While You Were Sleeping,1995-04-21,1995,182057016.0,train
Get Shorty,1995-10-20,1995,115101622.0,train
Tommy Boy,1995-03-31,1995,32679899.0,train
Babe,1995-08-04,1995,254134910.0,train
Dead Man Walking,1996-02-02,1995,39363635.0,train
The Brady Bunch Movie,1995-02-17,1995,46576136.0,train
Johnny Mnemonic,1995-05-26,1995,19075720.0,train
Just Cause,1995-02-17,1995,36853222.0,train
The Bridges of Madison County,1995-06-02,1995,182016617.0,train
Strange Days,1995-10-13,1995,7959291.0,train
Cutthroat Island,1995-12-22,1995,10017322.0,train
Judge Dredd,1995-06-30,1995,113493481.0,train
The City of Lost Children,1995-12-15,1995,1781465.0,train
Copycat,1995-10-27,1995,32051917.0,train
Major Payne,1995-03-24,1995,30112050.0,train
Powder,1995-10-27,1995,30862156.0,train
A Little Princess,1995-05-19,1995,10015449.0,train
The American President,1995-11-17,1995,107879496.0,train
Under Siege 2: Dark Territory,1995-07-14,1995,104324083.0,train
Higher Learning,1995-01-11,1995,38290723.0,train
Mr. Holland's Opus,1996-01-19,1995,106269971.0,train
The Prophecy,1995-09-01,1995,16115878.0,train
Dead Man,1996-05-10,1995,1037847.0,train
Ace Ventura: When Nature Calls,1995-11-10,1995,212385533.0,train
Dolores Claiborne,1995-03-24,1995,24361867.0,train
First Knight,1995-07-07,1995,127600435.0,train
Jade,1995-10-13,1995,9851610.0,train
The Big Green,1995-09-29,1995,17736619.0,train
Virtuosity,1995-08-04,1995,24047675.0,train
Halloween: The Curse of Michael Myers,1995-09-29,1995,15116634.0,train
Father of the Bride Part II,1995-12-08,1995,76594107.0,train
Assassins,1995-10-06,1995,30303072.0,train
French Kiss,1995-05-05,1995,101982854.0,train
A Walk in the Clouds,1995-08-11,1995,50008143.0,train
It Takes Two,1995-11-17,1995,19474589.0,train
Rob Roy,1995-04-14,1995,31596911.0,train
Dead Presidents,1995-10-06,1995,24147179.0,train
The Baby-Sitters Club,1995-08-18,1995,9685976.0,train
Waiting to Exhale,1995-12-22,1995,81452156.0,train
Welcome to the Dollhouse,1996-05-24,1995,4569019.0,train
The Indian in the Cupboard,1995-07-14,1995,35656131.0,train
Rumble in the Bronx,1996-02-23,1995,32392047.0,train
Devil in a Blue Dress,1995-09-29,1995,16140822.0,train
How to Make an American Quilt,1995-10-06,1995,41200020.0,train
Kicking and Screaming,1995-10-06,1995,718490.0,train
Tales from the Crypt: Demon Knight,1995-01-13,1995,21089146.0,train
The Net,1995-07-28,1995,110627965.0,train
Living in Oblivion,1995-07-21,1995,1111790.0,train
Dracula: Dead and Loving It,1995-12-22,1995,10772144.0,train
Tom and Huck,1995-12-22,1995,23920048.0,train
Village of the Damned,1995-04-28,1995,9418365.0,train
Wild Bill,1995-12-01,1995,2193982.0,train
Grumpier Old Men,1995-12-22,1995,71518503.0,train
Boys on the Side,1995-02-03,1995,23440188.0,train
Tales from the Hood,1995-05-24,1995,11837928.0,train
Money Train,1995-11-22,1995,35431113.0,train
Candyman: Farewell to the Flesh,1995-03-17,1995,13940383.0,train
The Crossing Guard,1995-11-16,1995,868979.0,train
Man of the House,1995-03-03,1995,40070995.0,train
Nixon,1996-01-05,1995,13681765.0,train
Hideaway,1995-03-03,1995,12201255.0,train
When Night Is Falling,1995-11-17,1995,919671.0,train
Underground,1997-06-20,1995,171082.0,train
Mighty Aphrodite,1995-11-10,1995,6468498.0,train
Balto,1995-12-22,1995,11349090.0,train
Total Eclipse,1995-11-03,1995,340139.0,train
Fair Game,1995-11-03,1995,11534477.0,train
Lord of Illusions,1995-08-25,1995,13294422.0,train
The Scarlet Letter,1995-10-13,1995,10382407.0,train
Nick of Time,1995-11-22,1995,8175346.0,train
Senior Trip,1995-09-08,1995,4686937.0,train
Free Willy 2: The Adventure Home,1995-07-19,1995,30077111.0,train
Things to Do in Denver When You're Dead,1995-12-01,1995,529766.0,train
The Doom Generation,1995-10-27,1995,284785.0,train
Nine Months,1995-07-12,1995,138510230.0,train
Safe,1995-06-30,1995,512245.0,train
Sudden Death,1995-12-22,1995,64350171.0,train
Circle of Friends,1995-04-07,1995,23389975.0,train
Canadian Bacon,1995-09-22,1995,163971.0,train
Screamers,1996-01-26,1995,5711695.0,train
Vampire in Brooklyn,1995-10-27,1995,19751736.0,train
Murder in the First,1995-01-20,1995,17381942.0,train
Richard III,1995-12-29,1995,2748518.0,train
A Kid in King Arthur's Court,1995-08-11,1995,13406717.0,train
Othello,1996-01-19,1995,2844379.0,train
Gold Diggers: The Secret of Bear Mountain,1995-11-03,1995,6029091.0,train
Clockers,1995-09-13,1995,13071518.0,train
Smoke,1995-06-09,1995,8367636.0,train
Something to Talk About,1995-08-04,1995,50865589.0,train
Tall Tale,1995-03-24,1995,11047627.0,train
Kiss of Death,1995-04-21,1995,14942422.0,train
Delta of Venus,1995-10-13,1995,63174.0,train
Heavy,1996-06-05,1995,941414.0,train
Home for the Holidays,1995-11-03,1995,17519169.0,train
Angels and Insects,1996-01-26,1995,3414301.0,train
The Cure,1995-04-21,1995,2568425.0,train
The Horseman on the Roof,1995-10-06,1995,1320043.0,train
Forget Paris,1995-05-19,1995,33177694.0,train
Mad Love,1995-05-26,1995,15453274.0,train
The Hunted,1995-02-24,1995,6609661.0,train
Restoration,1996-02-02,1995,4005941.0,train
Al di là delle nuvole,1995-10-27,1995,31738.0,train
My Family,1995-05-03,1995,11079373.0,train
The Brothers McMullen,1995-08-11,1995,10426506.0,train
The Last Supper,1996-04-05,1995,459749.0,train
Bushwhacked,1995-08-04,1995,7919823.0,train
La Cérémonie,1996-12-20,1995,873196.0,train
The Addiction,1995-10-06,1995,307308.0,train
Last of the Dogmen,1995-09-08,1995,7024389.0,train
The Englishman Who Went Up a Hill But Came Down a Mountain,1995-05-12,1995,10904930.0,train
Jack & Sarah,1996-03-22,1995,218626.0,train
The Flower of My Secret,1996-03-08,1995,1104622.0,train
Blue in the Face,1995-10-13,1995,1268636.0,train
Bye Bye Love,1995-03-17,1995,12096673.0,train
The Mangler,1995-03-03,1995,1781383.0,train
Jeffrey,1995-08-18,1995,3487767.0,train
Angus,1995-09-15,1995,4821759.0,train
Party Girl,1995-06-09,1995,472370.0,train
Operation Dumbo Drop,1995-07-28,1995,24670346.0,train
Losing Isaiah,1995-03-17,1995,7603766.0,train
The Underneath,1995-04-28,1995,536023.0,train
The Pebble and the Penguin,1995-04-12,1995,3983912.0,train
Fluke,1995-06-02,1995,3987768.0,train
Houseguest,1995-01-06,1995,26325256.0,train
Bad Company,1995-01-20,1995,3674841.0,train
The White Balloon,,1995,924940.0,train
Georgia,1995-12-08,1995,1110104.0,train
Land and Freedom,1996-03-22,1995,228800.0,train
White Man's Burden,1995-12-01,1995,3734870.0,train
Never Talk to Strangers,1995-10-20,1995,6858261.0,train
Top Dog,1995-04-28,1995,5093707.0,train
The Incredibly True Adventure of Two Girls in Love,1995-06-16,1995,2210408.0,train
Jury Duty,1995-04-12,1995,17014653.0,train
An Awfully Big Adventure,1995-07-21,1995,259724.0,train
Dr. Jekyll and Ms. Hyde,1995-08-25,1995,2763020.0,train
Jefferson in Paris,1995-03-31,1995,2473668.0,train
Three Wishes,1995-10-27,1995,7027517.0,train
Far from Home: the Adventures of Yellow Dog,1995-01-13,1995,11642946.0,train
New Jersey Drive,1995-04-19,1995,3565508.0,train
The Star Maker,1996-03-08,1995,371674.0,train
La fille seule,1996-10-30,1995,230049.0,train
Magic in the Water,1995-08-30,1995,2680717.0,train
Miami Rhapsody,1995-01-27,1995,5221281.0,train
Antonia's Line,1996-02-02,1995,4249321.0,train
Rough Magic,1997-05-30,1995,247202.0,train
Beyond Rangoon,1995-08-25,1995,5750110.0,train
The Amazing Panda Adventure,1995-08-25,1995,7506759.0,train
Nelly & Monsieur Arnaud,1996-06-21,1995,955708.0,train
The Walking Dead,1995-02-24,1995,6014341.0,train
Panther,1995-05-03,1995,6834525.0,train
Space Jam,1996-11-15,1996,230418342.0,train
Independence Day,1996-07-03,1996,817400891.0,train
Romeo + Juliet,1996-11-01,1996,147554998.0,train
Scream,1996-12-20,1996,173046663.0,train
Sleepers,1996-10-18,1996,165615285.0,train
From Dusk Till Dawn,1996-01-19,1996,25837111.0,train
Fargo,1996-04-05,1996,60611975.0,train
Mission: Impossible,1996-05-22,1996,457696391.0,train
Matilda,1996-08-02,1996,33459416.0,train
Trainspotting,1996-08-09,1996,16607872.0,train
Twister,1996-05-10,1996,494471524.0,train
Happy Gilmore,1996-02-16,1996,41205099.0,train
101 Dalmatians,1996-11-27,1996,320689294.0,train
Crash,1997-03-21,1996,2671291.0,train
Jerry Maguire,1996-12-13,1996,273552592.0,train
The Rock,1996-06-07,1996,335062621.0,train
A Time to Kill,1996-07-24,1996,152266007.0,train
The Craft,1996-05-03,1996,24819936.0,train
Primal Fear,1996-04-03,1996,102616183.0,train
Mars Attacks!,1996-12-13,1996,101371017.0,train
The English Patient,1996-12-06,1996,231976425.0,train
The Long Kiss Goodnight,1996-10-11,1996,89456761.0,train
Fear,1996-04-12,1996,20831000.0,train
Bottle Rocket,1996-02-21,1996,560069.0,train
Stealing Beauty,1996-06-14,1996,4762310.0,train
Bound,1996-10-04,1996,3802260.0,train
Sling Blade,1997-03-14,1996,24444121.0,train
The Mirror Has Two Faces,1996-11-15,1996,41083864.0,train
The Birdcage,1996-03-08,1996,185260553.0,train
That Thing You Do!,1996-10-04,1996,34585416.0,train
The Island of Dr. Moreau,1996-08-23,1996,49627779.0,train
Kingpin,1996-07-26,1996,25023434.0,train
The Hunchback of Notre Dame,1996-06-21,1996,325338851.0,train
The Frighteners,1996-07-19,1996,29359216.0,train
Eraser,1996-06-21,1996,242295562.0,train
Striptease,1996-06-28,1996,113309743.0,train
Star Trek: First Contact,1996-11-22,1996,146027888.0,train
Swingers,1997-04-11,1996,4555020.0,train
Escape from L.A.,1996-08-09,1996,25477365.0,train
Beautiful Girls,1996-02-09,1996,10597759.0,train
The Cable Guy,1996-06-14,1996,102825796.0,train
Don't Be a Menace to South Central While Drinking Your Juice in the Hood,1996-01-12,1996,20949601.0,train
Thinner,1996-10-25,1996,15315484.0,train
Hard Eight,1997-02-28,1996,222559.0,train
The Nutty Professor,1996-06-28,1996,273961019.0,train
Hamlet,1996-12-25,1996,4770222.0,train
Big Night,1996-09-20,1996,12008376.0,train
The Ghost and the Darkness,1996-10-11,1996,38619405.0,train
Courage Under Fire,1996-07-12,1996,100860818.0,train
The First Wives Club,1996-09-20,1996,181489203.0,train
Set It Off,1996-11-06,1996,41590886.0,train
James and the Giant Peach,1996-04-12,1996,28946127.0,train
DragonHeart,1996-05-31,1996,115267375.0,train
Executive Decision,1996-03-15,1996,121969216.0,train
Bio-Dome,1996-01-12,1996,13427615.0,train
Jack,1996-08-09,1996,58620973.0,train
White Squall,1996-02-02,1996,10292300.0,train
D3: The Mighty Ducks,1996-10-04,1996,22955097.0,train
Broken Arrow,1996-02-09,1996,150270147.0,train
Emma,1996-08-30,1996,22231658.0,train
Chain Reaction,1996-08-02,1996,60209334.0,train
Kama Sutra: A Tale of Love,1997-02-28,1996,4109095.0,train
The Crucible,1996-11-27,1996,7343114.0,train
Pusher,1996-08-30,1996,1605.0,train
Waiting for Guffman,1997-01-31,1996,2923982.0,train
Secrets & Lies,1997-02-28,1996,13417292.0,train
Daylight,1996-12-06,1996,159212469.0,train
Last Man Standing,1996-09-20,1996,47267001.0,train
The Arrival,1996-05-31,1996,14063331.0,train
Ransom,1996-11-08,1996,309492681.0,train
Beavis and Butt-Head Do America,1996-12-20,1996,63118386.0,train
Fly Away Home,1996-09-13,1996,25143818.0,train
Tin Cup,1996-08-16,1996,53854588.0,train
Barb Wire,1996-05-03,1996,3793614.0,train
Breaking the Waves,1996-11-13,1996,3828405.0,train
The Phantom,1996-06-07,1996,17323326.0,train
The Fan,1996-08-16,1996,18626419.0,train
Eye for an Eye,1996-01-12,1996,26877589.0,train
2 Days in the Valley,1996-09-27,1996,11132210.0,train
Trees Lounge,1996-10-11,1996,749741.0,train
The People vs. Larry Flynt,1997-01-10,1996,20300385.0,train
Freeway,1997-09-03,1996,295493.0,train
Kazaam,1996-07-17,1996,18937262.0,train
Down Periscope,1996-03-01,1996,37553752.0,train
Michael,1996-12-25,1996,119718203.0,train
Mulholland Falls,1996-04-26,1996,11526099.0,train
Jingle All the Way,1996-11-22,1996,129832389.0,train
She's the One,1996-08-23,1996,9538948.0,train
Brassed Off,1997-05-23,1996,2576738.0,train
Shine,1997-02-14,1996,35999081.0,train
Black Sheep,1996-02-02,1996,32417995.0,train
Maximum Risk,1996-09-13,1996,14502483.0,train
One Fine Day,1996-12-20,1996,97529550.0,train
Lone Star,1996-06-21,1996,12408986.0,train
Michael Collins,1996-10-25,1996,11135803.0,train
Phenomenon,1996-07-03,1996,152036382.0,train
Harriet the Spy,1996-07-10,1996,26570048.0,train
Flipper,1996-05-17,1996,20080020.0,train
Evita,1997-01-10,1996,141047179.0,train
Diabolique,1996-03-22,1996,17100266.0,train
Bordello of Blood,1996-08-16,1996,5781045.0,train
Spy Hard,1996-05-24,1996,26960191.0,train
The Substitute,1996-04-19,1996,14818176.0,train
Marvin's Room,1997-02-28,1996,12803305.0,train
Multiplicity,1996-07-17,1996,21075014.0,train
House Arrest,1996-08-14,1996,7032782.0,train
Everyone Says I Love You,1997-01-17,1996,9759200.0,train
A Very Brady Sequel,1996-08-23,1996,21440752.0,train
The Crow: City of Angels,1996-08-30,1996,17917287.0,train
Basquiat,1996-08-09,1996,3011195.0,train
The Quest,1996-04-26,1996,57400547.0,train
Muppet Treasure Island,1996-02-16,1996,34327391.0,train
Hellraiser: Bloodline,1996-03-08,1996,9336886.0,train
Manny & Lo,1996-07-26,1996,502313.0,train
Beautiful Thing,1996-10-09,1996,1548120.0,train
The Chamber,1996-10-11,1996,22540359.0,train
Blood and Wine,1997-02-21,1996,1094668.0,train
Jude,1996-10-18,1996,409144.0,train
Bulletproof,1996-09-06,1996,22611954.0,train
Mad Dog Time,1996-11-08,1996,107874.0,train
Irma Vep,1997-04-30,1996,292040.0,train
Mrs. Winterbourne,1996-04-19,1996,10082005.0,train
The Portrait of a Lady,1997-01-17,1996,3692836.0,train
Foxfire,1996-08-23,1996,269300.0,train
The Glimmer Man,1996-10-04,1996,20351264.0,train
Up Close & Personal,1996-03-01,1996,100688705.0,train
The Juror,1996-02-02,1996,22754725.0,train
Flirting with Disaster,1996-04-12,1996,14702438.0,train
Homeward Bound II: Lost in San Francisco,1996-03-08,1996,32772492.0,train
Joe's Apartment,1996-07-26,1996,4619014.0,train
Ghosts of Mississippi,1997-01-03,1996,13323144.0,train
A Summer's Tale,2014-06-20,1996,198126.0,train
The Preacher's Wife,1996-12-13,1996,48102795.0,train
Jane Eyre,1996-04-12,1996,5200601.0,train
If Lucy Fell,1996-03-08,1996,2420162.0,train
SubUrbia,1997-07-03,1996,656747.0,train
First Strike,1997-01-10,1996,21890845.0,train
Bad Moon,1996-11-01,1996,1060264.0,train
Dunston Checks In,1996-01-12,1996,9871065.0,train
Carpool,1996-08-23,1996,3325651.0,train
The Daytrippers,1997-03-05,1996,2099677.0,train
Before and After,1996-02-23,1996,8797839.0,train
Citizen Ruth,1996-12-13,1996,285112.0,train
Extreme Measures,1996-09-27,1996,17380126.0,train
Female Perversions,1997-04-25,1996,926954.0,train
A Thin Line Between Love and Hate,1996-04-03,1996,35599803.0,train
Kissed,1997-04-11,1996,329211.0,train
The Truth About Cats & Dogs,1996-04-26,1996,34861807.0,train
The Whole Wide World,1996-12-20,1996,375757.0,train
Dear God,1996-11-01,1996,7138523.0,train
Bed of Roses,1996-01-26,1996,27315527.0,train
The Pallbearer,1996-05-03,1996,5656388.0,train
Lawnmower Man 2: Beyond Cyberspace,1996-01-12,1996,2409225.0,train
A Family Thing,1996-03-29,1996,10125417.0,train
Curdled,1996-09-27,1996,49620.0,train
First Kid,1996-08-30,1996,26491793.0,train
Eddie,1996-05-31,1996,31387164.0,train
Feeling Minnesota,1996-09-13,1996,3124440.0,train
The Pillow Book,1997-06-06,1996,2372744.0,train
The Adventures of Pinocchio,1996-07-26,1996,15094530.0,train
City Hall,1996-02-16,1996,20340204.0,train
Night Falls on Manhattan,1997-05-16,1996,9889670.0,train
The Great White Hype,1996-05-03,1996,8008255.0,train
Twelfth Night,1996-10-25,1996,588621.0,train
Mary Reilly,1996-02-23,1996,12379402.0,train
My Fellow Americans,1996-12-20,1996,22313201.0,train
Sgt. Bilko,1996-03-29,1996,37956793.0,train
Heaven's Prisoners,1996-05-17,1996,5009305.0,train
I Shot Andy Warhol,1996-05-01,1996,1875527.0,train
The Sunchaser,1996-10-25,1996,21508.0,train
All Dogs Go to Heaven 2,1996-03-29,1996,8620678.0,train
Girl 6,1996-03-22,1996,4939939.0,train
The Evening Star,1996-12-25,1996,12767815.0,train
Larger Than Life,1996-11-01,1996,8315693.0,train
Head Above Water,1997-06-25,1996,32212.0,train
Two If by Sea,1996-01-12,1996,10658278.0,train
The Stupids,1996-08-30,1996,2491989.0,train
The Funeral,1996-11-01,1996,1227324.0,train
Kids in the Hall: Brain Candy,1996-04-19,1996,2654308.0,train
High School High,1996-10-25,1996,21302121.0,train
Schizopolis,1997-04-09,1996,10580.0,train
The Van,1997-05-16,1996,712095.0,train
Alaska,1996-08-14,1996,11829959.0,train
Moll Flanders,1996-06-14,1996,3486957.0,train
The Associate,1996-10-25,1996,12844057.0,train
Shiloh,1997-04-25,1996,1007822.0,train
In Love and War,1997-01-24,1996,25372294.0,train
Surviving Picasso,1996-09-20,1996,2021348.0,train
Kansas City,1996-08-16,1996,1356828.0,train
Mr. Wrong,1996-02-16,1996,12825141.0,train
Fled,1996-07-19,1996,17193231.0,train
Infinity,1996-10-04,1996,195170.0,train
Unforgettable,1996-02-23,1996,2821671.0,train
Bloodsport 2,1996-03-01,1996,684351.0,train
Phat Beach,1996-08-02,1996,1383553.0,train
Last Dance,1996-05-03,1996,5939449.0,train
Grace of My Heart,1996-09-13,1996,660313.0,train
Celtic Pride,1996-04-19,1996,9255027.0,train
Ed,1996-03-15,1996,4422380.0,train
The Game,1997-09-12,1997,109423648.0,train
Boogie Nights,1997-10-31,1997,43101594.0,train
Titanic,1997-12-19,1997,2201647264.0,train
The Fifth Element,1997-05-09,1997,263920180.0,train
Austin Powers: International Man of Mystery,1997-05-02,1997,67683989.0,train
Lolita,1998-09-25,1997,1071255.0,train
Good Will Hunting,1998-01-09,1997,225933435.0,train
Starship Troopers,1997-11-07,1997,121214377.0,train
The Devil's Advocate,1997-10-17,1997,152944660.0,train
Con Air,1997-06-06,1997,224012234.0,train
Jackie Brown,1997-12-25,1997,39673807.0,train
L.A. Confidential,1997-09-19,1997,126216940.0,train
Life Is Beautiful,1997-12-20,1997,230098753.0,train
Contact,1997-07-11,1997,171120329.0,train
Men in Black,1997-07-02,1997,589390539.0,train
Home Alone 3,1997-12-12,1997,79082515.0,train
Air Force One,1997-07-25,1997,315156409.0,train
Batman & Robin,1997-06-20,1997,238235719.0,train
Event Horizon,1997-08-15,1997,26673829.0,train
Hercules,1997-06-27,1997,252712101.0,train
Dante's Peak,1997-02-07,1997,178127760.0,train
The Lost World: Jurassic Park,1997-05-23,1997,618638999.0,train
Princess Mononoke,1997-12-19,1997,169785704.0,train
Scream 2,1997-12-12,1997,172363301.0,train
Face/Off,1997-06-27,1997,245676146.0,train
As Good as It Gets,1997-12-25,1997,314178011.0,train
Gattaca,1997-10-24,1997,12532777.0,train
The Rainmaker,1997-11-21,1997,45916769.0,train
I Know What You Did Last Summer,1997-10-17,1997,125586134.0,train
Alien: Resurrection,1997-11-26,1997,161376069.0,train
Cube,1998-07-11,1997,565727.0,train
Liar Liar,1997-03-21,1997,302710615.0,train
Donnie Brasco,1997-02-28,1997,124909762.0,train
George of the Jungle,1997-07-16,1997,174463257.0,train
Anastasia,1997-11-21,1997,139804348.0,train
Fools Rush In,1997-02-14,1997,29481428.0,train
Midnight in the Garden of Good and Evil,1997-11-21,1997,25105255.0,train
Good Burger,1997-07-25,1997,23712993.0,train
Perfect Blue,1998-02-28,1997,563130.0,train
The Edge,1997-09-26,1997,43312294.0,train
My Best Friend's Wedding,1997-06-20,1997,299288605.0,train
Anaconda,1997-04-11,1997,136885767.0,train
Tomorrow Never Dies,1997-12-19,1997,333011068.0,train
Speed 2: Cruise Control,1997-06-13,1997,164508066.0,train
The Saint,1997-04-04,1997,118063304.0,train
Lost Highway,1997-01-15,1997,3703548.0,train
The Full Monty,1997-09-19,1997,257938649.0,train
Spawn,1997-08-01,1997,87840042.0,train
Romy and Michele's High School Reunion,1997-04-25,1997,29235353.0,train
Seven Years in Tibet,1997-10-10,1997,131457682.0,train
Cop Land,1997-08-15,1997,44862187.0,train
Gummo,1997-11-24,1997,116799.0,train
In & Out,1997-09-19,1997,63856929.0,train
Wilde,1998-05-01,1997,2158775.0,train
Chasing Amy,1997-04-18,1997,12021272.0,train
U Turn,1997-10-03,1997,6682098.0,train
Conspiracy Theory,1997-08-08,1997,136982834.0,train
Breakdown,1997-05-02,1997,50159144.0,train
G.I. Jane,1997-08-22,1997,48169156.0,train
The Jackal,1997-11-14,1997,159330280.0,train
Kiss the Girls,1997-10-03,1997,60527873.0,train
Vegas Vacation,1997-02-14,1997,36400360.0,train
The Devil's Own,1997-03-26,1997,140807547.0,train
Amistad,1997-12-25,1997,44229441.0,train
The Postman,1997-12-25,1997,17626234.0,train
Mimic,1997-08-22,1997,25480803.0,train
Fierce Creatures,1997-01-24,1997,9381260.0,train
Grosse Pointe Blank,1997-04-11,1997,28084357.0,train
Mortal Kombat: Annihilation,1997-11-21,1997,51376861.0,train
Spice World,1998-01-23,1997,29342592.0,train
Selena,1997-03-21,1997,35281794.0,train
Happy Together,1997-05-30,1997,585773.0,train
The Borrowers,1998-02-13,1997,22619589.0,train
The Peacemaker,1997-09-26,1997,110463140.0,train
Volcano,1997-04-25,1997,122823468.0,train
Clockwatchers,1998-05-15,1997,537948.0,train
Bliss,1997-04-14,1997,294064.0,train
Mousehunt,1997-12-19,1997,122417389.0,train
Inventing the Abbotts,1997-04-04,1997,5936344.0,train
Open Your Eyes,1997-12-19,1997,377967.0,train
Beverly Hills Ninja,1997-01-17,1997,31480418.0,train
Murder at 1600,1997-04-18,1997,25804707.0,train
Flubber,1997-11-26,1997,177977226.0,train
Orgazmo,1998-10-23,1997,602302.0,train
The Ice Storm,1997-11-26,1997,8038061.0,train
Soul Food,1997-09-26,1997,43700855.0,train
Children of Heaven,1999-01-22,1997,933933.0,train
Double Team,1997-04-04,1997,11438337.0,train
The Relic,1997-01-10,1997,33956608.0,train
An American Werewolf in Paris,1997-12-25,1997,26570463.0,train
Bean,1997-11-07,1997,251212670.0,train
Wag the Dog,1998-01-09,1997,64256513.0,train
Taste of Cherry,1997-11-26,1997,10923.0,train
Absolute Power,1997-02-14,1997,50068310.0,train
Wishmaster,1997-09-19,1997,15738769.0,train
Jungle 2 Jungle,1997-03-07,1997,59927618.0,train
B*A*P*S,1997-03-28,1997,7338279.0,train
Private Parts,1997-03-07,1997,41230799.0,train
The Boxer,1998-01-09,1997,16534578.0,train
Picture Perfect,1997-08-01,1997,44332015.0,train
Money Talks,1997-08-22,1997,48407611.0,train
The Sweet Hereafter,1997-11-21,1997,3263585.0,train
RocketMan,1997-10-10,1997,15448043.0,train
Switchback,1997-10-31,1997,6492660.0,train
Wild America,1997-07-02,1997,7342923.0,train
Nothing to Lose,1997-07-18,1997,44480039.0,train
Steel,1997-08-15,1997,1710972.0,train
Eve's Bayou,1997-11-07,1997,14842388.0,train
Kundun,1998-01-16,1997,5684789.0,train
Live Flesh,1998-01-16,1997,1785901.0,train
Fire Down Below,1997-09-05,1997,16228448.0,train
Air Bud,1997-08-01,1997,23144499.0,train
The Opposite of Sex,1998-05-22,1997,5881367.0,train
For Richer or Poorer,1997-12-12,1997,32748995.0,train
The Castle,1999-05-07,1997,877862.0,train
Turbo: A Power Rangers Movie,1997-03-28,1997,9615840.0,train
Rosewood,1997-02-21,1997,13130349.0,train
Addicted to Love,1997-05-23,1997,34673095.0,train
Metro,1997-01-17,1997,32000301.0,train
Red Corner,1997-10-31,1997,22459274.0,train
Affliction,1999-02-19,1997,6330054.0,train
Love Jones,1997-03-14,1997,12782749.0,train
A Thousand Acres,1997-09-19,1997,7936780.0,train
Nowhere,1997-05-09,1997,194201.0,train
Hoodlum,1997-08-27,1997,23499102.0,train
Excess Baggage,1997-08-29,1997,14515490.0,train
Fever Pitch,1997-04-04,1997,3736.0,train
The Man Who Knew Too Little,1997-11-14,1997,13717039.0,train
The Beautician and the Beast,1997-02-07,1997,11486880.0,train
Suicide Kings,1998-09-25,1997,1740156.0,train
City of Industry,1997-03-14,1997,1568258.0,train
Bent,1997-11-26,1997,496059.0,train
One Eight Seven,1997-07-30,1997,5727130.0,train
Mrs. Brown,1997-10-03,1997,9229808.0,train
Deconstructing Harry,1998-01-02,1997,10686841.0,train
A Life Less Ordinary,1997-10-24,1997,4366722.0,train
Fireworks,1998-03-20,1997,500000.0,train
Insomnia,1998-05-29,1997,227569.0,train
Booty Call,1997-02-26,1997,20050376.0,train
Nightwatch,1998-04-17,1997,1179002.0,train
The Night Flier,1998-02-06,1997,125397.0,train
Kull the Conqueror,1997-08-29,1997,6112613.0,train
The Spanish Prisoner,1998-05-15,1997,9593903.0,train
The Pest,1997-02-07,1997,3600616.0,train
The Wings of the Dove,1998-03-13,1997,13692848.0,train
Warriors of Virtue,1997-05-02,1997,6537036.0,train
Gridlock'd,1997-01-29,1997,5571205.0,train
FairyTale: A True Story,1997-10-24,1997,14059077.0,train
The Apostle,1998-02-20,1997,19868354.0,train
Still Breathing,1998-11-12,1997,228455.0,train
Mr. Nice Guy,1998-03-20,1997,18814720.0,train
That Darn Cat,1997-02-14,1997,18301610.0,train
Anna Karenina,1997-04-04,1997,858553.0,train
Ulee's Gold,1997-07-18,1997,9161691.0,train
Prefontaine,1997-01-24,1997,589304.0,train
Cats Don't Dance,1997-03-26,1997,3566637.0,train
Turbulence,1997-01-10,1997,11538235.0,train
One Night Stand,1997-09-17,1997,2642983.0,train
Paradise Road,1997-04-11,1997,2007100.0,train
Trojan War,1997-10-01,1997,309.0,train
Mr. Magoo,1997-12-25,1997,21437192.0,train
Fathers' Day,1997-05-09,1997,28598376.0,train
Lawn Dogs,1998-05-15,1997,106404.0,train
Two Girls and a Guy,1999-01-29,1997,2057193.0,train
Free Willy 3: The Rescue,1997-08-08,1997,3446539.0,train
Knockin' on Heaven's Door,1997-02-20,1997,5710.0,train
The House of Yes,1997-10-10,1997,626057.0,train
She's So Lovely,1997-08-29,1997,7281450.0,train
Twin Town,1997-05-09,1997,127923.0,train
Leave It to Beaver,1997-08-22,1997,10925060.0,train
A Simple Wish,1997-07-11,1997,8345056.0,train
Going All the Way,1997-09-19,1997,113069.0,train
Star Kid,1998-01-16,1997,7029025.0,train
Plump Fiction,1997-05-23,1997,71145.0,train
The Last Time I Committed Suicide,1997-06-20,1997,46362.0,train
Out to Sea,1997-07-02,1997,30716901.0,train
Gone Fishin',1997-05-30,1997,19745922.0,train
Gang Related,1997-10-08,1997,5906773.0,train
Most Wanted,1997-10-10,1997,11838218.0,train
8 Heads in a Duffel Bag,1997-04-18,1997,3602884.0,train
The Sixth Man,1997-03-28,1997,14772788.0,train
Firelight,1998-09-04,1997,785482.0,train
Masterminds,1997-08-22,1997,1935539.0,train
The Real Blonde,1998-02-27,1997,83488.0,train
The Assignment,1997-09-26,1997,332597.0,train
Eight Days a Week,1999-02-26,1997,9090.0,train
Welcome to Sarajevo,1997-11-26,1997,334319.0,train
Swept from the Sea,1998-01-23,1997,397020.0,train
Playing God,1997-10-17,1997,4166918.0,train
In the Company of Men,1997-08-01,1997,2804473.0,train
Hugo Pool,1997-12-12,1997,13330.0,train
How to Be a Player,1997-08-06,1997,14009368.0,train
The Locusts,1997-10-03,1997,40158.0,train
Mr. Jealousy,1998-06-05,1997,301796.0,train
McHale's Navy,1997-04-18,1997,4529843.0,train
Oscar and Lucinda,1997-12-31,1997,1897404.0,train
Smilla's Sense of Snow,1997-02-28,1997,2372903.0,train
Trial and Error,1997-05-30,1997,14598571.0,train
The MatchMaker,1997-10-03,1997,3392080.0,train
The Big Lebowski,1998-03-06,1998,46748721.0,train
Saving Private Ryan,1998-07-24,1998,482349603.0,train
American History X,1998-11-20,1998,23875127.0,train
"Lock, Stock and Two Smoking Barrels",1998-08-28,1998,3753929.0,train
The Truman Show,1998-06-05,1998,264118201.0,train
Armageddon,1998-07-01,1998,553709788.0,train
Rounders,1998-09-11,1998,22912409.0,train
The Parent Trap,1998-07-29,1998,92108659.0,train
Wild Things,1998-03-20,1998,30166293.0,train
Blade,1998-08-21,1998,131183530.0,train
The Wedding Singer,1998-02-13,1998,123306987.0,train
Meet Joe Black,1998-11-13,1998,142940100.0,train
Rush Hour,1998-09-18,1998,244721064.0,train
Fear and Loathing in Las Vegas,1998-05-22,1998,10680275.0,train
Deep Impact,1998-05-08,1998,349464664.0,train
There's Something About Mary,1998-07-15,1998,369884651.0,train
The Faculty,1998-12-25,1998,40283321.0,train
A Bug's Life,1998-11-25,1998,363258859.0,train
Out of Sight,1998-06-26,1998,77745966.0,train
Mulan,1998-06-19,1998,304320254.0,train
Practical Magic,1998-10-16,1998,46733235.0,train
The Thin Red Line,1999-01-15,1998,98126565.0,train
Pleasantville,1998-10-23,1998,49805462.0,train
You've Got Mail,1998-12-18,1998,250821495.0,train
What Dreams May Come,1998-10-02,1998,55382927.0,train
Rushmore,1999-02-19,1998,17196103.0,train
The Mask of Zorro,1998-07-17,1998,250288523.0,train
A Perfect Murder,1998-06-05,1998,128038368.0,train
Dark City,1998-02-27,1998,27200316.0,train
Ever After: A Cinderella Story,1998-07-31,1998,98005666.0,train
Godzilla,1998-05-20,1998,379014294.0,train
Shakespeare in Love,1999-01-08,1998,289317794.0,train
Can't Hardly Wait,1998-06-12,1998,25605015.0,train
Small Soldiers,1998-07-10,1998,54682547.0,train
Snake Eyes,1998-08-07,1998,103891409.0,train
The Prince of Egypt,1998-12-18,1998,218613188.0,train
Stepmom,1998-12-25,1998,159710793.0,train
The Waterboy,1998-11-06,1998,185991646.0,train
Blast from the Past,1999-02-12,1998,40263020.0,train
Star Trek: Insurrection,1998-12-11,1998,112587658.0,train
The Man in the Iron Mask,1998-03-13,1998,182968902.0,train
Enemy of the State,1998-11-20,1998,250849789.0,train
The Celebration,1998-06-19,1998,1657778.0,train
Urban Legend,1998-09-25,1998,72527595.0,train
Fallen,1998-01-16,1998,25232289.0,train
Ronin,1998-09-25,1998,41616262.0,train
Lost in Space,1998-04-03,1998,136159423.0,train
Bride of Chucky,1998-10-16,1998,50688658.0,train
Pi,1998-07-10,1998,3221152.0,train
The Horse Whisperer,1998-05-15,1998,186883563.0,train
Happiness,1998-10-16,1998,2982011.0,train
Patch Adams,1998-12-25,1998,202292902.0,train
Sphere,1998-02-13,1998,37020277.0,train
U.S. Marshals,1998-03-06,1998,102367405.0,train
Six Days Seven Nights,1998-06-12,1998,164839294.0,train
Deep Rising,1998-01-30,1998,11203026.0,train
Lethal Weapon 4,1998-07-10,1998,285444603.0,train
Elizabeth,1999-02-19,1998,82150642.0,train
The Negotiator,1998-07-29,1998,44547681.0,train
54,1998-08-28,1998,16757163.0,train
Hope Floats,1998-05-29,1998,81471882.0,train
Sliding Doors,1998-05-01,1998,11841544.0,train
Buffalo '66,1998-06-26,1998,2375097.0,train
Psycho,1998-12-04,1998,37170655.0,train
Halloween H20: 20 Years Later,1998-08-05,1998,55041738.0,train
Disturbing Behavior,1998-07-24,1998,17514980.0,train
Mercury Rising,1998-04-03,1998,93107289.0,train
Run Lola Run,1999-06-18,1998,7267585.0,train
City of Angels,1998-04-10,1998,198685114.0,train
Half Baked,1998-01-16,1998,17460020.0,train
He Got Game,1998-05-01,1998,21567853.0,train
Antz,1998-10-02,1998,171757863.0,train
A Simple Plan,1999-01-22,1998,16316273.0,train
Vampires,1998-10-30,1998,20308772.0,train
Velvet Goldmine,1998-10-23,1998,1053788.0,train
Following,1999-11-05,1998,48482.0,train
I Stand Alone,1999-02-17,1998,6955.0,train
Great Expectations,1998-01-30,1998,55494066.0,train
The Avengers,1998-08-14,1998,23384939.0,train
The Legend of 1900,1998-10-28,1998,21057208.0,train
I Still Know What You Did Last Summer,1998-11-13,1998,40002112.0,train
The Siege,1998-11-06,1998,116672912.0,train
Soldier,1998-10-23,1998,14594226.0,train
A Night at the Roxbury,1998-10-02,1998,30331165.0,train
Why Do Fools Fall in Love,1998-08-28,1998,12461773.0,train
The X Files,1998-06-19,1998,189176423.0,train
BASEketball,1998-07-31,1998,7027290.0,train
Six-String Samurai,1998-09-18,1998,146125.0,train
SLC Punk!,1999-04-16,1998,299569.0,train
The Replacement Killers,1998-02-06,1998,19204929.0,train
Croupier,2000-07-28,1998,7120568.0,train
Bulworth,1998-05-22,1998,29202884.0,train
Dirty Work,1998-06-12,1998,10023282.0,train
Apt Pupil,1998-10-23,1998,8863193.0,train
Doctor Dolittle,1998-06-26,1998,294456605.0,train
Species II,1998-04-10,1998,19221939.0,train
Celebrity,1998-11-20,1998,5078660.0,train
Very Bad Things,1998-11-25,1998,9898412.0,train
Madeline,1998-07-10,1998,29967750.0,train
The Last Days of Disco,1998-06-12,1998,3020601.0,train
The Big Hit,1998-04-24,1998,27007143.0,train
Blues Brothers 2000,1998-02-06,1998,14051384.0,train
Gods and Monsters,1998-11-04,1998,6451628.0,train
The Red Violin,1999-06-11,1998,10019109.0,train
Mighty Joe Young,1998-12-25,1998,50632037.0,train
The Object of My Affection,1998-04-17,1998,46905889.0,train
Twilight,1998-03-06,1998,15055091.0,train
Pokémon: The First Movie - Mewtwo Strikes Back,1999-11-10,1998,163644662.0,train
Belly,1998-11-04,1998,9639390.0,train
Les Misérables,1998-05-01,1998,14096321.0,train
Waking Ned Devine,1999-01-08,1998,55257450.0,train
Babe: Pig in the City,1998-11-25,1998,69131860.0,train
Eternity and a Day,1999-05-28,1998,107178.0,train
Primary Colors,1998-03-20,1998,52090187.0,train
Quest for Camelot,1998-05-15,1998,22510798.0,train
Show Me Love,1998-10-23,1998,219331.0,train
Hard Rain,1998-01-16,1998,19870567.0,train
Strike!,1998-09-04,1998,913834.0,train
The Mighty,1998-10-30,1998,2652246.0,train
Wrongfully Accused,1998-08-21,1998,9623329.0,train
New Rose Hotel,1999-03-19,1998,21521.0,train
Simon Birch,1998-09-11,1998,18253415.0,train
Thursday,1998-09-25,1998,3121.0,train
"Crna macka, beli macor",1998-06-01,1998,351447.0,train
Dance with Me,1998-08-21,1998,15923122.0,train
Jack Frost,1998-12-11,1998,34562556.0,train
Hush,1998-03-06,1998,13583690.0,train
How Stella Got Her Groove Back,1998-08-14,1998,39278722.0,train
Almost Heroes,1998-05-29,1998,6136856.0,train
Major League: Back to the Minors,1998-04-17,1998,3572443.0,train
High Art,1998-06-12,1998,1960216.0,train
A Civil Action,1999-01-08,1998,56709981.0,train
Playing by Heart,1999-01-22,1998,3970078.0,train
The Rugrats Movie,1998-11-20,1998,140894675.0,train
The Players Club,1998-04-08,1998,23261485.0,train
Dead Man on Campus,1998-08-21,1998,15064946.0,train
Senseless,1998-02-20,1998,12874899.0,train
Black Dog,1998-05-01,1998,12951088.0,train
Dangerous Beauty,1998-02-20,1998,4553271.0,train
The Newton Boys,1998-03-27,1998,10452012.0,train
Central Station,1998-11-20,1998,5971073.0,train
Pecker,1998-10-09,1998,2281761.0,train
Without Limits,1998-09-11,1998,777423.0,train
Wide Awake,1998-03-20,1998,282175.0,train
Return to Paradise,1998-08-14,1998,8341087.0,train
Mafia!,1998-07-24,1998,19889299.0,train
Desperate Measures,1998-01-30,1998,13806137.0,train
I Want You,1998-10-30,1998,1672.0,train
Hideous Kinky,1999-01-13,1998,1263279.0,train
Phantoms,1998-01-23,1998,5624282.0,train
Smoke Signals,1998-11-27,1998,6745362.0,train
Beloved,1998-10-16,1998,22852487.0,train
3 Ninjas: High Noon at Mega Mountain,1998-06-18,1998,375805.0,train
Lovers of the Arctic Circle,1998-08-28,1998,357549.0,train
One True Thing,1998-09-18,1998,26616840.0,train
Firestorm,1998-01-09,1998,8165212.0,train
Slums of Beverly Hills,1998-09-11,1998,5502773.0,train
Palmetto,1998-02-20,1998,5878911.0,train
Strangeland,1998-10-02,1998,713239.0,train
Le Dîner de Cons,1998-04-15,1998,4071548.0,train
Paulie,1998-04-17,1998,26875268.0,train
After Life,1999-04-17,1998,801985.0,train
Barney's Great Adventure,1998-04-03,1998,12218638.0,train
Permanent Midnight,1999-04-23,1998,1171001.0,train
Meet the Deedles,1998-03-27,1998,4356216.0,train
The Gingerbread Man,1998-01-23,1998,1677131.0,train
Savior,1998-11-20,1998,14328.0,train
Little Voice,1998-12-04,1998,4611784.0,train
The Odd Couple II,1998-04-10,1998,18912328.0,train
Spriggan,1998-09-05,1998,25824.0,train
Besieged,1999-02-05,1998,2048740.0,train
Clay Pigeons,1998-09-25,1998,1794086.0,train
Knock Off,1998-09-04,1998,10319915.0,train
I'll Be Home for Christmas,1998-11-13,1998,12214338.0,train
Edge of Seventeen,2000-04-20,1998,871759.0,train
My Giant,1998-04-10,1998,8072007.0,train
Ringmaster,1998-11-25,1998,9257103.0,train
The General,1998-12-18,1998,1214198.0,train
Another Day in Paradise,1999-01-22,1998,1036818.0,train
Kissing a Fool,1998-02-27,1998,4106588.0,train
"A Cool, Dry Place",1999-01-29,1998,4390.0,train
Sour Grapes,1998-04-17,1998,123104.0,train
Still Crazy,1999-01-22,1998,524864.0,train
The Land Girls,1998-06-12,1998,238497.0,train
Place Vendôme,1998-10-07,1998,895788.0,train
Little Men,1998-05-08,1998,104255.0,train
Holy Man,1998-10-09,1998,12069719.0,train
Your Friends and Neighbors,1998-08-21,1998,4714658.0,train
Zero Effect,1998-01-30,1998,2087471.0,train
Krippendorf's Tribe,1998-02-27,1998,7571115.0,train
Hell's Kitchen,2001-01-19,1998,11710.0,train
Homegrown,1998-04-17,1998,77910.0,train
Hurlyburly,1998-12-25,1998,1808004.0,train
Home Fries,1998-11-25,1998,10493366.0,train
The Matrix,1999-03-31,1999,466364845.0,train
Fight Club,1999-10-15,1999,101209702.0,train
The Talented Mr. Ripley,1999-12-25,1999,128799509.0,train
Eyes Wide Shut,1999-07-16,1999,162242684.0,train
The Mummy,1999-05-07,1999,415933406.0,train
American Pie,1999-07-09,1999,235483004.0,train
The Green Mile,1999-12-10,1999,286801374.0,train
American Beauty,1999-10-01,1999,356296601.0,train
Star Wars: Episode I - The Phantom Menace,1999-05-19,1999,1027082707.0,train
10 Things I Hate About You,1999-03-31,1999,53478579.0,train
The Sixth Sense,1999-08-06,1999,672806292.0,train
Austin Powers: the Spy Who Shagged Me,1999-06-11,1999,312016928.0,train
Office Space,1999-02-19,1999,10828256.0,train
Galaxy Quest,1999-12-25,1999,90683916.0,train
Notting Hill,1999-05-28,1999,363889678.0,train
Cruel Intentions,1999-03-05,1999,76347426.0,train
The Blair Witch Project,1999-07-30,1999,248639099.0,train
The Virgin Suicides,2000-05-19,1999,10410044.0,train
Magnolia,2000-01-07,1999,48451803.0,train
"Girl, Interrupted",2000-01-14,1999,48350205.0,train
Stuart Little,1999-12-17,1999,300135367.0,train
Deep Blue Sea,1999-07-28,1999,164648142.0,train
The Boondock Saints,2000-01-21,1999,30471.0,train
Varsity Blues,1999-01-15,1999,54294169.0,train
She's All That,1999-01-29,1999,103166989.0,train
Sleepy Hollow,1999-11-19,1999,206071502.0,train
Lake Placid,1999-07-16,1999,56870414.0,train
Toy Story 2,1999-11-24,1999,497375381.0,train
Dogma,1999-11-12,1999,31429330.0,train
Tarzan,1999-06-18,1999,448191819.0,train
Election,1999-05-07,1999,14902041.0,train
Being John Malkovich,1999-12-03,1999,23106667.0,train
The Iron Giant,1999-08-06,1999,23180087.0,train
The World Is Not Enough,1999-11-19,1999,361832400.0,train
Romance,1999-04-14,1999,1585642.0,train
Mystery Men,1999-08-06,1999,33461011.0,train
Wild Wild West,1999-06-30,1999,222104681.0,train
Big Daddy,1999-06-25,1999,234801895.0,train
The Ninth Gate,2000-03-10,1999,58401898.0,train
Double Jeopardy,1999-09-24,1999,177841558.0,train
The Insider,1999-11-05,1999,60289912.0,train
Deuce Bigalow: Male Gigolo,1999-12-10,1999,92938755.0,train
The 13th Warrior,1999-08-27,1999,61698899.0,train
Life,1999-04-16,1999,73475268.0,train
End of Days,1999-11-24,1999,211989043.0,train
The Thomas Crown Affair,1999-08-06,1999,124305181.0,train
Drop Dead Gorgeous,1999-07-23,1999,10571408.0,train
Boys Don't Cry,2000-03-31,1999,11540607.0,train
8MM,1999-02-26,1999,96618699.0,train
House on Haunted Hill,1999-10-29,1999,42593455.0,train
But I'm a Cheerleader,2000-08-11,1999,2595216.0,train
Never Been Kissed,1999-04-09,1999,84565230.0,train
Jawbreaker,1999-02-19,1999,3117085.0,train
The Bone Collector,1999-11-05,1999,151493655.0,train
Any Given Sunday,1999-12-22,1999,100230832.0,train
A Walk on the Moon,1999-04-23,1999,4750660.0,train
Summer of Sam,1999-07-02,1999,19288130.0,train
The Cider House Rules,2000-01-07,1999,88545092.0,train
October Sky,1999-02-19,1999,34698753.0,train
The Haunting,1999-07-23,1999,177311151.0,train
eXistenZ,1999-04-23,1999,2856712.0,train
For Love of the Game,1999-09-17,1999,46112640.0,train
Bringing Out the Dead,1999-10-22,1999,16797191.0,train
Three Kings,1999-10-01,1999,107752036.0,train
Go,1999-04-09,1999,28451622.0,train
Payback,1999-02-05,1999,161626121.0,train
"South Park: Bigger, Longer & Uncut",1999-06-30,1999,83137603.0,train
The Straight Story,1999-11-03,1999,6416569.0,train
Idle Hands,1999-04-30,1999,4152230.0,train
Bowfinger,1999-08-13,1999,98625775.0,train
Detroit Rock City,1999-08-13,1999,4217115.0,train
The General's Daughter,1999-06-18,1999,149705852.0,train
The Messenger: The Story of Joan of Arc,1999-11-12,1999,66976317.0,train
Man on the Moon,1999-12-22,1999,47434430.0,train
Ratcatcher,1999-11-12,1999,217244.0,train
Ravenous,1999-03-19,1999,2062405.0,train
Entrapment,1999-04-30,1999,212404396.0,train
Mansfield Park,1999-12-25,1999,4775847.0,train
Stir of Echoes,1999-09-10,1999,21142914.0,train
Ghost Dog: The Way of the Samurai,2000-03-24,1999,9380473.0,train
Teaching Mrs. Tingle,1999-08-20,1999,8951935.0,train
Bicentennial Man,1999-12-17,1999,87423861.0,train
Runaway Bride,1999-07-30,1999,309460292.0,train
The Thirteenth Floor,1999-05-28,1999,18564088.0,train
Inspector Gadget,1999-07-23,1999,134403112.0,train
Arlington Road,1999-07-09,1999,41067311.0,train
The Hurricane,2000-01-14,1999,73956241.0,train
All About My Mother,2000-03-31,1999,67952969.0,train
Drive Me Crazy,1999-10-01,1999,22593409.0,train
Blue Streak,1999-09-17,1999,117758500.0,train
The Limey,1999-08-04,1999,3325736.0,train
Message in a Bottle,1999-02-12,1999,118880016.0,train
Stigmata,1999-09-10,1999,89446268.0,train
A Midsummer Night's Dream,1999-05-14,1999,16071990.0,train
The Other Sister,1999-02-26,1999,27807627.0,train
Analyze This,1999-03-05,1999,176885658.0,train
Human Traffic,2000-05-05,1999,104257.0,train
Brokedown Palace,1999-08-13,1999,10115013.0,train
Holy Smoke,2000-02-18,1999,1765545.0,train
Virus,1999-01-15,1999,30657854.0,train
Superstar,1999-10-08,1999,30636478.0,train
The Best Man,1999-10-22,1999,34573780.0,train
Dick,1999-08-04,1999,6262878.0,train
The War Zone,1999-06-11,1999,254441.0,train
True Crime,1999-03-19,1999,16649768.0,train
Titus,2000-02-11,1999,2259680.0,train
Forces of Nature,1999-03-19,1999,93900680.0,train
Better Than Chocolate,1999-08-13,1999,2015406.0,train
Body Shots,2000-01-21,1999,752122.0,train
Angela's Ashes,2000-01-21,1999,13042112.0,train
Universal Soldier: the Return,1999-08-20,1999,10667893.0,train
Anna and the King,1999-12-17,1999,113996937.0,train
The End of the Affair,2000-01-21,1999,10827816.0,train
"Mystery, Alaska",1999-10-01,1999,8891623.0,train
Baby Geniuses,1999-03-12,1999,36450736.0,train
My Favorite Martian,1999-02-12,1999,36850101.0,train
Anywhere But Here,1999-11-12,1999,23631929.0,train
Ride with the Devil,1999-11-05,1999,635096.0,train
200 Cigarettes,1999-02-26,1999,6852450.0,train
Edtv,1999-03-26,1999,35242897.0,train
Sunshine,2000-07-14,1999,7918035.0,train
Random Hearts,1999-10-08,1999,74608570.0,train
Mickey Blue Eyes,1999-08-20,1999,54264342.0,train
Asterix and Obelix vs. Caesar,2000-07-14,1999,1632567.0,train
Fantasia 2000,2000-06-16,1999,90874570.0,train
The Rage: Carrie 2,1999-03-12,1999,17762705.0,train
The Astronaut's Wife,1999-08-27,1999,19598588.0,train
Muppets from Space,1999-07-14,1999,22323612.0,train
The Wind Will Carry Us,1999-11-24,1999,259510.0,train
Eye of the Beholder,2000-01-28,1999,17589705.0,train
The Wood,1999-07-16,1999,25059640.0,train
Flawless,1999-11-24,1999,4488529.0,train
Love Stinks,1999-09-10,1999,2924635.0,train
Pushing Tin,1999-04-23,1999,8408835.0,train
The Adventures of Elmo in Grouchland,1999-10-01,1999,11683047.0,train
In Dreams,1999-01-15,1999,12017369.0,train
Topsy-Turvy,2000-02-11,1999,6208548.0,train
Instinct,1999-06-04,1999,34105207.0,train
Dudley Do-Right,1999-08-27,1999,9974410.0,train
The Deep End of the Ocean,1999-03-12,1999,28121100.0,train
Outside Providence,1999-09-01,1999,7302522.0,train
Kikujiro,2000-05-26,1999,461259.0,train
Simply Irresistible,1999-02-05,1999,4398989.0,train
Godzilla 2000: Millennium,2000-08-18,1999,12924063.0,train
The Story of Us,1999-10-15,1999,58900031.0,train
East Is East,2000-06-02,1999,4177818.0,train
Pokémon the Movie 2000,2000-07-21,1999,133949270.0,train
Sweet and Lowdown,2000-03-10,1999,4525794.0,train
Bats,1999-10-22,1999,10155690.0,train
At First Sight,1999-01-15,1999,22365133.0,train
An Ideal Husband,1999-06-30,1999,18542974.0,train
Coming Soon,1999-04-17,1999,5453.0,train
Tea with Mussolini,1999-05-14,1999,14401563.0,train
Gloria,1999-01-22,1999,4197729.0,train
Cookie's Fortune,1999-04-16,1999,10920544.0,train
Julien Donkey-Boy,2000-09-13,1999,92442.0,train
Three to Tango,1999-10-22,1999,10570375.0,train
Onegin,1999-11-19,1999,206128.0,train
Jin-Roh: The Wolf Brigade,1999-11-17,1999,94591.0,train
Mumford,1999-09-24,1999,4555459.0,train
Wing Commander,1999-03-12,1999,11578059.0,train
The Corruptor,1999-03-12,1999,24493601.0,train
Snow Falling on Cedars,2000-01-07,1999,23049593.0,train
Music of the Heart,1999-10-29,1999,14936407.0,train
The Love Letter,1999-05-21,1999,9177355.0,train
The Bachelor,1999-11-05,1999,36911617.0,train
In Too Deep,1999-08-25,1999,14011454.0,train
Black & White,2000-04-05,1999,5541431.0,train
Crazy in Alabama,1999-10-22,1999,2005840.0,train
Lost & Found,1999-04-23,1999,6552255.0,train
The Piano Player,1999-10-21,1999,646532.0,train
The Mod Squad,1999-03-26,1999,13263993.0,train
Best Laid Plans,1999-05-14,1999,27816.0,train
Play It to the Bone,2000-01-21,1999,8678812.0,train
Jakob the Liar,1999-09-24,1999,4956401.0,train
Cradle Will Rock,2000-01-21,1999,2986932.0,train
Plunkett & Macleane,1999-04-02,1999,474900.0,train
Breakfast of Champions,1999-02-18,1999,178278.0,train
The Winslow Boy,1999-10-29,1999,3957934.0,train
Liberty Heights,1999-12-31,1999,3736868.0,train
The Color of Paradise,2000-09-07,1999,2777552.0,train
Rosetta,1999-09-22,1999,293092.0,train
Trick,1999-07-23,1999,2087228.0,train
A Room for Romeo Brass,2000-02-04,1999,19478.0,train
An Affair of Love,1999-09-04,1999,401299.0,train
The Loss of Sexual Innocence,2000-01-07,1999,164022.0,train
Aimee & Jaguar,1999-02-11,1999,927107.0,train
The Out-of-Towners,1999-04-02,1999,28544120.0,train
A Map of the World,2000-01-21,1999,570708.0,train
The Minus Man,1999-10-08,1999,370668.0,train
8 ½ Women,1999-12-10,1999,437568.0,train
The King and I,1999-03-19,1999,11993021.0,train
Jesus' Son,2000-07-07,1999,1302067.0,train
"Happy, Texas",1999-12-03,1999,1955933.0,train
Joe the King,1999-01-22,1999,60279.0,train
Almost Famous,2000-09-22,2000,47386287.0,train
American Psycho,2000-04-14,2000,34266564.0,train
Gladiator,2000-05-05,2000,465380802.0,train
Snatch,2001-01-19,2000,83557872.0,train
Requiem for a Dream,2000-12-15,2000,7390108.0,train
Memento,2001-05-25,2000,40047078.0,train
Malena,2001-02-02,2000,14493284.0,train
Cast Away,2000-12-22,2000,429632142.0,train
Scary Movie,2000-07-07,2000,278019771.0,train
The Perfect Storm,2000-06-30,2000,328718434.0,train
Coyote Ugly,2000-08-04,2000,113916474.0,train
X-Men,2000-07-14,2000,296339528.0,train
Space Cowboys,2000-08-04,2000,128884132.0,train
The Patriot,2000-06-28,2000,215294342.0,train
Erin Brockovich,2000-03-17,2000,256271286.0,train
Unbreakable,2000-11-22,2000,248118121.0,train
Charlie's Angels,2000-11-03,2000,264105545.0,train
Road Trip,2000-05-19,2000,119754278.0,train
The Beach,2000-02-11,2000,144056873.0,train
Bring It on,2000-08-25,2000,90449929.0,train
Remember the Titans,2000-09-29,2000,136771683.0,train
Mission: Impossible II,2000-05-24,2000,546388108.0,train
"O Brother, Where Art Thou?",2001-02-02,2000,71870729.0,train
The 6th Day,2000-11-17,2000,96085477.0,train
Chicken Run,2000-06-23,2000,224834564.0,train
The Cell,2000-08-18,2000,104155843.0,train
Final Destination,2000-03-17,2000,112880294.0,train
Traffic,2001-01-05,2000,207515725.0,train
Sexy Beast,2001-07-13,2000,10045677.0,train
In the Mood for Love,2001-03-09,2000,14244250.0,train
What Lies Beneath,2000-07-21,2000,291420351.0,train
The Emperor's New Groove,2000-12-15,2000,169661687.0,train
"Crouching Tiger, Hidden Dragon",2001-01-12,2000,213525736.0,train
Gone in 60 Seconds,2000-06-09,2000,237202299.0,train
"Dude, Where's My Car?",2000-12-15,2000,73180723.0,train
Meet the Parents,2000-10-06,2000,330444045.0,train
Pitch Black,2000-02-18,2000,53187659.0,train
Hollow Man,2000-08-04,2000,190213455.0,train
Ginger Snaps,2001-05-11,2000,2554.0,train
Miss Congeniality,2000-12-22,2000,212742720.0,train
High Fidelity,2000-03-31,2000,47126295.0,train
Battlefield Earth,2000-05-12,2000,29725663.0,train
Scream 3,2000-02-04,2000,161834276.0,train
Best in Show,2000-10-20,2000,20789556.0,train
The Whole Nine Yards,2000-02-18,2000,106371651.0,train
Chocolat,2001-01-19,2000,152699976.0,train
Billy Elliot,2000-11-10,2000,109283018.0,train
Amores Perros,2001-04-13,2000,20908467.0,train
"Me, Myself & Irene",2000-06-23,2000,149270999.0,train
U-571,2000-04-21,2000,127666415.0,train
Bedazzled,2000-10-20,2000,90383208.0,train
The Road to El Dorado,2000-03-31,2000,76432727.0,train
Scarlet Diva,2000-05-26,2000,18062.0,train
Dinosaur,2000-05-19,2000,349822765.0,train
How the Grinch Stole Christmas,2000-11-17,2000,363597184.0,train
Dancer in the Dark,2000-10-06,2000,40059672.0,train
What Women Want,2000-12-15,2000,374111707.0,train
The Gift,2001-01-19,2000,44567606.0,train
The Family Man,2000-12-22,2000,124745083.0,train
Mission to Mars,2000-03-10,2000,110983407.0,train
The Replacements,2000-08-11,2000,50054511.0,train
Next Friday,2000-01-12,2000,59827328.0,train
Under Suspicion,2000-11-15,2000,1308242.0,train
Little Nicky,2000-11-10,2000,58292295.0,train
Boiler Room,2000-02-18,2000,28780255.0,train
Where the Heart Is,2000-04-28,2000,40863718.0,train
Frequency,2000-04-28,2000,68106245.0,train
Men of Honor,2000-11-10,2000,82343495.0,train
28 Days,2000-04-14,2000,62198945.0,train
Love & Basketball,2000-04-21,2000,27728118.0,train
Shanghai Noon,2000-05-26,2000,99274467.0,train
The Little Vampire,2000-10-27,2000,27965865.0,train
Quills,2001-01-19,2000,17989227.0,train
Pay It Forward,2000-10-20,2000,55707411.0,train
Vertical Limit,2000-12-08,2000,215663859.0,train
The Flintstones in Viva Rock Vegas,2000-04-28,2000,59468275.0,train
Baise-moi,2000-06-28,2000,940944.0,train
Reindeer Games,2000-02-25,2000,32168970.0,train
Dracula 2000,2000-12-22,2000,47053625.0,train
102 Dalmatians,2000-11-22,2000,183611771.0,train
Red Planet,2000-11-10,2000,33463969.0,train
Dungeons & Dragons,2000-12-08,2000,33978694.0,train
Get Carter,2000-10-06,2000,19412993.0,train
Wonder Boys,2000-02-25,2000,33426588.0,train
Shaft,2000-06-16,2000,107626125.0,train
Finding Forrester,2001-01-12,2000,80049764.0,train
The Legend of Bagger Vance,2000-11-03,2000,39459427.0,train
Titan A.E.,2000-06-16,2000,36754634.0,train
Snow Day,2000-02-11,2000,62464731.0,train
The Watcher,2000-09-08,2000,47267829.0,train
The Skulls,2000-03-31,2000,50802120.0,train
Romeo Must Die,2000-03-22,2000,91036760.0,train
Big Momma's House,2000-06-02,2000,173959438.0,train
Drowning Mona,2000-03-03,2000,15910104.0,train
Chopper,2000-08-03,2000,238471.0,train
Keeping the Faith,2000-04-14,2000,59945183.0,train
Center Stage,2000-05-12,2000,26385941.0,train
Dancing at the Blue Iguana,2001-10-11,2000,122121.0,train
Book of Shadows: Blair Witch 2,2000-10-27,2000,47737094.0,train
Rules of Engagement,2000-04-07,2000,71732303.0,train
Thirteen Days,2001-01-12,2000,66579890.0,train
You Can Count on Me,2000-12-22,2000,11242521.0,train
The Kid,2000-07-07,2000,110317580.0,train
All the Pretty Horses,2000-12-25,2000,18133495.0,train
Hanging Up,2000-02-18,2000,51880044.0,train
Yi Yi,2000-12-16,2000,1196218.0,train
The Dish,2001-05-04,2000,16575074.0,train
Supernova,2000-01-14,2000,14828081.0,train
Loser,2000-07-21,2000,18404706.0,train
Down to You,2000-01-21,2000,24419914.0,train
The Way of the Gun,2000-09-08,2000,13200972.0,train
The Adventures of Rocky & Bullwinkle,2000-06-30,2000,35134820.0,train
Cecil B. Demented,2000-09-01,2000,1961544.0,train
Nutty Professor II: the Klumps,2000-07-28,2000,166339890.0,train
The Crimson Rivers,2001-07-13,2000,60103680.0,train
Proof of Life,2000-12-08,2000,62761005.0,train
Bamboozled,2000-10-20,2000,2463650.0,train
Shadow of the Vampire,2001-01-26,2000,11155214.0,train
Thomas and the Magic Railroad,2000-07-26,2000,19748009.0,train
Tigerland,2001-05-24,2000,148701.0,train
Return to Me,2000-04-07,2000,36609995.0,train
Boys and Girls,2000-06-16,2000,25850615.0,train
Whatever It Takes,2000-03-24,2000,9902115.0,train
Chuck & Buck,2000-08-04,2000,1182065.0,train
Autumn in New York,2000-08-11,2000,90726668.0,train
Pollock,2001-03-23,2000,10994533.0,train
The Art of War,2000-08-25,2000,40400425.0,train
Before Night Falls,2001-02-23,2000,8601053.0,train
Left Behind: The Movie,2001-02-02,2000,4224065.0,train
Love & Sex,2000-07-14,2000,580372.0,train
Psycho Beach Party,2001-09-07,2000,268117.0,train
Bait,2000-09-15,2000,15471969.0,train
Saving Grace,2000-09-01,2000,28741330.0,train
Hamlet,2000-06-23,2000,2046433.0,train
The Isle,2000-04-22,2000,24963.0,train
Greenfingers,2001-09-14,2000,1961054.0,train
Highlander: Endgame,2000-09-01,2000,15843608.0,train
Dr. T & the Women,2000-10-13,2000,22844291.0,train
The Yards,2000-04-27,2000,924036.0,train
Urban Legends: Final Cut,2000-09-22,2000,38574362.0,train
Woman on Top,2000-09-22,2000,10194274.0,train
Ready to Rumble,2000-04-07,2000,12452362.0,train
Vampire Hunter D: Bloodlust,2001-09-28,2000,151086.0,train
Werckmeister Harmonies,2001-02-01,2000,25461.0,train
The Ladies Man,2000-10-13,2000,13743212.0,train
The Contender,2000-10-13,2000,22428990.0,train
Nine Queens,2000-08-31,2000,12413888.0,train
The Broken Hearts Club: A Romantic Comedy,2000-10-20,2000,2019121.0,train
The in Crowd,2000-07-19,2000,5280035.0,train
Girlfight,2000-10-06,2000,1666028.0,train
Beautiful Creatures,2001-01-19,2000,313768.0,train
Gossip,2000-04-21,2000,12591270.0,train
Waking the Dead,2000-03-24,2000,270745.0,train
My Dog Skip,2000-03-03,2000,35547761.0,train
Under the Sand,2001-05-04,2000,6531687.0,train
O Fantasma,2000-10-20,2000,126783.0,train
Hey Ram,2000-02-18,2000,274675.0,train
Duets,2000-09-15,2000,6620242.0,train
The Weight of Water,2002-07-31,2000,321279.0,train
Lucky Numbers,2000-10-27,2000,10890222.0,train
Animal Factory,2000-08-01,2000,43805.0,train
Bless the Child,2000-08-11,2000,40443010.0,train
The Man Who Cried,2000-12-08,2000,1322763.0,train
State and Main,2001-01-12,2000,9206279.0,train
Rugrats in Paris,2000-11-17,2000,103291131.0,train
Code Unknown,2001-11-30,2000,95242.0,train
Maelstrom,2000-09-15,2000,254380.0,train
Gangster No. 1,2000-06-09,2000,30915.0,train
Taxi 2,2000-10-06,2000,60726164.0,train
Small Time Crooks,2000-05-19,2000,29934477.0,train
Songs from the Second Floor,2000-10-06,2000,80334.0,train
Bounce,2000-11-17,2000,53425292.0,train
Bread and Tulips,2001-11-02,2000,9719848.0,train
Brother,2001-01-27,2000,15250594.0,train
"Love, Honor and Obey",2001-02-09,2000,1400.0,train
Nurse Betty,2000-09-08,2000,29364989.0,train
The House of Mirth,2000-10-13,2000,5164404.0,train
Beautiful,2000-09-29,2000,3169930.0,train
Here on Earth,2000-03-24,2000,10873148.0,train
The Million Dollar Hotel,2000-02-10,2000,105983.0,train
The Tigger Movie,2000-02-11,2000,96159800.0,train
What Planet Are You From?,2000-03-03,2000,14145677.0,train
Sade,2000-08-23,2000,100544.0,train
Committed,2000-04-18,2000,40361.0,train
Tillsammans,2001-09-21,2000,14596148.0,train
Harrison's Flowers,2002-03-15,2000,3033646.0,train
The Specials,2000-09-18,2000,13276.0,train
Love's Labour's Lost,2000-03-31,2000,299792.0,train
Lost Souls,2000-10-13,2000,31355910.0,train
The Golden Bowl,2001-05-25,2000,5753678.0,train
Digimon: The Movie,2000-10-06,2000,16643191.0,train
Sordid Lives,2001-05-11,2000,1111273.0,train
The Monkey's Mask,2001-05-10,2000,6831.0,train
The Next Best Thing,2000-03-03,2000,24362772.0,train
Gun Shy,2000-03-09,2000,3284444.0,train
Big Eden,2000-04-18,2000,512451.0,train
Harry Potter and the Sorcerer's Stone,2001-11-16,2001,1006968171.0,train
The Fast and the Furious,2001-06-22,2001,207305509.0,train
The Lord of the Rings: The Fellowship of the Ring,2001-12-19,2001,897690072.0,train
Legally Blonde,2001-07-13,2001,141774679.0,train
Mulholland Dr.,2001-10-19,2001,20263646.0,train
"Monsters, Inc.",2001-11-02,2001,579707738.0,train
Spirited Away,2003-03-28,2001,355475245.0,train
Donnie Darko,2001-01-19,2001,6981586.0,train
Not Another Teen Movie,2001-12-14,2001,66468985.0,train
Scary Movie 2,2001-07-04,2001,141220678.0,train
Ocean's Eleven,2001-12-07,2001,450717150.0,train
Shrek,2001-05-18,2001,487853320.0,train
Black Hawk Down,2002-01-18,2001,172989651.0,train
A Beautiful Mind,2002-01-04,2001,316791257.0,train
The Mummy Returns,2001-05-04,2001,443280904.0,train
Pearl Harbor,2001-05-25,2001,449220945.0,train
The Royal Tenenbaums,2002-01-04,2001,71444482.0,train
Amélie,2002-02-08,2001,173997108.0,train
Training Day,2001-10-05,2001,104876233.0,train
A.I. Artificial Intelligence,2001-06-29,2001,235926552.0,train
Ghost World,2001-09-21,2001,8764007.0,train
Super Troopers,2002-02-15,2001,23182223.0,train
A Knight's Tale,2001-05-11,2001,117487473.0,train
Blow,2001-04-06,2001,83282296.0,train
Hannibal,2001-02-09,2001,351692268.0,train
The Princess Diaries,2001-08-03,2001,165335153.0,train
Moulin Rouge!,2001-06-01,2001,184935320.0,train
Vanilla Sky,2001-12-14,2001,203388341.0,train
Thir13en Ghosts,2001-10-26,2001,68467960.0,train
Planet of the Apes,2001-07-27,2001,362211740.0,train
The Others,2001-08-10,2001,209947037.0,train
Joe Dirt,2001-04-11,2001,30987695.0,train
Atlantis: The Lost Empire,2001-06-15,2001,186053725.0,train
Rat Race,2001-08-17,2001,85498534.0,train
Summer Catch,2001-08-24,2001,19772447.0,train
Wet Hot American Summer,2001-08-31,2001,295206.0,train
Shallow Hal,2001-11-09,2001,141069860.0,train
Zoolander,2001-09-28,2001,60780981.0,train
Jurassic Park III,2001-07-18,2001,368780809.0,train
Enemy at the Gates,2001-03-16,2001,96976270.0,train
Gosford Park,2002-01-18,2001,87754044.0,train
Swordfish,2001-06-08,2001,147080413.0,train
Jeepers Creepers,2001-08-31,2001,59371303.0,train
Sex and Lucía,2001-08-24,2001,7640680.0,train
Hardball,2001-09-14,2001,44102389.0,train
Evolution,2001-06-08,2001,98376292.0,train
Original Sin,2001-08-03,2001,35402320.0,train
Monster's Ball,2002-03-01,2001,45011434.0,train
Spy Kids,2001-03-30,2001,147934180.0,train
Behind Enemy Lines,2001-11-30,2001,91753202.0,train
Intimacy,2001-03-28,2001,2672527.0,train
Bully,2001-12-12,2001,704808.0,train
Bridget Jones's Diary,2001-04-13,2001,281995610.0,train
I Am Sam,2002-01-25,2001,97818139.0,train
The Last Castle,2001-10-19,2001,27642707.0,train
The Piano Teacher,2001-09-05,2001,6766381.0,train
Spy Game,2001-11-21,2001,143049560.0,train
Lara Croft: Tomb Raider,2001-06-15,2001,274703340.0,train
American Pie 2,2001-08-10,2001,287553595.0,train
Frailty,2002-04-12,2001,17423030.0,train
Along Came a Spider,2001-04-06,2001,105178561.0,train
Rush Hour 2,2001-08-03,2001,347325802.0,train
Save the Last Dance,2001-01-12,2001,131706809.0,train
Domestic Disturbance,2001-11-02,2001,54249294.0,train
Riding in Cars with Boys,2001-10-19,2001,35743308.0,train
The Animal,2001-06-01,2001,85191134.0,train
How High,2001-12-21,2001,31283740.0,train
Joy Ride,2001-10-05,2001,36642838.0,train
3000 Miles to Graceland,2001-02-23,2001,18720175.0,train
The Score,2001-07-13,2001,114252154.0,train
Jason X,2002-04-26,2001,17077882.0,train
Jay and Silent Bob Strike Back,2001-08-24,2001,33788161.0,train
The Mexican,2001-03-02,2001,147845033.0,train
From Hell,2001-10-19,2001,74558115.0,train
Crocodile Dundee in Los Angeles,2001-04-20,2001,39438674.0,train
Heist,2001-11-09,2001,28510652.0,train
Serendipity,2001-10-05,2001,77516304.0,train
Brotherhood of the Wolf,2002-01-25,2001,70752904.0,train
The Pledge,2001-01-19,2001,29419291.0,train
American Outlaws,2001-08-17,2001,13678913.0,train
Ghosts of Mars,2001-08-24,2001,14010832.0,train
The Man Who Wasn't There,2001-11-16,2001,18916623.0,train
Rock Star,2001-09-07,2001,19334145.0,train
Osmosis Jones,2001-08-10,2001,14026418.0,train
Fat Girl,2001-03-07,2001,765705.0,train
Saving Silverman,2001-02-09,2001,26086706.0,train
The Glass House,2001-09-14,2001,23619609.0,train
The Wedding Planner,2001-01-26,2001,94728529.0,train
Heartbreakers,2001-03-23,2001,57756408.0,train
Session 9,2001-09-14,2001,1612259.0,train
Out Cold,2001-11-21,2001,14782676.0,train
Hedwig and the Angry Inch,2001-08-31,2001,3645107.0,train
Baby Boy,2001-06-27,2001,29381649.0,train
K-PAX,2001-10-26,2001,65001485.0,train
Freddy Got Fingered,2001-04-20,2001,14343028.0,train
Pulse,2005-11-09,2001,318451.0,train
Sweet November,2001-02-16,2001,65754228.0,train
Kate & Leopold,2001-12-25,2001,76019048.0,train
Don't Say a Word,2001-09-28,2001,100020092.0,train
Ali,2001-12-25,2001,87812729.0,train
Life as a House,2001-11-09,2001,23903791.0,train
Ichi the Killer,2001-12-22,2001,80631.0,train
Tomcats,2001-03-30,2001,23430766.0,train
Bandits,2001-10-12,2001,67631903.0,train
Monkeybone,2001-02-23,2001,7622365.0,train
In the Bedroom,2002-02-08,2001,44763181.0,train
Pootie Tang,2001-06-29,2001,3313583.0,train
Waking Life,2002-03-07,2001,3176880.0,train
Bubble Boy,2001-08-24,2001,5007898.0,train
Josie and the Pussycats,2001-04-11,2001,14866015.0,train
The Devil's Backbone,2001-04-20,2001,6582065.0,train
Shaolin Soccer,2001-07-05,2001,42776760.0,train
Jimmy Neutron: Boy Genius,2001-12-21,2001,102992536.0,train
Driven,2001-04-27,2001,54744738.0,train
Get Over It,2001-03-09,2001,19900366.0,train
Cowboy Bebop: The Movie,2003-05-16,2001,3007903.0,train
An American Rhapsody,2002-02-28,2001,970676.0,train
Exit Wounds,2001-03-16,2001,79958599.0,train
Manic,2003-05-23,2001,69958.0,train
Lagaan: Once Upon a Time in India,2001-06-15,2001,1724806.0,train
The Majestic,2001-12-21,2001,37317673.0,train
Valentine,2001-02-02,2001,36684136.0,train
Final Fantasy: The Spirits Within,2001-07-11,2001,85131830.0,train
The One,2001-11-02,2001,74005691.0,train
Lost and Delirious,2001-09-20,2001,396897.0,train
Sugar & Spice,2001-01-26,2001,16923761.0,train
Cats & Dogs,2001-07-04,2001,200687492.0,train
Hearts in Atlantis,2001-09-28,2001,30919415.0,train
America's Sweethearts,2001-07-20,2001,138307673.0,train
Kiss of the Dragon,2001-07-06,2001,64437847.0,train
Captain Corelli's Mandolin,2001-08-17,2001,62112895.0,train
The Believer,2001-08-23,2001,1309316.0,train
Dil Chahta Hai,2001-08-10,2001,316221.0,train
Someone Like You,2001-03-30,2001,38689940.0,train
Mean Machine,2001-12-26,2001,7310206.0,train
Enigma,2002-06-07,2001,15713204.0,train
The Experiment,2001-03-08,2001,13782896.0,train
Millennium Actress,2002-09-14,2001,262891.0,train
The Tailor of Panama,2001-03-30,2001,28008462.0,train
Formula 51,2002-10-18,2001,12881605.0,train
15 Minutes,2001-03-09,2001,56359980.0,train
Iris,2002-03-29,2001,16153953.0,train
Nowhere in Africa,2003-05-16,2001,24322180.0,train
Crazy/Beautiful,2001-06-29,2001,19937988.0,train
Angel Eyes,2001-05-18,2001,29715606.0,train
No Man's Land,2001-09-19,2001,4858869.0,train
Kabhi Khushi Kabhie Gham...,2001-12-14,2001,11334547.0,train
Buffalo Soldiers,2002-10-31,2001,2300684.0,train
The Anniversary Party,2001-06-29,2001,4931888.0,train
Blow Dry,2001-03-30,2001,830286.0,train
The Musketeer,2001-09-07,2001,32533802.0,train
O,2001-08-31,2001,19260537.0,train
Birthday Girl,2002-02-01,2001,16171098.0,train
Human Nature,2001-09-12,2001,1574660.0,train
Made,2001-08-31,2001,5480653.0,train
One Night at McCool's,2001-04-27,2001,13578186.0,train
Dr. Dolittle 2,2001-06-22,2001,176104344.0,train
Trouble Every Day,2001-07-11,2001,15571.0,train
Max Keeble's Big Move,2001-10-05,2001,18634654.0,train
The Center of the World,2001-05-18,2001,1460687.0,train
Wasabi,2001-10-31,2001,10366360.0,train
Soul Survivors,2001-09-07,2001,4299141.0,train
Black Knight,2001-11-21,2001,39976235.0,train
The Shipping News,2002-01-18,2001,24690441.0,train
The Deep End,2001-08-31,2001,10031529.0,train
The Son's Room,2001-03-09,2001,11767402.0,train
Kissing Jessica Stein,2002-04-05,2001,10013424.0,train
Antitrust,2001-01-12,2001,18195610.0,train
Just Visiting,2001-04-06,2001,16176732.0,train
Knockaround Guys,2002-10-11,2001,12806614.0,train
Monsoon Wedding,2002-04-26,2001,30787356.0,train
Lantana,2002-03-08,2001,15747450.0,train
L.I.E.,2002-11-29,2001,1846059.0,train
The Wash,2001-11-14,2001,10229331.0,train
Bones,2001-10-24,2001,8378853.0,train
Say It Isn't So,2001-03-23,2001,12320393.0,train
Texas Rangers,2001-11-30,2001,763740.0,train
What's the Worst That Could Happen?,2001-06-01,2001,38464131.0,train
Head Over Heels,2001-02-02,2001,13127022.0,train
Glitter,2001-09-21,2001,5271666.0,train
Down to Earth,2001-02-16,2001,71186502.0,train
Tape,2002-07-12,2001,515900.0,train
See Spot Run,2001-03-02,2001,43057552.0,train
Two Can Play That Game,2001-09-07,2001,22391450.0,train
Impostor,2002-01-04,2001,8694320.0,train
Storytelling,2001-11-08,2001,1318945.0,train
Metropolis,2002-01-25,2001,4035192.0,train
"Scotland, Pa.",2001-01-22,2001,384098.0,train
Tortilla Soup,2001-08-31,2001,4634077.0,train
The Affair of the Necklace,2001-12-07,2001,1198113.0,train
Lovely & Amazing,2002-08-02,2001,4677852.0,train
La Ciénaga,2001-04-12,2001,270811.0,train
Corky Romano,2001-10-12,2001,25272752.0,train
Read My Lips,2002-07-26,2001,5393526.0,train
Recess: School's Out,2001-02-16,2001,44460850.0,train
The Other Side of Heaven,2002-04-12,2001,4760014.0,train
The Grey Zone,2001-11-30,2001,621592.0,train
Novocaine,2001-12-14,2001,2534372.0,train
Charlotte Gray,2002-01-11,2001,5323109.0,train
The Curse of the Jade Scorpion,2001-08-24,2001,18914307.0,train
Spider-Man,2002-05-03,2002,825025036.0,train
The Sum of All Fears,2002-05-31,2002,193921372.0,train
8 Mile,2002-11-08,2002,242875078.0,train
The Pianist,2003-03-28,2002,120072577.0,train
Harry Potter and the Chamber of Secrets,2002-11-15,2002,879602366.0,train
The Lord of the Rings: The Two Towers,2002-12-18,2002,947495095.0,train
Road to Perdition,2002-07-12,2002,181001478.0,train
Resident Evil,2002-03-15,2002,102984862.0,train
Catch Me If You Can,2002-12-25,2002,352114312.0,train
28 Days Later...,2003-06-27,2002,85720385.0,train
City of God,2004-02-13,2002,30680793.0,train
Irreversible,2002-05-24,2002,6479328.0,train
The Ring,2002-10-18,2002,249348933.0,train
Signs,2002-08-02,2002,408247917.0,train
The Bourne Identity,2002-06-14,2002,214034224.0,train
Star Wars: Episode II - Attack of the Clones,2002-05-16,2002,653779970.0,train
Secretary,2002-10-11,2002,9304609.0,train
Scooby-Doo,2002-06-14,2002,275650703.0,train
Reign of Fire,2002-07-12,2002,82150183.0,train
Minority Report,2002-06-21,2002,358372926.0,train
Austin Powers in Goldmember,2002-07-26,2002,296938801.0,train
Red Dragon,2002-10-04,2002,209196298.0,train
Gangs of New York,2002-12-20,2002,193772504.0,train
The Importance of Being Earnest,2002-06-21,2002,18009625.0,train
Sweet Home Alabama,2002-09-27,2002,180622424.0,train
The Count of Monte Cristo,2002-01-25,2002,75395048.0,train
The Hot Chick,2002-12-13,2002,54639553.0,train
Adaptation.,2003-02-14,2002,32801173.0,train
Unfaithful,2002-05-10,2002,119137784.0,train
Ice Age,2002-03-15,2002,383257136.0,train
Panic Room,2002-03-29,2002,197079546.0,train
Insomnia,2002-05-24,2002,113758770.0,train
Men in Black II,2002-07-03,2002,445135288.0,train
Lilo & Stitch,2002-06-21,2002,273144151.0,train
Chicago,2003-01-24,2002,306776732.0,train
A Walk to Remember,2002-01-25,2002,47494916.0,train
Treasure Planet,2002-11-27,2002,110041363.0,train
My Big Fat Greek Wedding,2002-08-02,2002,368744044.0,train
We Were Soldiers,2002-03-01,2002,115374915.0,train
The Sweetest Thing,2002-04-12,2002,69319426.0,train
xXx,2002-08-09,2002,277448382.0,train
Equilibrium,2002-12-06,2002,5368217.0,train
The Scorpion King,2002-04-19,2002,180630907.0,train
Punch-Drunk Love,2002-11-01,2002,24675714.0,train
Die Another Day,2002-11-22,2002,431971116.0,train
The Time Machine,2002-03-08,2002,123729176.0,train
Bend It Like Beckham,2003-08-01,2002,76585828.0,train
The Transporter,2002-10-11,2002,43928932.0,train
Blue Crush,2002-08-16,2002,51843679.0,train
Ghost Ship,2002-10-25,2002,68349884.0,train
Van Wilder,2002-04-05,2002,38275483.0,train
Maid in Manhattan,2002-12-13,2002,154906693.0,train
Spirit: Stallion of the Cimarron,2002-05-24,2002,122563539.0,train
Blade II,2002-03-22,2002,155010032.0,train
Frida,2002-11-22,2002,56298474.0,train
Phone Booth,2003-04-04,2002,97837138.0,train
About a Boy,2002-05-17,2002,130549455.0,train
Confessions of a Dangerous Mind,2003-01-24,2002,33013805.0,train
Kung Pow: Enter the Fist,2002-01-25,2002,16994625.0,train
Hero,2004-08-27,2002,177395557.0,train
Star Trek: Nemesis,2002-12-13,2002,67336470.0,train
Eight Legged Freaks,2002-07-17,2002,45867333.0,train
Queen of the Damned,2002-02-22,2002,45479110.0,train
Femme Fatale,2002-11-06,2002,16838910.0,train
The Hours,2003-02-14,2002,108846072.0,train
40 Days and 40 Nights,2002-03-01,2002,95146283.0,train
One Hour Photo,2002-09-13,2002,52223306.0,train
Cabin Fever,2003-09-12,2002,30553394.0,train
Secret Things,2002-10-16,2002,234255.0,train
The New Guy,2002-05-10,2002,31167388.0,train
Orange County,2002-01-11,2002,43325009.0,train
Mr. Deeds,2002-06-28,2002,171269535.0,train
Devdas,2002-07-12,2002,5427830.0,train
John Q,2002-02-15,2002,102244770.0,train
Crossroads,2002-02-15,2002,61141030.0,train
25th Hour,2003-01-10,2002,23932055.0,train
Infernal Affairs,2002-12-12,2002,8836958.0,train
Solaris,2002-11-27,2002,30002758.0,train
Like Mike,2002-07-03,2002,62274780.0,train
The Rules of Attraction,2002-10-11,2002,11832822.0,train
I Spy,2002-11-01,2002,51386477.0,train
The Mothman Prophecies,2002-01-25,2002,55305279.0,train
Antwone Fisher,2003-01-10,2002,23367586.0,train
The Good Girl,2002-08-30,2002,16860964.0,train
Spun,2003-02-07,2002,685608.0,train
Sympathy for Mr. Vengeance,2002-03-29,2002,2046061.0,train
Enough,2002-05-24,2002,51806184.0,train
High Crimes,2002-04-05,2002,63781810.0,train
Two Weeks Notice,2002-12-20,2002,199043471.0,train
Death to Smoochy,2002-03-29,2002,8382938.0,train
The Four Feathers,2002-09-20,2002,29882645.0,train
Better Luck Tomorrow,2003-04-25,2002,3809226.0,train
Big Fat Liar,2002-02-08,2002,52970014.0,train
About Schmidt,2003-01-03,2002,105834556.0,train
The Master of Disguise,2002-08-02,2002,43411001.0,train
Drumline,2002-12-13,2002,57588485.0,train
Halloween: Resurrection,2002-07-12,2002,37664855.0,train
Windtalkers,2002-06-14,2002,77628265.0,train
Friday After Next,2002-11-22,2002,33526835.0,train
Eye See You,2002-01-17,2002,6632383.0,train
Undercover Brother,2002-05-31,2002,41604473.0,train
Spy Kids 2: Island of Lost Dreams,2002-08-07,2002,119723358.0,train
Tuck Everlasting,2002-10-11,2002,19344615.0,train
The Rookie,2002-03-29,2002,80693537.0,train
Murder by Numbers,2002-04-19,2002,56714147.0,train
Hart's War,2002-02-15,2002,32287044.0,train
Asterix & Obelix: Mission Cleopatra,2005-06-24,2002,128027976.0,train
Swept Away,2002-10-11,2002,1036520.0,train
May,2003-04-11,2002,264349.0,train
Dragonfly,2002-02-22,2002,52323400.0,train
Juwanna Mann,2002-06-21,2002,13802599.0,train
Divine Secrets of the Ya-Ya Sisterhood,2002-06-07,2002,73839240.0,train
Dirty Pretty Things,2003-09-05,2002,13904766.0,train
Paid in Full,2002-10-25,2002,3116526.0,train
The Tuxedo,2002-09-27,2002,104391623.0,train
Swimfan,2002-09-06,2002,34411240.0,train
Talk to Her,2003-02-14,2002,64790996.0,train
Lilya 4-Ever,2002-08-23,2002,1007747.0,train
Serving Sara,2002-08-23,2002,20146150.0,train
K-19: The Widowmaker,2002-07-19,2002,65716126.0,train
Stuart Little 2,2002-07-19,2002,169956806.0,train
Igby Goes Down,2002-10-04,2002,6919198.0,train
24 Hour Party People,2002-09-20,2002,2801397.0,train
Rollerball,2002-02-08,2002,25852764.0,train
Changing Lanes,2002-04-12,2002,94935764.0,train
White Oleander,2002-10-11,2002,21672284.0,train
Below,2002-10-18,2002,2622015.0,train
Big Trouble,2002-04-05,2002,8493890.0,train
Far from Heaven,2003-01-10,2002,29027914.0,train
Bubba Ho-Tep,2003-10-10,2002,1239183.0,train
S1m0ne,2002-08-23,2002,19576023.0,train
Auto Focus,2002-11-01,2002,2704951.0,train
Blood Work,2002-08-09,2002,31794718.0,train
Collateral Damage,2002-02-08,2002,78382433.0,train
Undisputed,2002-08-23,2002,14946150.0,train
The Salton Sea,2002-06-21,2002,1073198.0,train
Ju-on: The Grudge,2003-01-25,2002,3657876.0,train
Barbershop,2002-09-13,2002,77063924.0,train
Whale Rider,2003-08-29,2002,41062976.0,train
Rabbit-Proof Fence,2003-01-31,2002,16217411.0,train
Trapped,2002-09-20,2002,13414416.0,train
Narc,2003-01-10,2002,12633747.0,train
In America,2004-02-06,2002,25382911.0,train
Dark Blue,2003-02-21,2002,12150301.0,train
Dahmer,,2002,144008.0,train
Boat Trip,2003-03-21,2002,15020293.0,train
The Magdalene Sisters,2003-08-29,2002,21107578.0,train
Nicholas Nickleby,2003-06-27,2002,3651462.0,train
Bad Company,2002-06-07,2002,66200782.0,train
8 Women,2002-10-04,2002,42426583.0,train
Spider,2002-11-13,2002,5808941.0,train
Snow Dogs,2002-01-18,2002,115035090.0,train
The Quiet American,2003-03-07,2002,27674124.0,train
The Santa Clause 2,2002-11-01,2002,172855065.0,train
Laurel Canyon,2003-03-28,2002,4412203.0,train
Slackers,2002-02-01,2002,6413915.0,train
Sorority Boys,2002-03-22,2002,12517488.0,train
The Country Bears,2002-07-26,2002,18012097.0,train
All About the Benjamins,2002-03-08,2002,26306533.0,train
Abandon,2002-10-18,2002,12302219.0,train
Gerry,2002-09-20,2002,254683.0,train
The Spanish Apartment,2003-06-20,2002,33272835.0,train
Clockstoppers,2002-03-29,2002,38793283.0,train
Pumpkin,2004-03-12,2002,308552.0,train
Peter Pan 2: Return to Never Land,2002-02-15,2002,115121981.0,train
Russian Ark,2003-04-19,2002,8690168.0,train
Poolhall Junkies,2003-02-28,2002,563711.0,train
Feardotcom,2002-08-30,2002,18902015.0,train
Morvern Callar,2002-11-01,2002,772336.0,train
No Good Deed,2014-11-20,2002,1440653.0,train
Darkness,2004-12-25,2002,33988736.0,train
Analyze That,2002-12-06,2002,55003135.0,train
The Banger Sisters,2002-09-20,2002,38068353.0,train
Demonlover,2002-11-06,2002,462976.0,train
The Wild Thornberrys,2002-12-20,2002,60694737.0,train
The Adventures of Pluto Nash,2002-08-16,2002,7103973.0,train
Bloody Sunday,2002-04-19,2002,1758689.0,train
Eight Crazy Nights,2002-11-27,2002,23833131.0,train
Full Frontal,2002-08-02,2002,3438804.0,train
Moonlight Mile,2002-10-04,2002,10011050.0,train
Half Past Dead,2002-11-15,2002,19233280.0,train
Life or Something Like It,2002-04-26,2002,16872671.0,train
Showtime,2002-03-15,2002,77885672.0,train
Open Hearts,2002-09-06,2002,1692272.0,train
Ted Bundy,2002-11-22,2002,68716.0,train
Sex Is Comedy,2002-06-05,2002,411830.0,train
Ballistic: Ecks vs. Sever,2002-09-20,2002,20154899.0,train
Brown Sugar,2002-10-11,2002,28316451.0,train
Deuces Wild,2002-05-03,2002,6282446.0,train
Pinocchio,2002-12-25,2002,44310395.0,train
The Emperor's Club,2002-11-22,2002,16318449.0,train
All or Nothing,2002-10-18,2002,2845696.0,train
Sweet Sixteen,2002-10-04,2002,3633509.0,train
Real Women Have Curves,2002-11-08,2002,7777790.0,train
The Crocodile Hunter: Collision Course,2002-07-12,2002,33082548.0,train
Possession,2002-08-30,2002,14815898.0,train
City by the Sea,2002-09-06,2002,29676703.0,train
Heaven,2002-02-21,2002,4247089.0,train
XX/XY,2003-07-18,2002,104130.0,train
Sonny,2003-03-21,2002,132221.0,train
Kill Bill: Vol. 1,2003-10-10,2003,180906076.0,train
Pirates of the Caribbean: the Curse of the Black Pearl,2003-07-09,2003,654264015.0,train
The Lord of the Rings: The Return of the King,2003-12-17,2003,1146030912.0,train
Old School,2003-02-21,2003,87135520.0,train
Mystic River,2003-10-15,2003,156595191.0,train
Love Actually,2003-11-14,2003,245203167.0,train
The Life of David Gale,2003-02-21,2003,38955598.0,train
2 Fast 2 Furious,2003-06-06,2003,236350661.0,train
Underworld,2003-09-19,2003,95708457.0,train
Oldboy,2003-11-21,2003,15189934.0,train
Lost in Translation,2003-10-03,2003,118686937.0,train
Looney Tunes: Back in Action,2003-11-14,2003,68514844.0,train
Big Fish,2004-01-09,2003,123218424.0,train
The Matrix Reloaded,2003-05-15,2003,741847937.0,train
The Dreamers,2004-02-20,2003,24152155.0,train
Memories of Murder,2003-05-02,2003,1162593.0,train
Finding Nemo,2003-05-30,2003,940352645.0,train
Hulk,2003-06-20,2003,245285165.0,train
School of Rock,2003-10-03,2003,131095990.0,train
Thirteen,2003-09-19,2003,10128960.0,train
Wrong Turn,2003-05-30,2003,28650575.0,train
The Italian Job,2003-05-30,2003,176070171.0,train
Terminator 3: Rise of the Machines,2003-07-02,2003,433371112.0,train
Peter Pan,2003-12-25,2003,121975011.0,train
Monster,2004-01-30,2003,58469210.0,train
The Matrix Revolutions,2003-11-05,2003,427344325.0,train
Daredevil,2003-02-14,2003,179179718.0,train
Master and Commander: the Far Side of the World,2003-11-14,2003,211622535.0,train
The Missing,2003-11-26,2003,38364277.0,train
The Room,2003-06-27,2003,4988181.0,train
The Texas Chainsaw Massacre,2003-10-17,2003,107363905.0,train
S.W.A.T.,2003-08-08,2003,207725639.0,train
The Last Samurai,2003-12-05,2003,454627263.0,train
Holes,2003-04-18,2003,71406573.0,train
Timeline,2003-11-26,2003,43935763.0,train
X2: X-Men United,2003-05-02,2003,407711549.0,train
The Rundown,2003-09-26,2003,80981914.0,train
House of 1000 Corpses,2003-04-11,2003,16829545.0,train
Identity,2003-04-25,2003,90259536.0,train
Once Upon a Time in Mexico,2003-09-12,2003,98769390.0,train
Swimming Pool,2003-08-01,2003,22441497.0,train
Cold Mountain,2003-12-25,2003,173013509.0,train
Cheaper by the Dozen,2003-12-25,2003,190538630.0,train
In the Cut,2003-10-31,2003,23726793.0,train
Secondhand Lions,2003-09-19,2003,48260279.0,train
Scary Movie 3,2003-10-24,2003,220673217.0,train
How to Lose a Guy in 10 Days,2003-02-07,2003,177502387.0,train
The League of Extraordinary Gentlemen,2003-07-11,2003,179265204.0,train
What a Girl Wants,2003-04-04,2003,50732139.0,train
Bad Boys II,2003-07-18,2003,273339556.0,train
Open Range,2003-08-15,2003,68296293.0,train
Mona Lisa Smile,2003-12-19,2003,141337989.0,train
Freddy vs. Jason,2003-08-15,2003,116632628.0,train
Bruce Almighty,2003-05-23,2003,484592874.0,train
Dogville,2004-04-23,2003,16689283.0,train
Elf,2003-11-07,2003,223853736.0,train
Freaky Friday,2003-08-06,2003,160846332.0,train
Charlie's Angels: Full Throttle,2003-06-27,2003,259175788.0,train
Legally Blonde 2,2003-07-02,2003,124914842.0,train
Dickie Roberts: Former Child Star,2003-09-05,2003,23769505.0,train
Anger Management,2003-04-11,2003,195745823.0,train
Open Water,2004-08-20,2003,54683487.0,train
Something's Gotta Give,2003-12-12,2003,265328738.0,train
Girl with a Pearl Earring,2004-01-30,2003,33030115.0,train
The Cat in the Hat,2003-11-21,2003,133960541.0,train
Brother Bear,2003-11-01,2003,250397798.0,train
The Brown Bunny,2003-11-14,2003,402599.0,train
Tears of the Sun,2003-03-07,2003,86468162.0,train
Final Destination 2,2003-01-31,2003,90941129.0,train
21 Grams,2004-01-16,2003,60427839.0,train
Intolerable Cruelty,2003-10-10,2003,120801243.0,train
Johnny English,2003-07-18,2003,160466000.0,train
The Hunted,2003-03-14,2003,46061847.0,train
Matchstick Men,2003-09-12,2003,65565672.0,train
Under the Tuscan Sun,2003-09-26,2003,58878723.0,train
Seabiscuit,2003-07-25,2003,148336445.0,train
American Wedding,2003-08-01,2003,232722935.0,train
Just Married,2003-01-10,2003,101564935.0,train
High Tension,2005-06-10,2003,6291958.0,train
Lara Croft Tomb Raider: The Cradle of Life,2003-07-25,2003,160099222.0,train
Elephant,2003-11-14,2003,10012022.0,train
Darkness Falls,2003-01-24,2003,47488536.0,train
Spy Kids 3-D: Game Over,2003-07-25,2003,197101678.0,train
Gigli,2003-08-01,2003,7266209.0,train
Out of Time,2003-10-03,2003,55495563.0,train
The Core,2003-03-28,2003,73498611.0,train
Dumb and Dumberer: When Harry Met Lloyd,2003-06-13,2003,39267515.0,train
Runaway Jury,2003-10-17,2003,80154140.0,train
Jeepers Creepers 2,2003-08-29,2003,63102666.0,train
Shanghai Knights,2003-02-07,2003,88323487.0,train
Dreamcatcher,2003-03-21,2003,81240406.0,train
"Spring, Summer, Fall, Winter... and Spring",2004-05-28,2003,8945072.0,train
Daddy Day Care,2003-05-09,2003,164433867.0,train
Paycheck,2003-12-25,2003,117248958.0,train
Duplex,2003-09-26,2003,19322135.0,train
Honey,2003-12-05,2003,62228395.0,train
Wonderland,2003-10-24,2003,2466444.0,train
The Haunted Mansion,2003-11-26,2003,182290266.0,train
Sinbad: Legend of the Seven Seas,2003-07-02,2003,80773077.0,train
House of the Dead,2003-10-10,2003,13818181.0,train
Gods and Generals,2003-02-21,2003,12923936.0,train
House of Sand and Fog,2004-01-09,2003,16763804.0,train
A Man Apart,2003-04-04,2003,44350926.0,train
The Station Agent,2003-12-05,2003,8701337.0,train
Good Bye Lenin!,2004-05-14,2003,79316957.0,train
Basic,2003-03-28,2003,42792561.0,train
The Human Stain,2003-12-18,2003,22954068.0,train
Grind,2003-08-15,2003,5141166.0,train
Gothika,2003-11-21,2003,141591324.0,train
Agent Cody Banks,2003-03-14,2003,58795814.0,train
Ong-Bak: The Thai Warrior,2005-02-11,2003,20235426.0,train
Bad Santa,2003-11-26,2003,76490720.0,train
Shattered Glass,2003-11-26,2003,2944752.0,train
The Lizzie McGuire Movie,2003-05-02,2003,55534455.0,train
The Cooler,2004-01-16,2003,10464788.0,train
Cradle 2 the Grave,2003-02-28,2003,56489558.0,train
Uptown Girls,2003-08-15,2003,44617342.0,train
A Mighty Wind,2003-05-09,2003,18750246.0,train
Cold Creek Manor,2003-09-19,2003,29119434.0,train
Calendar Girls,2004-01-01,2003,93400759.0,train
Kal Ho Naa Ho,2003-11-28,2003,13200241.0,train
View from the Top,2003-03-21,2003,19526014.0,train
Malibu's Most Wanted,2003-04-18,2003,34622504.0,train
Kangaroo Jack,2003-01-17,2003,88929111.0,train
The Return,2003-06-25,2003,8482993.0,train
Radio,2003-10-24,2003,53293628.0,train
The Recruit,2003-01-31,2003,101191884.0,train
Coffee and Cigarettes,2004-06-11,2003,7929307.0,train
Young Adam,2003-09-26,2003,2561820.0,train
Hollywood Homicide,2003-06-13,2003,51142659.0,train
Evil,2003-09-26,2003,528245.0,train
National Security,2003-01-17,2003,50097949.0,train
The Triplets of Belleville,2004-02-13,2003,14776760.0,train
Untold Scandal,2003-10-02,2003,5762801.0,train
Twentynine Palms,2003-09-17,2003,167999.0,train
Stuck on You,2003-12-12,2003,65784503.0,train
Ned Kelly,2004-03-26,2003,6585516.0,train
Tokyo Godfathers,2003-11-08,2003,453133.0,train
Dorm Daze,2004-08-20,2003,436365.0,train
The Blind Swordsman: Zatoichi,2003-09-06,2003,34196922.0,train
Bright Young Things,2003-10-03,2003,2905499.0,train
Love Me If You Dare,2004-05-28,2003,8604201.0,train
Bulletproof Monk,2003-04-16,2003,37713879.0,train
Down with Love,2003-05-16,2003,39468111.0,train
Biker Boyz,2003-01-31,2003,23510621.0,train
The Green Butchers,2003-03-21,2003,3783.0,train
The Medallion,2003-08-22,2003,34268701.0,train
American Splendor,2003-09-12,2003,7986084.0,train
The Shape of Things,2003-05-16,2003,826617.0,train
Party Monster,2003-10-17,2003,782606.0,train
Bringing Down the House,2003-03-07,2003,164729679.0,train
Willard,2003-03-14,2003,8564586.0,train
Love Don't Cost a Thing,2003-12-12,2003,21964072.0,train
The Best of Youth,2003-06-20,2003,2799773.0,train
The in-Laws,2003-05-23,2003,26891849.0,train
Confidence,2003-04-25,2003,23014206.0,train
Latter Days,2004-07-01,2003,865028.0,train
Beyond Borders,2003-10-24,2003,11705002.0,train
It Runs in the Family,2003-04-25,2003,8211508.0,train
Chasing Papi,2003-04-16,2003,12661189.0,train
The Fighting Temptations,2003-09-19,2003,33972062.0,train
Anything Else,2003-09-19,2003,13585075.0,train
I Capture the Castle,2003-08-08,2003,6586341.0,train
Camp,2003-08-29,2003,2707738.0,train
The Jungle Book 2,2003-02-14,2003,186303759.0,train
My Boss's Daughter,2003-08-22,2003,18191005.0,train
A Guy Thing,2003-01-17,2003,17432163.0,train
Intermission,2004-04-16,2003,5175215.0,train
All the Real Girls,2003-08-01,2003,579986.0,train
From Justin to Kelly,2003-06-20,2003,4928883.0,train
Owning Mahowny,2003-09-25,2003,1271244.0,train
Head of State,2003-03-28,2003,38620484.0,train
The Singing Detective,2003-11-14,2003,435625.0,train
Pieces of April,2003-11-28,2003,3282321.0,train
Code 46,2004-09-17,2003,886018.0,train
Time of the Wolf,2003-10-08,2003,499149.0,train
Barely Legal,2006-05-25,2003,83439.0,train
Nathalie...,2004-01-07,2003,5254422.0,train
The Order,2003-09-05,2003,11560806.0,train
Gozu,2004-07-14,2003,58202.0,train
Veronica Guerin,2003-10-17,2003,9439660.0,train
Shade,2004-05-09,2003,459098.0,train
The Mother,2004-06-18,2003,3039587.0,train
Sylvia,2003-10-31,2003,2917393.0,train
Rugrats Go Wild,2003-06-13,2003,55250496.0,train
The Divorce,2003-08-29,2003,12991996.0,train
Luther,2003-09-26,2003,29632684.0,train
Pride and Prejudice,2003-12-05,2003,377271.0,train
Saints and Soldiers,2005-03-25,2003,1310470.0,train
Carandiru,2003-04-11,2003,10781635.0,train
Taxi 3,2003-01-29,2003,65497208.0,train
My Life Without Me,2003-03-07,2003,9781854.0,train
The Company,2004-05-07,2003,6415017.0,train
The Barbarian Invasions,2004-03-05,2003,34883010.0,train
Good Boy,2003-10-10,2003,45490616.0,train
The United States of Leland,2005-03-25,2003,343847.0,train
How to Deal,2003-07-18,2003,14390329.0,train
It's All About Love,2003-01-10,2003,478996.0,train
Masked and Anonymous,2003-08-08,2003,546106.0,train
Control,2003-11-20,2003,1277800.0,train
The Girl Next Door,2004-04-09,2004,30381722.0,train
EuroTrip,2004-02-20,2004,22605153.0,train
Dodgeball: A True Underdog Story,2004-06-18,2004,168423227.0,train
White Chicks,2004-06-23,2004,113100873.0,train
Mean Girls,2004-04-30,2004,130126277.0,train
Harry Potter and the Prisoner of Azkaban,2004-06-04,2004,797361618.0,train
Troy,2004-05-14,2004,497409852.0,train
Eternal Sunshine of the Spotless Mind,2004-03-19,2004,74036715.0,train
Kill Bill: Vol. 2,2004-04-16,2004,154118820.0,train
The Notebook,2004-06-25,2004,117815157.0,train
The Terminal,2004-06-18,2004,219100084.0,train
Van Helsing,2004-05-07,2004,300157638.0,train
The Incredibles,2004-11-05,2004,631607053.0,train
Saw,2004-10-29,2004,103911669.0,train
Collateral,2004-08-06,2004,220239925.0,train
The Aviator,2004-12-25,2004,213719942.0,train
Spider-Man 2,2004-06-30,2004,788976453.0,train
The Punisher,2004-04-16,2004,54700105.0,train
"I, Robot",2004-07-16,2004,353133898.0,train
Howl's Moving Castle,2005-06-17,2004,236214446.0,train
Spanglish,2004-12-17,2004,55470154.0,train
Million Dollar Baby,2005-01-28,2004,216763646.0,train
Shaun of the Dead,2004-09-24,2004,30097092.0,train
The Village,2004-07-30,2004,256697520.0,train
My Summer of Love,2005-07-01,2004,2766976.0,train
The Butterfly Effect,2004-01-23,2004,96822421.0,train
The Day After Tomorrow,2004-05-28,2004,552639571.0,train
Layer Cake,2005-06-03,2004,11850214.0,train
Napoleon Dynamite,2004-08-27,2004,46138887.0,train
50 First Dates,2004-02-13,2004,198520934.0,train
Man on Fire,2004-04-23,2004,130834852.0,train
Downfall,2005-04-08,2004,92181574.0,train
13 Going on 30,2004-04-23,2004,96455697.0,train
Shrek 2,2004-05-19,2004,928760770.0,train
Crash,2005-05-06,2004,98410061.0,train
The Bourne Supremacy,2004-07-23,2004,290835269.0,train
Dawn of the Dead,2004-03-19,2004,102278712.0,train
The Passion of the Christ,2004-02-25,2004,612054506.0,train
Resident Evil: Apocalypse,2004-09-10,2004,129342769.0,train
Hellboy,2004-04-02,2004,99378985.0,train
Anchorman: The Legend of Ron Burgundy,2004-07-09,2004,90709367.0,train
Walking Tall,2004-04-02,2004,57223890.0,train
The Life Aquatic with Steve Zissou,2004-12-25,2004,34809623.0,train
A Series of Unfortunate Events,2004-12-17,2004,211468235.0,train
The Machinist,2004-12-03,2004,8203235.0,train
The Phantom of the Opera,2004-12-10,2004,154649125.0,train
Closer,2004-12-03,2004,115505027.0,train
National Treasure,2004-11-19,2004,347512318.0,train
Alexander,2004-11-24,2004,167298192.0,train
The Chronicles of Riddick,2004-06-11,2004,115900534.0,train
9 Songs,2005-03-11,2004,1590308.0,train
The Manchurian Candidate,2004-07-30,2004,96105910.0,train
King Arthur,2004-07-07,2004,203567857.0,train
Ocean's Twelve,2004-12-10,2004,362744280.0,train
Harold & Kumar Go to White Castle,2004-07-30,2004,23936908.0,train
Blade: Trinity,2004-12-08,2004,131977904.0,train
Alien vs. Predator,2004-08-13,2004,177427090.0,train
Meet the Fockers,2004-12-22,2004,522657936.0,train
Sideways,2004-10-22,2004,109706931.0,train
Friday Night Lights,2004-10-08,2004,61950770.0,train
Starsky & Hutch,2004-03-05,2004,170268750.0,train
Shark Tale,2004-10-01,2004,374583879.0,train
Before Sunset,2004-07-30,2004,15936507.0,train
Ella Enchanted,2004-04-09,2004,27388767.0,train
Primer,2005-05-27,2004,545436.0,train
A Cinderella Story,2004-07-16,2004,70067909.0,train
Along Came Polly,2004-01-16,2004,178311729.0,train
Somersault,2004-09-16,2004,1482316.0,train
The SpongeBob SquarePants Movie,2004-11-19,2004,141067127.0,train
Scooby-Doo 2: Monsters Unleashed,2004-03-26,2004,181216833.0,train
The Ladykillers,2004-03-26,2004,76665191.0,train
Hotel Rwanda,2005-02-04,2004,33882243.0,train
Taking Lives,2004-03-19,2004,65470529.0,train
Kung Fu Hustle,2005-04-22,2004,104882445.0,train
The Perfect Score,2004-01-30,2004,10898337.0,train
Garden State,2004-08-20,2004,35825316.0,train
The Princess Diaries 2: Royal Engagement,2004-08-11,2004,134734481.0,train
Twisted,2004-02-27,2004,40954603.0,train
Catwoman,2004-07-23,2004,82102379.0,train
Seed of Chucky,2004-11-12,2004,24829644.0,train
2046,2004-09-29,2004,20205757.0,train
Torque,2004-01-16,2004,46546197.0,train
Ray,2004-10-29,2004,123971376.0,train
Chasing Liberty,2004-01-09,2004,12313323.0,train
Secret Window,2004-03-12,2004,92913171.0,train
Bride & Prejudice,2005-03-11,2004,24716440.0,train
Finding Neverland,2004-12-17,2004,116650613.0,train
Team America: World Police,2004-10-15,2004,50826898.0,train
Sleepover,2004-07-09,2004,10143022.0,train
The Grudge,2004-10-22,2004,187281115.0,train
Around the World in 80 Days,2004-06-16,2004,72178895.0,train
Wimbledon,2004-09-17,2004,41682237.0,train
The Adventures of Sharkboy and Lavagirl 3-D,2005-06-10,2004,71992655.0,train
The Polar Express,2004-11-10,2004,314215454.0,train
Without a Paddle,2004-08-20,2004,73029190.0,train
Miracle,2004-02-06,2004,64445708.0,train
Mindhunters,2005-05-13,2004,21148829.0,train
Mysterious Skin,2005-06-24,2004,1532932.0,train
The Prince and Me,2004-04-02,2004,37666766.0,train
Taxi,2004-10-06,2004,71255003.0,train
Wicker Park,2004-09-03,2004,21741598.0,train
Cellular,2004-09-10,2004,57678321.0,train
Kinsey,2005-01-07,2004,17050017.0,train
Anacondas: The Hunt for the Blood Orchid,2004-08-27,2004,70992898.0,train
The Heart Is Deceitful Above All Things,2005-01-19,2004,217499.0,train
Confessions of a Teenage Drama Queen,2004-02-20,2004,33251890.0,train
Raising Helen,2004-05-28,2004,49718611.0,train
Fat Albert,2004-12-25,2004,48551322.0,train
Sky Captain and the World of Tomorrow,2004-09-17,2004,57947036.0,train
The Final Cut,2004-10-15,2004,3222439.0,train
The Stepford Wives,2004-06-11,2004,103370127.0,train
Shall We Dance,2004-10-15,2004,170128460.0,train
House of Flying Daggers,2005-01-14,2004,92863945.0,train
District B13,2006-06-02,2004,11169386.0,train
Dead Man's Shoes,2004-10-01,2004,203450.0,train
After the Sunset,2004-11-12,2004,62657868.0,train
A Very Long Engagement,2005-01-14,2004,69424389.0,train
The Forgotten,2004-09-24,2004,117592831.0,train
Flight of the Phoenix,2004-12-17,2004,35021497.0,train
Saved!,2004-06-11,2004,10275509.0,train
Garfield,2004-06-11,2004,203172417.0,train
In Good Company,2005-01-14,2004,61315215.0,train
First Daughter,2004-09-24,2004,10592180.0,train
Jersey Girl,2004-03-26,2004,35492921.0,train
The Alamo,2004-04-09,2004,25819961.0,train
A Love Song for Bobby Long,2005-01-21,2004,2039526.0,train
Raise Your Voice,2004-10-08,2004,14867514.0,train
Hidalgo,2004-03-05,2004,108040622.0,train
Bridget Jones: The Edge of Reason,2004-11-19,2004,265126918.0,train
Mean Creek,2004-09-29,2004,802948.0,train
Dirty Dancing: Havana Nights,2004-02-27,2004,27685016.0,train
D.E.B.S.,2005-03-25,2004,97446.0,train
The Motorcycle Diaries,2004-10-15,2004,57663711.0,train
Club Dread,2004-02-27,2004,7565807.0,train
Eros,2004-12-03,2004,1553020.0,train
Bad Education,2005-02-11,2004,40423279.0,train
Soul Plane,2004-05-28,2004,14821824.0,train
3-Iron,2004-10-15,2004,3403957.0,train
Thunderbirds,2004-07-30,2004,28283637.0,train
New York Minute,2004-05-07,2004,21289826.0,train
Birth,2004-10-29,2004,23925492.0,train
Vanity Fair,2004-09-01,2004,19463185.0,train
Exorcist: the Beginning,2004-08-20,2004,78110021.0,train
A Dirty Shame,2004-09-24,2004,1914166.0,train
Swades,2004-12-17,2004,1953889.0,train
I Heart Huckabees,2004-10-22,2004,20094909.0,train
The Sea Inside,2005-03-04,2004,43731621.0,train
The Door in the Floor,2004-08-06,2004,6715067.0,train
The Whole Ten Yards,2004-04-09,2004,26170671.0,train
Envy,2004-04-30,2004,14494036.0,train
Alfie,2004-11-05,2004,35060882.0,train
Superbabies: Baby Geniuses 2,2004-08-27,2004,9448644.0,train
Nobody Knows,2004-10-21,2004,2288093.0,train
Black Friday,2007-02-09,2004,1610897.0,train
Johnson Family Vacation,2004-04-07,2004,31326183.0,train
The Chorus,2004-03-17,2004,88385944.0,train
The Woodsman,2005-01-28,2004,4678405.0,train
Three... Extremes,2004-08-20,2004,516930.0,train
Spartan,2004-03-12,2004,8112712.0,train
Home on the Range,2004-04-02,2004,145358062.0,train
Christmas with the Kranks,2004-11-24,2004,96593018.0,train
Win a Date with Tad Hamilton!,2004-01-23,2004,21513434.0,train
Night Watch,2006-03-03,2004,50336279.0,train
The Merchant of Venice,2005-02-18,2004,21560182.0,train
Ladder 49,2004-10-01,2004,100572044.0,train
The Libertine,2006-03-10,2004,10852064.0,train
Ma mère,2004-05-19,2004,1510052.0,train
You Got Served,2004-01-30,2004,50576805.0,train
A Good Woman,2005-05-13,2004,6878433.0,train
Beyond the Sea,2004-12-29,2004,8447615.0,train
Ladies in Lavender,2005-05-27,2004,20421130.0,train
Eulogy,2004-09-26,2004,89781.0,train
Before the Fall,2005-01-13,2004,3764219.0,train
Saving Face,2005-06-24,2004,1236518.0,train
The Big Bounce,2004-01-30,2004,6808550.0,train
Veer-Zaara,2004-11-12,2004,6887221.0,train
Little Black Book,2004-08-06,2004,22035509.0,train
Laws of Attraction,2004-04-30,2004,30031874.0,train
Undertow,2004-12-17,2004,156767.0,train
Head in the Clouds,2004-10-30,2004,3664858.0,train
Maria Full of Grace,2004-08-06,2004,12594630.0,train
Vera Drake,2005-02-04,2004,13267869.0,train
Millions,2005-04-29,2004,11782282.0,train
It's All Gone Pete Tong,2005-05-27,2004,1635056.0,train
Catch That Kid,2004-02-06,2004,16951702.0,train
Lakshya,2004-06-18,2004,5859242.0,train
Main Hoon Na,2004-04-30,2004,10836270.0,train
Tae Guk Gi: The Brotherhood of War,2004-09-24,2004,76287982.0,train
Lila dit ça,2005-01-26,2004,537871.0,train
Five Times Two,2004-09-01,2004,7444906.0,train
She Hate Me,2004-07-30,2004,1526951.0,train
Mind Game,2005-06-26,2004,36613.0,train
As It Is in Heaven,2004-09-03,2004,18328469.0,train
Palindromes,2005-01-21,2004,809686.0,train
Dhoom,2004-08-27,2004,7312209.0,train
Welcome to Mooseport,2004-02-20,2004,14615099.0,train
Ghost in the Shell 2: Innocence,2004-09-24,2004,9789651.0,train
Clifford's Really Big Movie,2004-04-23,2004,3255426.0,train
Summer Storm,2004-09-02,2004,2096892.0,train
Melinda and Melinda,2005-04-08,2004,20129327.0,train
Harry Potter and the Goblet of Fire,2005-11-18,2005,896678241.0,train
The 40-Year-Old Virgin,2005-08-19,2005,177378645.0,train
Memoirs of a Geisha,2005-12-23,2005,162242962.0,train
Pride & Prejudice,2005-11-23,2005,121616555.0,train
Batman Begins,2005-06-15,2005,373661946.0,train
The Descent,2006-08-04,2005,57130027.0,train
Brokeback Mountain,2006-01-13,2005,178062759.0,train
Sin City,2005-04-01,2005,158733820.0,train
Charlie and the Chocolate Factory,2005-07-15,2005,474968763.0,train
V for Vendetta,2006-03-17,2005,132511035.0,train
"The Chronicles of Narnia: The Lion, the Witch and the Wardrobe",2005-12-09,2005,745013115.0,train
Wedding Crashers,2005-07-15,2005,288467645.0,train
War of the Worlds,2005-06-29,2005,603873119.0,train
Kingdom of Heaven,2005-05-06,2005,218122627.0,train
Constantine,2005-02-18,2005,230884728.0,train
Star Wars: Episode III - Revenge of the Sith,2005-05-19,2005,868390560.0,train
King Kong,2005-12-14,2005,562363449.0,train
The Hitchhiker's Guide to the Galaxy,2005-04-29,2005,104478416.0,train
Fantastic Four,2005-07-08,2005,333535934.0,train
Green Street Hooligans,2005-09-09,2005,3814717.0,train
Serenity,2005-09-30,2005,40445129.0,train
Mr. & Mrs. Smith,2005-06-10,2005,487287646.0,train
The Island,2005-07-22,2005,162949164.0,train
Waiting...,2005-10-07,2005,18637690.0,train
Match Point,2006-01-20,2005,85638656.0,train
Hostel,2006-01-06,2005,81979826.0,train
Sky High,2005-07-29,2005,86369815.0,train
Assault on Precinct 13,2005-01-19,2005,35294470.0,train
Madagascar,2005-05-27,2005,542063846.0,train
Hard Candy,2006-04-28,2005,7022209.0,train
The Sisterhood of the Traveling Pants,2005-06-01,2005,42013878.0,train
The Longest Yard,2005-05-27,2005,191466556.0,train
Red Eye,2005-08-19,2005,96258201.0,train
House of Wax,2005-05-06,2005,68766121.0,train
Four Brothers,2005-07-01,2005,92374674.0,train
The Dukes of Hazzard,2005-08-05,2005,111069515.0,train
The Interpreter,2005-04-22,2005,162944923.0,train
Walk the Line,2005-11-18,2005,186797986.0,train
Lords of Dogtown,2005-06-03,2005,13411957.0,train
Munich,2006-01-06,2005,130982129.0,train
Kiss Kiss Bang Bang,2005-11-18,2005,15785148.0,train
The Constant Gardener,2005-08-31,2005,82468097.0,train
The Pacifier,2005-03-04,2005,198636868.0,train
A History of Violence,2005-09-30,2005,61385065.0,train
The Devil's Rejects,2005-07-22,2005,20901859.0,train
Hitch,2005-02-11,2005,371594210.0,train
Mirrormask,2006-03-03,2005,866999.0,train
Rent,2005-11-23,2005,31670620.0,train
Robots,2005-03-11,2005,262511490.0,train
Jarhead,2005-11-04,2005,97076152.0,train
Into the Blue,2005-09-30,2005,46117696.0,train
Saw II,2005-10-28,2005,147748505.0,train
Revolver,2005-09-22,2005,7155807.0,train
Flightplan,2005-09-23,2005,223387299.0,train
Coach Carter,2005-01-14,2005,76669554.0,train
Dark Water,2005-07-08,2005,68357079.0,train
Lord of War,2005-09-16,2005,72617068.0,train
Zathura: A Space Adventure,2005-11-11,2005,65079104.0,train
The Quiet,2006-08-25,2005,381420.0,train
The Amityville Horror,2005-04-15,2005,107516369.0,train
Be Cool,2005-03-04,2005,95763716.0,train
Just Friends,2005-11-23,2005,51024243.0,train
"Yours, Mine & Ours",2005-11-23,2005,72662923.0,train
Cinderella Man,2005-06-03,2005,108539911.0,train
Nanny McPhee,2006-01-27,2005,123276807.0,train
The Brothers Grimm,2005-08-26,2005,105316267.0,train
Sahara,2005-04-08,2005,119240351.0,train
Corpse Bride,2005-09-23,2005,118090836.0,train
Transporter 2,2005-09-02,2005,89083229.0,train
Two for the Money,2005-10-07,2005,30526509.0,train
The New World,2006-01-20,2005,49334775.0,train
Brick,2006-04-14,2005,3947579.0,train
Wolf Creek,2005-12-25,2005,30894796.0,train
Breakfast on Pluto,2006-01-06,2005,3942254.0,train
The Exorcism of Emily Rose,2005-09-09,2005,145166804.0,train
Elektra,2005-01-14,2005,56995646.0,train
Doom,2005-10-21,2005,58072119.0,train
The Legend of Zorro,2005-10-28,2005,142400065.0,train
Cheaper by the Dozen 2,2005-12-21,2005,130154568.0,train
Æon Flux,2005-12-02,2005,53321673.0,train
Son of the Mask,2005-02-18,2005,59981548.0,train
Rumor Has It...,2005-12-25,2005,88933562.0,train
The Producers,2005-12-25,2005,38075318.0,train
The Ringer,2005-12-23,2005,40442443.0,train
Kicking & Screaming,2005-05-13,2005,56070433.0,train
The Cave,2005-08-26,2005,33296457.0,train
Lady Vengeance,2005-07-29,2005,23834149.0,train
Broken Flowers,2005-08-26,2005,47329961.0,train
Fun with Dick and Jane,2005-12-21,2005,204681899.0,train
Imagine Me & You,2006-05-25,2005,2635305.0,train
The Family Stone,2005-12-16,2005,92884429.0,train
Just Like Heaven,2005-09-16,2005,102854431.0,train
Capote,2006-02-03,2005,49327405.0,train
The Skeleton Key,2005-08-12,2005,93983911.0,train
The Squid and the Whale,2005-12-16,2005,11098131.0,train
Land of the Dead,2005-06-24,2005,47074133.0,train
Man of the House,2005-02-25,2005,21577624.0,train
Elizabethtown,2005-10-14,2005,52164016.0,train
Chicken Little,2005-11-04,2005,314432837.0,train
Monster-in-Law,2005-05-13,2005,155457327.0,train
Domino,2005-10-14,2005,22984628.0,train
The Ring Two,2005-03-18,2005,163995949.0,train
London,2006-02-10,2005,20361.0,train
Deuce Bigalow: European Gigolo,2005-08-12,2005,45109561.0,train
Harsh Times,2006-11-10,2005,5969708.0,train
Diary of a Mad Black Woman,2005-02-25,2005,50652203.0,train
Herbie Fully Loaded,2005-06-22,2005,144146816.0,train
Wallace & Gromit: The Curse of the Were-Rabbit,2005-10-07,2005,194137091.0,train
Casanova,2006-01-06,2005,37691644.0,train
The Jacket,2005-03-04,2005,21733230.0,train
The Wedding Date,2005-02-04,2005,47096206.0,train
Thank You for Smoking,2006-04-14,2005,39323027.0,train
Hide and Seek,2005-01-28,2005,127369981.0,train
Cursed,2005-02-25,2005,29621722.0,train
Miss Congeniality 2: Armed & Fabulous,2005-03-24,2005,101393569.0,train
Bad News Bears,2005-07-22,2005,34252847.0,train
Fever Pitch,2005-04-08,2005,50605163.0,train
Kinky Boots,2006-05-26,2005,9950133.0,train
xXx: State of the Union,2005-04-29,2005,71022693.0,train
Syriana,2005-12-09,2005,93974620.0,train
North Country,2005-10-21,2005,25211175.0,train
Derailed,2005-11-11,2005,57479076.0,train
Romance & Cigarettes,2006-03-03,2005,2935242.0,train
The Perfect Man,2005-06-17,2005,19770475.0,train
Unleashed,2005-05-13,2005,50871113.0,train
Hostage,2005-03-11,2005,77663556.0,train
The Greatest Game Ever Played,2005-09-30,2005,15431177.0,train
Caché (Hidden),2006-02-17,2005,16197824.0,train
Get Rich or Die Tryin',2005-11-09,2005,46563961.0,train
Bewitched,2005-06-24,2005,131426169.0,train
Hoodwinked,2006-01-13,2005,110013167.0,train
Adam's Apples,2005-04-15,2005,2421577.0,train
BloodRayne,2006-01-06,2005,3650275.0,train
The Three Burials of Melquiades Estrada,2006-02-24,2005,12045362.0,train
Feast,2007-01-18,2005,719135.0,train
Goal! The Dream Begins,2006-05-12,2005,27610873.0,train
The Notorious Bettie Page,2006-05-05,2005,1778006.0,train
Man-Thing,2005-04-21,2005,1123136.0,train
"Good Night, and Good Luck.",2005-11-04,2005,54641191.0,train
Ice Princess,2005-03-18,2005,27645491.0,train
A Lot Like Love,2005-04-22,2005,42886719.0,train
Cry Wolf,2005-09-16,2005,32586408.0,train
The Proposition,2006-06-09,2005,5048693.0,train
The World's Fastest Indian,2006-03-24,2005,18299138.0,train
Stealth,2005-07-29,2005,79268322.0,train
Hustle & Flow,2005-07-22,2005,23563727.0,train
The Matador,2006-01-27,2005,17356268.0,train
In Her Shoes,2005-10-07,2005,83697473.0,train
The Fog,2005-10-14,2005,46201432.0,train
Because of Winn-Dixie,2005-02-18,2005,33589427.0,train
Where the Truth Lies,2005-10-07,2005,3487678.0,train
Must Love Dogs,2005-07-29,2005,58231520.0,train
Guess Who,2005-03-25,2005,103121466.0,train
The Ballad of Jack and Rose,2005-04-08,2005,916051.0,train
Stay,2005-10-21,2005,8483797.0,train
The Great Raid,2005-08-12,2005,10777375.0,train
Venom,2005-09-16,2005,881779.0,train
Tideland,2006-08-11,2005,566611.0,train
Roll Bounce,2005-09-23,2005,17521290.0,train
Alone in the Dark,2005-01-28,2005,12693645.0,train
An American Haunting,2006-05-05,2005,29612137.0,train
Supercross,2005-08-17,2005,3344431.0,train
Oliver Twist,2005-09-30,2005,42580321.0,train
White Noise,2005-01-07,2005,91196419.0,train
Are We There Yet?,2005-01-21,2005,97918663.0,train
The Protector,2006-09-08,2005,27165581.0,train
Proof,2005-10-07,2005,14189860.0,train
Last Days,2005-05-13,2005,2456454.0,train
Racing Stripes,2005-01-14,2005,90754475.0,train
A Sound of Thunder,2005-09-02,2005,11665465.0,train
The Weather Man,2005-10-28,2005,19126398.0,train
Keeping Mum,2006-10-06,2005,18586834.0,train
Angel-A,2005-12-21,2005,9995168.0,train
An Unfinished Life,2005-09-16,2005,18618284.0,train
Boogeyman,2005-02-04,2005,67192859.0,train
Fierce People,2007-11-30,2005,269755.0,train
Asylum,2005-09-09,2005,2788033.0,train
Me and You and Everyone We Know,2005-08-05,2005,8012838.0,train
Transamerica,2006-03-03,2005,15151744.0,train
The Lost City,2006-05-26,2005,4408011.0,train
Beauty Shop,2005-03-30,2005,37245453.0,train
The Upside of Anger,2005-04-01,2005,28237488.0,train
The Chumscrubber,2006-10-05,2005,351401.0,train
The Man,2005-09-09,2005,13485145.0,train
Valiant,2005-08-19,2005,61746888.0,train
Prime,2005-10-28,2005,67937494.0,train
Manderlay,2005-06-03,2005,674918.0,train
Junebug,2005-09-16,2005,3399228.0,train
Dominion,2005-08-01,2005,251495.0,train
Battle in Heaven,2005-10-26,2005,258227.0,train
Little Manhattan,2006-01-05,2005,1254005.0,train
Dreamer,2005-10-21,2005,38741732.0,train
Black,2005-02-04,2005,1266341.0,train
Factotum,2005-04-29,2005,2708087.0,train
Beowulf & Grendel,2006-03-09,2005,92076.0,train
Joyeux Noel,2005-11-09,2005,17709155.0,train
Dirty Love,2006-05-05,2005,36099.0,train
Everything Is Illuminated,2005-11-04,2005,3601974.0,train
Thumbsucker,2005-10-07,2005,2138742.0,train
Rebound,2005-07-01,2005,17492014.0,train
The Departed,2006-10-06,2006,291465373.0,train
The Fast and the Furious: Tokyo Drift,2006-06-16,2006,158964610.0,train
Talladega Nights: the Ballad of Ricky Bobby,2006-08-04,2006,163362095.0,train
The Prestige,2006-10-20,2006,109676311.0,train
Cars,2006-06-09,2006,461991867.0,train
300,2007-03-09,2006,456068181.0,train
The Devil Wears Prada,2006-06-30,2006,326706115.0,train
Casino Royale,2006-11-17,2006,616502912.0,train
Pan's Labyrinth,2007-01-19,2006,83850267.0,train
Pirates of the Caribbean: Dead Man's Chest,2006-07-07,2006,1066179747.0,train
Idiocracy,2007-01-25,2006,495303.0,train
Apocalypto,2006-12-08,2006,120673227.0,train
She's the Man,2006-03-17,2006,57194667.0,train
Little Children,2007-02-09,2006,14821658.0,train
Children of Men,2007-01-05,2006,70595464.0,train
The Da Vinci Code,2006-05-19,2006,760006945.0,train
The Pursuit of Happyness,2006-12-15,2006,307127625.0,train
Little Miss Sunshine,2006-08-18,2006,101058954.0,train
The Last King of Scotland,2007-01-19,2006,48618191.0,train
Blood Diamond,2006-12-08,2006,171720398.0,train
The Lives of Others,2007-03-30,2006,77356942.0,train
Night at the Museum,2006-12-22,2006,574481229.0,train
Mission: Impossible III,2006-05-05,2006,398479497.0,train
Marie Antoinette,2006-10-20,2006,60917189.0,train
Inside Man,2006-03-24,2006,186003591.0,train
Running Scared,2006-02-24,2006,9380029.0,train
Accepted,2006-08-18,2006,38623262.0,train
Superman Returns,2006-06-28,2006,391081192.0,train
Slither,2006-03-31,2006,12834936.0,train
Nacho Libre,2006-06-16,2006,99255460.0,train
The Covenant,2006-09-08,2006,37598767.0,train
The Hills Have Eyes,2006-03-10,2006,70009308.0,train
The Fountain,2006-11-22,2006,16468343.0,train
X-Men: the Last Stand,2006-05-26,2006,460435291.0,train
Underworld: Evolution,2006-01-20,2006,111476513.0,train
Click,2006-06-23,2006,240685326.0,train
The Holiday,2006-12-08,2006,205850134.0,train
Silent Hill,2006-04-21,2006,100605135.0,train
Basic Instinct 2,2006-03-31,2006,38629478.0,train
The Black Dahlia,2006-09-15,2006,49332692.0,train
Perfume: The Story of a Murderer,2007-01-05,2006,135039924.0,train
Lucky Number Slevin,2006-04-07,2006,56308881.0,train
Smokin' Aces,2007-01-26,2006,57232879.0,train
This Is England,2007-04-27,2006,8481254.0,train
Cashback,2008-05-09,2006,2294291.0,train
Deja Vu,2006-11-22,2006,180557550.0,train
Grandma's Boy,2006-01-06,2006,6566277.0,train
RV,2006-04-28,2006,87528173.0,train
Tenacious D in the Pick of Destiny,2006-11-22,2006,13939963.0,train
Black Book,2007-05-18,2006,26768563.0,train
Stick It,2006-04-28,2006,31976848.0,train
Step Up,2006-08-11,2006,114197742.0,train
The Host,2007-03-30,2006,89433436.0,train
Borat: Cultural Learnings of America for Make Benefit Glorious Nation of Kazakhstan,2006-11-03,2006,262552893.0,train
Snakes on a Plane,2006-08-18,2006,62022014.0,train
Lady in the Water,2006-07-21,2006,72785169.0,train
Crank,2006-09-01,2006,42931041.0,train
The Illusionist,2006-09-01,2006,87892388.0,train
Over the Hedge,2006-05-19,2006,339795890.0,train
Final Destination 3,2006-02-10,2006,118890272.0,train
Stranger Than Fiction,2006-11-10,2006,53653224.0,train
Alpha Dog,2007-01-12,2006,32351125.0,train
Aquamarine,2006-03-03,2006,22989957.0,train
Scary Movie 4,2006-04-14,2006,178262620.0,train
The Fall,2008-05-30,2006,3669465.0,train
John Tucker Must Die,2006-07-28,2006,68844775.0,train
The Good Shepherd,2006-12-22,2006,100266865.0,train
Rocky Balboa,2006-12-20,2006,155929020.0,train
Eragon,2006-12-15,2006,250425512.0,train
Dreamgirls,2006-12-25,2006,155430335.0,train
The Queen,2006-11-17,2006,123384128.0,train
Babel,2006-11-10,2006,135330182.0,train
A Good Year,2006-11-10,2006,42269923.0,train
Miami Vice,2006-07-28,2006,163794509.0,train
Saw III,2006-10-27,2006,164874275.0,train
Happy Feet,2006-11-17,2006,384336108.0,train
The Texas Chainsaw Massacre: the Beginning,2006-10-06,2006,51764406.0,train
Black Snake Moan,2007-03-02,2006,10907485.0,train
Paprika,2007-06-22,2006,946590.0,train
Monster House,2006-07-21,2006,141861243.0,train
Scoop,2006-07-28,2006,39220946.0,train
World Trade Center,2006-08-09,2006,163247198.0,train
Employee of the Month,2006-10-06,2006,38395414.0,train
Little Man,2006-07-14,2006,104003322.0,train
The Benchwarmers,2006-04-07,2006,64962629.0,train
Poseidon,2006-05-12,2006,181674817.0,train
Flushed Away,2006-11-03,2006,178281554.0,train
The Guardian,2006-09-29,2006,94973540.0,train
Rescue Dawn,2007-07-27,2006,7177143.0,train
When a Stranger Calls,2006-02-03,2006,67062123.0,train
A Scanner Darkly,2006-07-28,2006,7659918.0,train
DOA: Dead or Alive,2007-06-15,2006,7563172.0,train
Shortbus,2006-10-20,2006,5526675.0,train
Catch and Release,2007-01-26,2006,16162580.0,train
The Break-Up,2006-06-02,2006,205668210.0,train
Tell No One,2006-11-01,2006,33428799.0,train
United 93,2006-04-28,2006,76700659.0,train
The Pink Panther,2006-02-10,2006,164115897.0,train
Letters from Iwo Jima,2007-02-02,2006,68673228.0,train
Southland Tales,2007-12-07,2006,374743.0,train
Inland Empire,2007-02-07,2006,4046144.0,train
Flags of Our Fathers,2006-10-20,2006,65900249.0,train
Failure to Launch,2006-03-10,2006,130224158.0,train
Clerks II,2006-07-21,2006,26986174.0,train
16 Blocks,2006-03-03,2006,65664721.0,train
My Super Ex-Girlfriend,2006-07-21,2006,61108981.0,train
Tristan + Isolde,2006-01-13,2006,28047963.0,train
The Lake House,2006-06-16,2006,114830111.0,train
The Wicker Man,2006-09-01,2006,38805380.0,train
Open Season,2006-09-29,2006,200811689.0,train
Charlotte's Web,2006-12-15,2006,148963822.0,train
Candy,2006-05-25,2006,2105096.0,train
The Omen,2006-06-06,2006,119974972.0,train
The Wind that Shakes the Barley,2007-03-23,2006,22903165.0,train
Penelope,2008-02-29,2006,21156270.0,train
Ice Age: the Meltdown,2006-03-31,2006,667094506.0,train
Beerfest,2006-08-25,2006,20387597.0,train
Stay Alive,2006-03-24,2006,27298695.0,train
Bug,2007-05-25,2006,8095658.0,train
Turistas,2006-12-01,2006,14756513.0,train
Notes on a Scandal,2007-01-26,2006,49814392.0,train
"Paris, je t'aime",2007-06-15,2006,17471727.0,train
Volver,2007-01-26,2006,85585177.0,train
Seraphim Falls,2007-04-13,2006,1220058.0,train
Invincible,2006-08-25,2006,58480828.0,train
Firewall,2006-02-10,2006,82751189.0,train
The Exterminating Angels,2006-09-13,2006,154210.0,train
Hatchet,2010-04-02,2006,208550.0,train
We Are Marshall,2006-12-22,2006,43545364.0,train
Just My Luck,2006-05-12,2006,38159905.0,train
Madea's Family Reunion,2006-02-24,2006,63368939.0,train
The Marine,2006-10-13,2006,22165608.0,train
The Painted Veil,2007-01-19,2006,26910847.0,train
Let's Go to Prison,2006-11-17,2006,4630045.0,train
Ultraviolet,2006-03-03,2006,31070211.0,train
Factory Girl,2007-02-16,2006,3572632.0,train
Akeelah and the Bee,2006-04-28,2006,18948425.0,train
Sixty Six,2006-11-03,2006,1930133.0,train
The Ultimate Gift,2007-03-09,2006,3438735.0,train
Barnyard,2006-08-04,2006,116755080.0,train
Arthur and the Invisibles,2007-01-12,2006,108605609.0,train
Zoom,2006-08-11,2006,12506362.0,train
Eight Below,2006-02-17,2006,120455994.0,train
Curse of the Golden Flower,2007-01-12,2006,78568977.0,train
Reprise,2006-09-08,2006,1297260.0,train
Date Movie,2006-02-17,2006,85749034.0,train
Flyboys,2006-09-22,2006,17858059.0,train
Find Me Guilty,2006-03-17,2006,2636637.0,train
"You, Me and Dupree",2006-07-14,2006,130628903.0,train
Curious George,2006-02-10,2006,69865924.0,train
Tales from Earthsea,2006-07-29,2006,68673762.0,train
Flicka,2006-10-20,2006,21893591.0,train
After the Wedding,2007-05-11,2006,11632723.0,train
Glory Road,2006-01-13,2006,42938449.0,train
Black Christmas,2006-12-25,2006,21510851.0,train
Wristcutters: A Love Story,2007-11-02,2006,454026.0,train
See No Evil,2006-05-19,2006,18707966.0,train
Last Holiday,2006-01-13,2006,43451846.0,train
Friends with Money,2006-04-21,2006,18245244.0,train
All the King's Men,2006-09-22,2006,9451623.0,train
Hollywoodland,2006-09-08,2006,16800438.0,train
"OSS 117: Cairo, Nest of Spies",2008-05-09,2006,23055884.0,train
ATL,2006-03-31,2006,21170563.0,train
Stormbreaker,2006-10-13,2006,23937870.0,train
Fearless,2006-09-22,2006,68072848.0,train
Behind the Mask: The Rise of Leslie Vernon,2006-10-13,2006,69136.0,train
Bobby,2006-11-23,2006,20718608.0,train
Half Nelson,2006-09-22,2006,4660481.0,train
The Wild,2006-04-14,2006,102338515.0,train
Infamous,2006-10-13,2006,2689799.0,train
Black Sheep,2007-03-29,2006,4947717.0,train
Take the Lead,2006-04-07,2006,66500090.0,train
Gridiron Gang,2006-09-15,2006,41480851.0,train
The Ant Bully,2006-07-28,2006,55181129.0,train
Fur: an Imaginary Portrait of Diane Arbus,2006-10-20,2006,2312717.0,train
Rang De Basanti,2006-01-26,2006,10800778.0,train
Peaceful Warrior,2006-06-23,2006,4326927.0,train
The Santa Clause 3: The Escape Clause,2006-11-03,2006,110768122.0,train
Miss Potter,2007-03-09,2006,35078241.0,train
Big Momma's House 2,2006-01-27,2006,141522961.0,train
Pulse,2006-08-11,2006,29907685.0,train
The Last Kiss,2006-09-15,2006,15852401.0,train
The Foot Fist Way,2008-09-26,2006,245292.0,train
The Astronaut Farmer,2007-02-23,2006,11130889.0,train
Starter for 10,2007-03-09,2006,1736394.0,train
Mini's First Time,2006-07-14,2006,156318.0,train
Lonely Hearts,2006-10-21,2006,2520835.0,train
A Guide to Recognizing Your Saints,2006-10-13,2006,2035468.0,train
Everyone's Hero,2006-09-15,2006,16627188.0,train
Severance,2006-08-25,2006,5515163.0,train
Kabhi Alvida Naa Kehna,2006-08-11,2006,25229168.0,train
Old Joy,2007-01-26,2006,301047.0,train
The Grudge 2,2006-10-13,2006,70711175.0,train
For Your Consideration,2006-11-22,2006,5925637.0,train
The Sentinel,2006-04-21,2006,78810595.0,train
The Breed,2007-10-19,2006,1689984.0,train
Skinwalkers,2007-08-10,2006,3269736.0,train
Hoot,2006-05-05,2006,8224998.0,train
Garfield: A Tail of Two Kitties,2006-06-16,2006,143325970.0,train
There Will Be Blood,2008-01-25,2007,76182388.0,train
No Country for Old Men,2007-11-21,2007,171627166.0,train
Stardust,2007-08-10,2007,137515140.0,train
Gone Baby Gone,2007-10-19,2007,34612443.0,train
Disturbia,2007-04-13,2007,118114220.0,train
Zodiac,2007-03-02,2007,84785914.0,train
Superbad,2007-08-17,2007,170812526.0,train
Transformers,2007-07-03,2007,709709780.0,train
Harry Potter and the Order of the Phoenix,2007-07-11,2007,942172396.0,train
Into the Wild,2007-10-19,2007,56675895.0,train
Ratatouille,2007-06-29,2007,623726085.0,train
Atonement,2008-01-11,2007,131016624.0,train
Shooter,2007-03-23,2007,95696996.0,train
American Gangster,2007-11-02,2007,269755430.0,train
Spider-Man 3,2007-05-04,2007,894983373.0,train
Live Free or Die Hard,2007-06-27,2007,388156011.0,train
Hot Fuzz,2007-04-20,2007,80743363.0,train
Pirates of the Caribbean: at World's End,2007-05-25,2007,960996492.0,train
I Am Legend,2007-12-14,2007,585410052.0,train
Sunshine,2007-07-27,2007,34806812.0,train
Juno,2007-12-25,2007,232372681.0,train
28 Weeks Later,2007-05-11,2007,65048678.0,train
Hitman,2007-11-21,2007,101276318.0,train
Enchanted,2007-11-21,2007,340487836.0,train
The Mist,2007-11-21,2007,57470220.0,train
Hairspray,2007-07-20,2007,203553311.0,train
Knocked Up,2007-06-01,2007,219922417.0,train
Sweeney Todd: the Demon Barber of Fleet Street,2007-12-21,2007,153383627.0,train
Grindhouse,2007-04-06,2007,25422088.0,train
Ghost Rider,2007-02-16,2007,228738393.0,train
Hot Rod,2007-08-03,2007,14353654.0,train
The Darjeeling Limited,2007-10-26,2007,35310019.0,train
Bridge to Terabithia,2007-02-16,2007,137587063.0,train
The Nanny Diaries,2007-08-24,2007,47817020.0,train
Funny Games,2008-04-04,2007,7938872.0,train
Halloween,2007-08-31,2007,80460948.0,train
Eastern Promises,2007-09-21,2007,56107312.0,train
The Bourne Ultimatum,2007-08-03,2007,444100035.0,train
Norbit,2007-02-09,2007,159814490.0,train
Fracture,2007-04-20,2007,92011561.0,train
Beowulf,2007-11-16,2007,196393745.0,train
Next,2007-04-27,2007,77621983.0,train
3:10 to Yuma,2007-09-07,2007,70016220.0,train
Across the Universe,2007-10-12,2007,29625761.0,train
Ocean's Thirteen,2007-06-08,2007,311312624.0,train
Blades of Glory,2007-03-30,2007,145710347.0,train
Surf's Up,2007-06-08,2007,152005713.0,train
Resident Evil: Extinction,2007-09-21,2007,147717833.0,train
30 Days of Night,2007-10-19,2007,75513170.0,train
Awake,2007-11-30,2007,32730062.0,train
Dead Silence,2007-03-16,2007,22382047.0,train
Bee Movie,2007-11-02,2007,293514336.0,train
The Heartbreak Kid,2007-10-05,2007,128453183.0,train
Aliens vs. Predator: Requiem,2007-12-25,2007,130290885.0,train
Shrek the Third,2007-05-18,2007,813367380.0,train
1408,2007-06-22,2007,132963417.0,train
The Kingdom,2007-09-28,2007,87019158.0,train
The Assassination of Jesse James by the Coward Robert Ford,2007-10-19,2007,15001776.0,train
Good Luck Chuck,2007-09-21,2007,59768495.0,train
Hostel: Part II,2007-06-08,2007,35728183.0,train
Fantastic 4: Rise of the Silver Surfer,2007-06-15,2007,301913131.0,train
The Golden Compass,2007-12-07,2007,372234864.0,train
Rush Hour 3,2007-08-10,2007,258097122.0,train
The Babysitters,2011-05-13,2007,44852.0,train
Timecrimes,2008-06-27,2007,553198.0,train
Epic Movie,2007-01-26,2007,87238158.0,train
Meet the Robinsons,2007-03-30,2007,169333034.0,train
Michael Clayton,2007-10-12,2007,92991835.0,train
The Bucket List,2008-01-11,2007,175372502.0,train
"Lust, Caution",2007-10-26,2007,67091915.0,train
Charlie Wilson's War,2007-12-21,2007,119483446.0,train
Paranormal Activity,2009-10-16,2007,193355800.0,train
Freedom Writers,2007-01-05,2007,43095175.0,train
Before the Devil Knows You're Dead,2007-10-26,2007,25038466.0,train
In the Valley of Elah,2007-09-28,2007,29541790.0,train
Alvin and the Chipmunks,2007-12-14,2007,365352546.0,train
P.S. I Love You,2007-12-21,2007,156835339.0,train
Walk Hard: the Dewey Cox Story,2007-12-21,2007,20576198.0,train
National Treasure: Book of Secrets,2007-12-21,2007,459242249.0,train
Lars and the Real Girl,2007-11-02,2007,11293663.0,train
The Orphanage,2008-01-11,2007,78638987.0,train
The Game Plan,2007-09-28,2007,147880543.0,train
Hannibal Rising,2007-02-09,2007,82169884.0,train
Saw IV,2007-10-26,2007,139352633.0,train
Premonition,2007-03-16,2007,84297309.0,train
The Simpsons Movie,2007-07-27,2007,536414293.0,train
Teeth,2008-04-03,2007,2340110.0,train
Death at a Funeral,2007-09-07,2007,46789413.0,train
Wild Hogs,2007-03-02,2007,253625427.0,train
Mr. Brooks,2007-06-01,2007,48443734.0,train
Vacancy,2007-04-20,2007,35442935.0,train
Like Stars on Earth,2007-12-21,2007,21897373.0,train
Mr. Bean's Holiday,2007-08-24,2007,232225908.0,train
Perfect Stranger,2007-04-13,2007,73534117.0,train
The Condemned,2007-04-27,2007,8642858.0,train
The Brothers Solomon,2007-09-07,2007,1035056.0,train
August Rush,2007-11-21,2007,66122026.0,train
Music and Lyrics,2007-02-14,2007,145896422.0,train
Reservation Road,2008-06-19,2007,1783226.0,train
I'm Not There,2007-12-07,2007,11792542.0,train
Reno 911! Miami,2007-02-23,2007,22021262.0,train
The Number 23,2007-02-23,2007,77677553.0,train
Shoot 'Em Up,2007-09-07,2007,27122238.0,train
Evan Almighty,2007-06-22,2007,174440724.0,train
Dan in Real Life,2007-10-26,2007,68474305.0,train
Control,2007-09-26,2007,8159508.0,train
The Lookout,2007-03-30,2007,5371181.0,train
The Brave One,2007-09-14,2007,69787394.0,train
I Now Pronounce You Chuck & Larry,2007-07-20,2007,187134117.0,train
Rogue,2007-11-08,2007,4631926.0,train
La Vie En Rose,2007-07-20,2007,86274793.0,train
Once,2007-06-15,2007,20936722.0,train
War,2007-08-24,2007,40481352.0,train
The Visitor,2008-05-23,2007,18197518.0,train
Elizabeth: The Golden Age,2007-10-12,2007,75782758.0,train
Waitress,2007-05-25,2007,22240529.0,train
The Seeker: the Dark Is Rising,2007-10-05,2007,31852619.0,train
No Reservations,2007-07-27,2007,92601050.0,train
TMNT,2007-03-23,2007,95802916.0,train
The Hills Have Eyes 2,2007-03-23,2007,37697773.0,train
Shelter,2009-04-16,2007,142666.0,train
The Hitcher,2007-01-19,2007,25399945.0,train
Sydney White,2007-09-21,2007,13620075.0,train
The Kite Runner,2008-01-11,2007,75011029.0,train
Reign Over Me,2007-03-23,2007,22242388.0,train
Bratz,2007-08-03,2007,26013153.0,train
Daddy's Little Girls,2007-02-14,2007,31609243.0,train
Becoming Jane,2007-08-10,2007,37407812.0,train
Breach,2007-02-16,2007,40953935.0,train
In the Name of the King: A Dungeon Siege Tale,2008-01-11,2007,13097915.0,train
Balls of Fury,2007-08-29,2007,41739766.0,train
Pathfinder,2007-04-13,2007,30984583.0,train
The Comebacks,2007-10-19,2007,13539154.0,train
We Own the Night,2007-10-12,2007,55033767.0,train
Savage Grace,2008-01-25,2007,1432799.0,train
Death Sentence,2007-08-31,2007,16974459.0,train
The Water Horse,2007-12-25,2007,103967384.0,train
Elite Squad,2007-10-12,2007,14759148.0,train
The Diving Bell and the Butterfly,2008-02-01,2007,19780116.0,train
My Blueberry Nights,2007-11-28,2007,22007671.0,train
Margot at the Wedding,2008-02-21,2007,2900156.0,train
The Messengers,2007-02-02,2007,55060212.0,train
Water Lilies,2007-08-15,2007,628258.0,train
Om Shanti Om,2007-11-09,2007,39997274.0,train
Feast of Love,2007-09-28,2007,5741608.0,train
Tyler Perry's Why Did I Get Married?,2007-10-12,2007,55862886.0,train
Love in the Time of Cholera,2007-11-16,2007,31575877.0,train
P2,2007-11-09,2007,7766240.0,train
The Reaping,2007-04-05,2007,62771059.0,train
The Invasion,2007-08-17,2007,40170558.0,train
Redacted,2007-11-16,2007,784604.0,train
Who's Your Caddy?,2007-07-27,2007,5713425.0,train
Persepolis,2008-02-22,2007,22783978.0,train
The Great Debaters,2007-12-25,2007,30271556.0,train
Georgia Rule,2007-05-11,2007,25000167.0,train
The Nines,2007-11-30,2007,130880.0,train
I Know Who Killed Me,2007-07-27,2007,9669758.0,train
Mr. Magorium's Wonder Emporium,2007-11-16,2007,69474661.0,train
Rise: Blood Hunter,2007-07-06,2007,2850927.0,train
Hotel for Dogs,2009-01-16,2007,117252578.0,train
Because I Said So,2007-02-02,2007,69485490.0,train
"4 Months, 3 Weeks and 2 Days",2007-09-14,2007,10174839.0,train
Fred Claus,2007-11-09,2007,97838349.0,train
Sex and Death 101,2008-02-22,2007,1229330.0,train
Lions for Lambs,2007-11-09,2007,64811540.0,train
Captivity,2007-07-13,2007,10921200.0,train
Charlie Bartlett,2008-02-22,2007,5254986.0,train
The Invisible,2007-04-27,2007,26810113.0,train
Underdog,2007-08-03,2007,65270477.0,train
The Last Legion,2007-08-17,2007,25303038.0,train
Diary of the Dead,2008-02-22,2007,5540941.0,train
Evangelion: 1.0 You Are (Not) Alone,2007-09-01,2007,16444137.0,train
Mongol: The Rise of Genghis Khan,2008-07-04,2007,26527510.0,train
Eagle vs Shark,2007-08-30,2007,1298037.0,train
Towelhead,2008-09-26,2007,691733.0,train
The Life Before Her Eyes,2008-09-05,2007,7248490.0,train
The Counterfeiters,2008-04-18,2007,18814713.0,train
Shotgun Stories,2008-03-26,2007,185699.0,train
Nancy Drew,2007-06-15,2007,30666930.0,train
In the Land of Women,2007-04-20,2007,17562071.0,train
Joshua,2007-07-13,2007,719968.0,train
Jab We Met,2007-10-26,2007,10065630.0,train
Rendition,2007-10-19,2007,27066382.0,train
License to Wed,2007-07-03,2007,70181325.0,train
88 Minutes,2008-04-18,2007,32593385.0,train
The Last Mimzy,2007-03-23,2007,27308918.0,train
Primeval,2007-01-12,2007,15291277.0,train
Smiley Face,2008-01-16,2007,179381.0,train
Boarding Gate,2007-08-22,2007,586888.0,train
Meet Bill,2008-06-18,2007,346592.0,train
Stomp the Yard,2007-01-12,2007,75511123.0,train
Hounddog,2007-01-22,2007,131961.0,train
The Savages,2008-02-01,2007,10653221.0,train
Cassandra's Dream,2008-01-18,2007,22687639.0,train
Chapter 27,2007-12-15,2007,187488.0,train
The Jane Austen Book Club,2007-10-05,2007,7163566.0,train
Postal,2007-10-18,2007,146741.0,train
The Hunting Party,2007-09-21,2007,7674033.0,train
Son of Rambow,2008-05-23,2007,10871449.0,train
Things We Lost in the Fire,2007-10-19,2007,8591255.0,train
The Dark Knight,2008-07-18,2008,1005973645.0,train
Twilight,2008-11-21,2008,408430415.0,train
Iron Man,2008-05-02,2008,585796247.0,train
The Incredible Hulk,2008-06-13,2008,264770996.0,train
Kung Fu Panda,2008-06-06,2008,631746197.0,train
Tropic Thunder,2008-08-13,2008,195702963.0,train
Step Brothers,2008-07-25,2008,128108211.0,train
Quantum of Solace,2008-11-14,2008,589580482.0,train
Mamma Mia!,2008-07-18,2008,611257819.0,train
The Strangers,2008-05-30,2008,82410456.0,train
Indiana Jones and the Kingdom of the Crystal Skull,2008-05-22,2008,790653942.0,train
Taken,2009-01-30,2008,226837760.0,train
The Curious Case of Benjamin Button,2008-12-25,2008,335802786.0,train
Wanted,2008-06-27,2008,342463063.0,train
Burn After Reading,2008-09-12,2008,163728902.0,train
Revolutionary Road,2009-01-23,2008,75981180.0,train
Zack and Miri Make a Porno,2008-10-31,2008,42784344.0,train
WALL·E,2008-06-27,2008,521311890.0,train
Forgetting Sarah Marshall,2008-04-18,2008,105833257.0,train
Seven Pounds,2008-12-19,2008,169748929.0,train
Vicky Cristina Barcelona,2008-08-15,2008,96409300.0,train
In Bruges,2008-02-29,2008,34085749.0,train
Sex and the City,2008-05-30,2008,418765519.0,train
Slumdog Millionaire,2008-12-25,2008,378410542.0,train
The House Bunny,2008-08-22,2008,70439696.0,train
RocknRolla,2008-10-31,2008,25740863.0,train
Gran Torino,2009-01-09,2008,269958228.0,train
The Duchess,2008-10-10,2008,43343384.0,train
The Reader,2009-01-30,2008,108902486.0,train
The Hurt Locker,2009-07-31,2008,49259766.0,train
Rambo,2008-01-25,2008,113244290.0,train
Eden Lake,2008-09-12,2008,3984669.0,train
The Happening,2008-06-13,2008,163403799.0,train
The Wrestler,2009-01-30,2008,44734660.0,train
Cloverfield,2008-01-18,2008,172394180.0,train
Changeling,2008-10-31,2008,113398237.0,train
Eagle Eye,2008-09-26,2008,178767383.0,train
The Ruins,2008-04-04,2008,22818256.0,train
The Other Boleyn Girl,2008-02-29,2008,78201830.0,train
21,2008-03-28,2008,159808370.0,train
Never Back Down,2008-03-14,2008,41627431.0,train
The Mummy: Tomb of the Dragon Emperor,2008-08-01,2008,403449830.0,train
Hancock,2008-07-02,2008,629443428.0,train
Journey to the Center of the Earth,2008-07-11,2008,244232688.0,train
Bolt,2008-11-21,2008,309979994.0,train
Sex Drive,2008-10-17,2008,18755936.0,train
Death Race,2008-08-22,2008,76014335.0,train
The Chronicles of Narnia: Prince Caspian,2008-05-16,2008,419665568.0,train
Pineapple Express,2008-08-06,2008,101624843.0,train
The Boy in the Striped Pajamas,2008-11-26,2008,40416563.0,train
Valkyrie,2008-12-25,2008,201545517.0,train
27 Dresses,2008-01-18,2008,162655351.0,train
Let the Right One In,2008-12-12,2008,11227336.0,train
Role Models,2008-11-07,2008,92649419.0,train
Defiance,2009-01-16,2008,51262751.0,train
Wild Child,2008-08-15,2008,21972336.0,train
"Definitely, Maybe",2008-02-14,2008,55990299.0,train
The Forbidden Kingdom,2008-04-18,2008,128792411.0,train
Bronson,2009-03-13,2008,2260712.0,train
Australia,2008-11-26,2008,211787511.0,train
Yes Man,2008-12-19,2008,223241637.0,train
Body of Lies,2008-10-10,2008,115900897.0,train
Disaster Movie,2008-08-29,2008,34816824.0,train
Superhero Movie,2008-03-28,2008,71571300.0,train
Ponyo,2009-08-14,2008,204826668.0,train
Jumper,2008-02-14,2008,225132113.0,train
Speed Racer,2008-05-09,2008,93945766.0,train
The Bank Job,2008-03-07,2008,64828421.0,train
Street Kings,2008-04-11,2008,66476363.0,train
Get Smart,2008-06-20,2008,230685453.0,train
Punisher: War Zone,2008-12-05,2008,10161493.0,train
You Don't Mess with the Zohan,2008-06-06,2008,204313400.0,train
Hellboy II: the Golden Army,2008-07-11,2008,168319243.0,train
"Synecdoche, New York",2009-02-05,2008,4658401.0,train
Marley & Me,2008-12-25,2008,255743093.0,train
Fool's Gold,2008-02-08,2008,111231041.0,train
The Secret Life of Bees,2008-10-17,2008,39952437.0,train
Nick and Norah's Infinite Playlist,2008-10-03,2008,33556631.0,train
The Spiderwick Chronicles,2008-02-14,2008,164170327.0,train
Doomsday,2008-03-14,2008,22472631.0,train
Max Payne,2008-10-17,2008,87066930.0,train
The Day the Earth Stood Still,2008-12-12,2008,233093859.0,train
Milk,2009-01-30,2008,54589558.0,train
Madagascar: Escape 2 Africa,2008-11-07,2008,603900354.0,train
The Spirit,2008-12-25,2008,39164441.0,train
Ghost Town,2008-09-19,2008,27090159.0,train
Bottle Shock,2008-09-05,2008,4629770.0,train
The Rocker,2008-08-20,2008,8808935.0,train
Step Up 2: the Streets,2008-02-14,2008,150988382.0,train
Semi-Pro,2008-02-29,2008,44004502.0,train
Repo! The Genetic Opera,2008-11-20,2008,188126.0,train
Outlander,2008-07-11,2008,7034698.0,train
Saw V,2008-10-24,2008,113864059.0,train
Miss Pettigrew Lives for a Day,2008-03-07,2008,16724933.0,train
Hunger,2008-10-31,2008,3185113.0,train
Horton Hears a Who!,2008-03-14,2008,298572799.0,train
The Women,2008-09-12,2008,50007546.0,train
Choke,2008-10-30,2008,3982459.0,train
Doubt,2008-12-25,2008,51699984.0,train
Bedtime Stories,2008-12-25,2008,212874864.0,train
"10,000 BC",2008-03-07,2008,269784201.0,train
The Midnight Meat Train,2008-10-31,2008,3534313.0,train
Drillbit Taylor,2008-03-21,2008,49944325.0,train
Made of Honor,2008-05-02,2008,106407672.0,train
What Happens in Vegas,2008-05-09,2008,219375562.0,train
The Brothers Bloom,2009-06-19,2008,5530764.0,train
Inkheart,2009-01-23,2008,62803180.0,train
Appaloosa,2008-10-03,2008,27712362.0,train
Vantage Point,2008-02-22,2008,152039882.0,train
W.,2008-10-17,2008,29560587.0,train
The Hottie & the Nottie,2008-02-21,2008,1596232.0,train
Untraceable,2008-01-25,2008,52933513.0,train
Red Cliff,2009-12-04,2008,129710514.0,train
Sunshine Cleaning,2009-04-17,2008,16580250.0,train
How to Lose Friends & Alienate People,2008-10-03,2008,19152009.0,train
Transporter 3,2008-11-26,2008,108979549.0,train
Prom Night,2008-04-11,2008,57197876.0,train
High School Musical 3: Senior Year,2008-10-24,2008,252909177.0,train
Rachel Getting Married,2008-10-31,2008,16937968.0,train
Righteous Kill,2008-09-12,2008,79498846.0,train
Leatherheads,2008-04-04,2008,41319039.0,train
Meet the Spartans,2008-01-25,2008,85897593.0,train
Star Wars: The Clone Wars,2008-08-15,2008,68282844.0,train
Mirrors,2008-08-15,2008,78094714.0,train
Harold & Kumar Escape from Guantanamo Bay,2008-04-25,2008,43495888.0,train
Baby Mama,2008-04-25,2008,64444713.0,train
Nim's Island,2008-04-04,2008,100104565.0,train
City of Ember,2008-10-10,2008,17929684.0,train
Quarantine,2008-10-10,2008,41319906.0,train
Bangkok Dangerous,2008-09-05,2008,42487390.0,train
Nights in Rodanthe,2008-09-26,2008,84375346.0,train
Four Christmases,2008-11-26,2008,164112721.0,train
The Sisterhood of the Traveling Pants 2,2008-08-06,2008,44352417.0,train
Pride and Glory,2008-10-24,2008,31200557.0,train
Blindness,2008-10-03,2008,19844979.0,train
Che: Part One,2009-01-24,2008,34209066.0,train
The Edge of Love,2008-06-20,2008,4297711.0,train
I Can't Think Straight,2008-11-01,2008,40945.0,train
Strange Wilderness,2008-02-01,2008,6964734.0,train
Frost/Nixon,2009-01-23,2008,27426335.0,train
Gomorrah,2009-04-10,2008,34861529.0,train
Stop-Loss,2008-03-28,2008,11212953.0,train
Two Lovers,2009-03-20,2008,16303643.0,train
Babylon A.D.,2008-08-29,2008,72109200.0,train
Chocolate,2008-02-06,2008,3179014.0,train
Killshot,2008-11-13,2008,2961647.0,train
The Good the Bad the Weird,2008-07-17,2008,44261209.0,train
Passengers,2008-09-26,2008,5798974.0,train
Shutter,2008-03-21,2008,48555306.0,train
Deception,2008-04-25,2008,18024545.0,train
Ghajini,2008-12-24,2008,38316584.0,train
Donkey Punch,2008-07-18,2008,694422.0,train
The Eye,2008-02-01,2008,58010320.0,train
The Love Guru,2008-06-20,2008,40877556.0,train
The Informers,2009-04-24,2008,382174.0,train
The X Files: I Want to Believe,2008-07-25,2008,69363381.0,train
Asterix at the Olympic Games,2008-06-13,2008,131856927.0,train
Wendy and Lucy,2009-03-06,2008,1192995.0,train
Tokyo!,2008-08-16,2008,1194397.0,train
One Missed Call,2008-01-04,2008,45847751.0,train
Transsiberian,2008-09-05,2008,5926410.0,train
Lakeview Terrace,2008-09-19,2008,44655002.0,train
Fireproof,2008-09-26,2008,33473297.0,train
Traitor,2008-08-27,2008,27675014.0,train
My Best Friend's Girl,2008-09-19,2008,41624687.0,train
"New York, I Love You",2009-10-16,2008,14603177.0,train
Nothing But the Truth,2009-07-29,2008,409832.0,train
Cadillac Records,2008-12-05,2008,8883644.0,train
Pontypool,2009-09-18,2008,32118.0,train
Happy-Go-Lucky,2008-11-21,2008,18696602.0,train
Beverly Hills Chihuahua,2008-10-03,2008,149292488.0,train
Waltz with Bashir,2008-06-12,2008,11179372.0,train
Redbelt,2008-05-09,2008,2674090.0,train
Departures,2009-06-19,2008,70636951.0,train
Mad Money,2008-01-18,2008,26412163.0,train
The Burning Plain,2009-11-05,2008,5642478.0,train
Brideshead Revisited,2008-08-15,2008,13451186.0,train
The Tale of Despereaux,2008-12-19,2008,86957280.0,train
Meet the Browns,2008-03-21,2008,41975388.0,train
Pathology,2008-04-11,2008,3234706.0,train
Chaos Theory,2008-10-16,2008,338440.0,train
Be Kind Rewind,2008-02-22,2008,30579406.0,train
The Express,2008-10-10,2008,9808124.0,train
Easy Virtue,2009-06-19,2008,18463793.0,train
The Baader Meinhof Complex,2008-09-25,2008,26937355.0,train
What Just Happened,2008-10-31,2008,6759057.0,train
Meet Dave,2008-07-11,2008,51339567.0,train
JCVD,2019-08-02,2008,2342211.0,train
Hell Ride,2009-01-17,2008,390128.0,train
Igor,2008-09-19,2008,30893885.0,train
The Wackness,2008-08-01,2008,3175469.0,train
CJ7,2008-01-30,2008,49529913.0,train
Shorts,2009-08-21,2008,28972508.0,train
Frozen River,2008-09-05,2008,5457664.0,train
"Surfer, Dude",2008-09-05,2008,52132.0,train
Last Chance Harvey,2009-01-16,2008,32568427.0,train
"Welcome Home, Roscoe Jenkins",2008-02-08,2008,43655418.0,train
The Family That Preys,2008-09-12,2008,37105289.0,train
Surveillance,2008-07-31,2008,1138322.0,train
Inglourious Basterds,2009-08-21,2009,321457747.0,train
Star Trek,2009-05-08,2009,385680446.0,train
Avatar,2009-12-18,2009,2847246203.0,train
Jennifer's Body,2009-09-18,2009,31556061.0,train
Watchmen,2009-03-06,2009,185382813.0,train
Fast & Furious,2009-04-03,2009,360366870.0,train
G.I. Joe: The Rise of Cobra,2009-08-07,2009,302469017.0,train
The Hangover,2009-06-05,2009,469310836.0,train
Harry Potter and the Half-Blood Prince,2009-07-15,2009,934454096.0,train
He's Just Not That Into You,2009-02-06,2009,178866158.0,train
2012,2009-11-13,2009,791217826.0,train
The Lovely Bones,2010-01-15,2009,93621340.0,train
State of Play,2009-04-17,2009,87812371.0,train
Zombieland,2009-10-02,2009,102392080.0,train
500 Days of Summer,2009-08-07,2009,60800444.0,train
Sherlock Holmes,2009-12-25,2009,524028679.0,train
District 9,2009-08-14,2009,210888950.0,train
The Blind Side,2009-11-20,2009,309208309.0,train
Up,2009-05-29,2009,735099102.0,train
X-Men Origins: Wolverine,2009-05-01,2009,373062864.0,train
Fantastic Mr. Fox,2009-11-25,2009,46474181.0,train
Brothers,2009-12-04,2009,43474578.0,train
Orphan,2009-07-24,2009,77912251.0,train
3 Idiots,2009-12-25,2009,60262836.0,train
Fanboys,2009-02-13,2009,961203.0,train
Transformers: Revenge of the Fallen,2009-06-24,2009,836303693.0,train
Up in the Air,2009-12-23,2009,166842739.0,train
The Twilight Saga: New Moon,2009-11-20,2009,711025481.0,train
Antichrist,2009-05-20,2009,7413863.0,train
Friday the 13th,2009-02-13,2009,91509154.0,train
The Princess and the Frog,2009-12-11,2009,267045765.0,train
Terminator Salvation,2009-05-21,2009,371353001.0,train
Coraline,2009-02-06,2009,124596837.0,train
Moon,2009-07-10,2009,9760107.0,train
"I Love You, Man",2009-03-20,2009,91980359.0,train
Public Enemies,2009-07-01,2009,214104620.0,train
The Human Centipede (First Sequence),2010-04-28,2009,325113.0,train
Law Abiding Citizen,2009-10-16,2009,127944208.0,train
The Proposal,2009-06-19,2009,317375031.0,train
Mr. Nobody,2013-09-26,2009,3559160.0,train
Enter the Void,2010-05-05,2009,775385.0,train
17 Again,2009-04-17,2009,136316880.0,train
Knowing,2009-03-20,2009,183658498.0,train
Fired Up!,2009-02-20,2009,18599102.0,train
Dogtooth,2009-11-11,2009,676126.0,train
Angels & Demons,2009-05-15,2009,485930816.0,train
The Road,2009-11-25,2009,27639579.0,train
Whip It,2009-10-02,2009,16691303.0,train
The Secret in Their Eyes,2010-05-21,2009,35079650.0,train
Pandorum,2009-09-25,2009,20648328.0,train
Monsters vs. Aliens,2009-03-27,2009,381509870.0,train
Underworld: Rise of the Lycans,2009-01-23,2009,92158961.0,train
Couples Retreat,2009-10-09,2009,171844840.0,train
Ondine,2010-03-05,2009,1790061.0,train
Drag Me to Hell,2009-05-29,2009,90842646.0,train
The Last House on the Left,2009-03-13,2009,45995223.0,train
The Girl with the Dragon Tattoo,2010-04-30,2009,104414200.0,train
The Stepfather,2009-10-16,2009,31198531.0,train
Where the Wild Things Are,2009-10-16,2009,100140916.0,train
Sorority Row,2009-09-11,2009,27206120.0,train
Gamer,2009-09-04,2009,40828540.0,train
The Imaginarium of Doctor Parnassus,2010-01-08,2009,61808775.0,train
Night at the Museum: Battle of the Smithsonian,2009-05-22,2009,413106170.0,train
Year One,2009-06-19,2009,62357900.0,train
Adventureland,2009-04-03,2009,17164820.0,train
Precious,2009-11-20,2009,63649529.0,train
The Time Traveler's Wife,2009-08-14,2009,101344412.0,train
Cloudy with a Chance of Meatballs,2009-09-18,2009,243006126.0,train
A Perfect Getaway,2009-08-07,2009,22955544.0,train
Invictus,2009-12-11,2009,122426792.0,train
Mother,2009-05-28,2009,17203507.0,train
The Ugly Truth,2009-07-24,2009,321682600.0,train
The Invention of Lying,2009-10-02,2009,32406507.0,train
The Fourth Kind,2009-11-06,2009,47719794.0,train
A Serious Man,2009-11-06,2009,31430334.0,train
Extract,2009-09-04,2009,10848783.0,train
The Collector,2009-07-31,2009,10234475.0,train
Ninja Assassin,2009-11-25,2009,61601280.0,train
The Men Who Stare at Goats,2009-11-06,2009,69095771.0,train
Land of the Lost,2009-06-05,2009,68777554.0,train
A Single Man,2010-02-05,2009,24964890.0,train
Now & Later,2011-02-18,2009,1808.0,train
Pirate Radio,2009-11-13,2009,36348784.0,train
Dragonball Evolution,2009-04-10,2009,55720772.0,train
Spread,2009-07-08,2009,12035862.0,train
Case 39,2010-10-01,2009,28190603.0,train
The Taking of Pelham 123,2009-06-12,2009,150166126.0,train
It's Complicated,2009-12-25,2009,219103655.0,train
Halloween II,2009-08-28,2009,39421467.0,train
The Final Destination,2009-08-28,2009,186167139.0,train
Chloe,2010-03-10,2009,13657649.0,train
Agora,2009-10-09,2009,39457342.0,train
The Joneses,2010-04-23,2009,7043835.0,train
Daybreakers,2010-01-08,2009,51417188.0,train
An Education,2010-02-05,2009,26096852.0,train
Crazy Heart,2010-02-05,2009,47405566.0,train
Ice Age: Dawn of the Dinosaurs,2009-07-01,2009,886686817.0,train
Crank: High Voltage,2009-04-17,2009,34572541.0,train
The International,2009-02-13,2009,60253843.0,train
The Uninvited,2009-01-30,2009,41633384.0,train
My Bloody Valentine,2009-01-16,2009,100734718.0,train
Julie & Julia,2009-08-07,2009,129540522.0,train
Confessions of a Shopaholic,2009-02-13,2009,108394089.0,train
Race to Witch Mountain,2009-03-13,2009,106387141.0,train
9,2009-09-09,2009,48428063.0,train
The Young Victoria,2010-01-08,2009,29196409.0,train
Splice,2010-06-04,2009,27127620.0,train
A Prophet,2010-03-26,2009,17874044.0,train
My Sister's Keeper,2009-06-26,2009,95714875.0,train
Bride Wars,2009-01-09,2009,115375850.0,train
Surrogates,2009-09-25,2009,122444772.0,train
Valhalla Rising,2010-03-31,2009,282737.0,train
Funny People,2009-07-31,2009,71585235.0,train
Saw VI,2009-10-23,2009,68234154.0,train
Fish Tank,2009-09-11,2009,2404300.0,train
Push,2009-02-06,2009,48858618.0,train
After.Life,2009-12-16,2009,2425535.0,train
Nine,2009-12-25,2009,54004950.0,train
Obsessed,2009-04-24,2009,73830347.0,train
Paul Blart: Mall Cop,2009-01-16,2009,183348429.0,train
The Box,2009-11-06,2009,33334176.0,train
Everybody's Fine,2009-12-04,2009,16443609.0,train
Brüno,2009-07-10,2009,138805831.0,train
"I Love You, Beth Cooper",2009-07-10,2009,15821907.0,train
The Unborn,2009-01-09,2009,76514050.0,train
Thirst,2009-04-30,2009,13085023.0,train
Notorious,2009-01-16,2009,44420167.0,train
Serious Moonlight,2009-12-04,2009,348327.0,train
All About Steve,2009-09-04,2009,40105542.0,train
Old Dogs,2009-11-25,2009,96753696.0,train
Nowhere Boy,2009-12-25,2009,6577779.0,train
The Girlfriend Experience,2009-07-08,2009,1060941.0,train
The Girl Who Played with Fire,2010-08-27,2009,67153225.0,train
Ghosts of Girlfriends Past,2009-05-01,2009,102366815.0,train
The Haunting in Connecticut,2009-03-27,2009,77578320.0,train
I Love You Phillip Morris,2011-01-07,2009,20768906.0,train
Bad Lieutenant: Port of Call New Orleans,2009-12-11,2009,10606422.0,train
Black Dynamite,2010-01-13,2009,296557.0,train
Brooklyn's Finest,2010-03-05,2009,45719985.0,train
In the Loop,2009-09-04,2009,7787487.0,train
The White Ribbon,2010-03-05,2009,19319671.0,train
The Boondock Saints II: All Saints Day,2009-12-11,2009,10629321.0,train
Whatever Works,2009-07-03,2009,36020534.0,train
Hannah Montana: The Movie,2009-04-10,2009,155545279.0,train
Darbareye Elly,2009-06-06,2009,879422.0,train
Alvin and the Chipmunks: the Squeakquel,2009-12-23,2009,443140005.0,train
12 Rounds,2009-03-27,2009,17280326.0,train
Survival of the Dead,2010-05-06,2009,386078.0,train
Fame,2009-09-25,2009,77211836.0,train
I Am Love,2010-07-23,2009,12014663.0,train
The House of the Devil,2009-04-25,2009,101215.0,train
Middle Men,2010-08-06,2009,754301.0,train
Astro Boy,2009-10-23,2009,39886986.0,train
Carriers,2009-09-02,2009,5805279.0,train
My Life in Ruins,2009-06-05,2009,20458873.0,train
G-Force,2009-07-24,2009,292817898.0,train
Did You Hear About the Morgans?,2009-12-18,2009,85280250.0,train
Away We Go,2009-06-26,2009,15779455.0,train
Love Happens,2009-09-18,2009,36088028.0,train
The Girl Who Kicked the Hornet's Nest,2010-11-12,2009,44276335.0,train
Youth in Revolt,2010-01-08,2009,19651093.0,train
Observe and Report,2009-04-10,2009,26973554.0,train
Bright Star,2009-10-09,2009,14374652.0,train
Harry Brown,2010-05-14,2009,10371451.0,train
Duplicity,2009-03-20,2009,78176181.0,train
The Pink Panther 2,2009-02-06,2009,76025134.0,train
The Informant!,2009-09-18,2009,41771168.0,train
The Answer Man,2009-12-30,2009,26676.0,train
Planet 51,2009-11-20,2009,105647102.0,train
Crossing Over,2009-02-26,2009,3676533.0,train
Madea Goes to Jail,2009-02-20,2009,90508336.0,train
A Christmas Carol,2009-11-06,2009,325286646.0,train
Sin Nombre,2009-04-17,2009,5102705.0,train
City Island,2010-04-30,2009,7878856.0,train
Coco Before Chanel,2009-11-06,2009,50812934.0,train
Dead Snow,2009-01-09,2009,2166797.0,train
Summer Wars,2009-08-01,2009,18434328.0,train
The Messenger,2009-12-04,2009,1595417.0,train
Bitch Slap,2009-11-06,2009,439587.0,train
The Soloist,2009-04-24,2009,38332994.0,train
World's Greatest Dad,2010-09-24,2009,221805.0,train
Whiteout,2009-09-11,2009,17976667.0,train
Beyond a Reasonable Doubt,2009-07-10,2009,4515258.0,train
Paper Man,2014-05-01,2009,13514.0,train
The Secret of Kells,2016-06-22,2009,1803412.0,train
The Disappearance of Alice Creed,2010-04-30,2009,896919.0,train
"The Goods: Live Hard, Sell Hard",2009-08-14,2009,15300885.0,train
Miss March,2009-03-13,2009,4591629.0,train
Cirque du Freak: the Vampire's Assistant,2009-10-23,2009,39291383.0,train
Aliens in the Attic,2009-07-31,2009,57881056.0,train
Street Fighter: The Legend of Chun-Li,2009-02-27,2009,12764201.0,train
Daniel and Ana,2010-08-27,2009,2372.0,train
Broken Embraces,2010-01-15,2009,37472736.0,train
Fighting,2009-04-24,2009,32482728.0,train
The Damned United,2009-03-27,2009,4091378.0,train
Gentlemen Broncos,2010-05-27,2009,118492.0,train
Chéri,2009-07-17,2009,9368242.0,train
Tanner Hall,2015-01-15,2009,5073.0,train
Cracks,2011-03-18,2009,101860.0,train
[Rec]²,2009-10-02,2009,18853164.0,train
Inception,2010-07-16,2010,836836967.0,train
Iron Man 2,2010-05-07,2010,623933331.0,train
Shutter Island,2010-02-19,2010,294805697.0,train
Scott Pilgrim vs. the World,2010-08-13,2010,48917974.0,train
Grown Ups,2010-06-25,2010,271457301.0,train
She's Out of My League,2010-03-12,2010,49779728.0,train
Kick-Ass,2010-04-16,2010,96188903.0,train
Black Swan,2010-12-17,2010,329398046.0,train
The Town,2010-09-17,2010,154026136.0,train
Harry Potter and the Deathly Hallows: Part 1,2010-11-19,2010,977043483.0,train
Flipped,2010-09-10,2010,4324817.0,train
The Social Network,2010-10-01,2010,224920375.0,train
Robin Hood,2010-05-14,2010,321669741.0,train
Monsters,2010-12-03,2010,5060438.0,train
Insidious,2011-04-01,2010,99557032.0,train
Tangled,2010-11-24,2010,592462816.0,train
RED,2010-10-15,2010,199006387.0,train
I Spit on Your Grave,2011-01-20,2010,1278650.0,train
The Last Airbender,2010-07-01,2010,319713881.0,train
How to Train Your Dragon,2010-03-26,2010,494879471.0,train
The American,2010-09-01,2010,67876281.0,train
Incendies,2011-01-12,2010,7099598.0,train
Sex and the City 2,2010-05-27,2010,290745055.0,train
Burlesque,2010-11-24,2010,89520336.0,train
Alice in Wonderland,2010-03-05,2010,1025468216.0,train
Despicable Me,2010-07-09,2010,543113985.0,train
Love & Other Drugs,2010-11-24,2010,102820008.0,train
True Grit,2010-12-22,2010,252276927.0,train
The Tourist,2010-12-10,2010,278780441.0,train
The Twilight Saga: Eclipse,2010-06-30,2010,698491347.0,train
Percy Jackson & the Olympians: The Lightning Thief,2010-02-12,2010,226497209.0,train
Clash of the Titans,2010-04-02,2010,493214993.0,train
The Book of Eli,2010-01-15,2010,157107755.0,train
Blue Valentine,2011-01-28,2010,15440333.0,train
Knight and Day,2010-06-23,2010,261989769.0,train
Piranha 3D,2010-08-20,2010,83188165.0,train
127 Hours,2011-01-28,2010,60738797.0,train
The Expendables,2010-08-13,2010,274470394.0,train
The Other Guys,2010-08-06,2010,170458922.0,train
TRON: Legacy,2010-12-17,2010,400063852.0,train
Life as We Know It,2010-10-08,2010,105734416.0,train
I Saw the Devil,2010-08-12,2010,12966357.0,train
Toy Story 3,2010-06-18,2010,1066970811.0,train
The Next Three Days,2010-11-19,2010,67448651.0,train
Easy A,2010-09-17,2010,75026327.0,train
The King's Speech,2010-12-25,2010,427374317.0,train
The Fighter,2010-12-17,2010,129190869.0,train
Machete,2010-09-03,2010,45491656.0,train
The Debt,2011-08-31,2010,45636368.0,train
Megamind,2010-11-05,2010,321885765.0,train
The Losers,2010-04-23,2010,29397654.0,train
Unstoppable,2010-11-12,2010,167805466.0,train
The Karate Kid,2010-06-11,2010,359126022.0,train
Eat Pray Love,2010-08-13,2010,204594016.0,train
Centurion,2010-07-30,2010,6890432.0,train
The A-Team,2010-06-11,2010,177238796.0,train
Animal Kingdom,2010-06-03,2010,7209912.0,train
Hot Tub Time Machine,2010-03-26,2010,64780213.0,train
Prince of Persia: the Sands of Time,2010-05-28,2010,336365676.0,train
Diary of a Wimpy Kid,2010-03-19,2010,76196538.0,train
Never Let Me Go,2010-10-15,2010,9918093.0,train
Predators,2010-07-09,2010,127233108.0,train
Buried,2010-10-15,2010,19439764.0,train
Legion,2010-01-22,2010,67918658.0,train
Remember Me,2010-03-12,2010,56032889.0,train
Jonah Hex,2010-06-18,2010,10903312.0,train
Salt,2010-07-23,2010,293503354.0,train
Morning Glory,2010-11-10,2010,60040976.0,train
Winter's Bone,2010-07-16,2010,13796834.0,train
A Nightmare on Elm Street,2010-04-30,2010,115695182.0,train
Resident Evil: Afterlife,2010-09-10,2010,300228084.0,train
Takers,2010-08-27,2010,80205382.0,train
Boy,2010-03-25,2010,43551154.0,train
The Way Back,2011-01-21,2010,24172201.0,train
Killers,2010-06-04,2010,98159963.0,train
Tucker and Dale vs Evil,2010-12-09,2010,5224938.0,train
Due Date,2010-11-05,2010,211780824.0,train
Devil,2010-09-17,2010,62695489.0,train
Green Zone,2010-03-12,2010,154711438.0,train
Faster,2010-11-24,2010,35626958.0,train
Super,2011-06-10,2010,422618.0,train
It's Kind of a Funny Story,2010-10-08,2010,6491240.0,train
The Crazies,2010-02-26,2010,54806823.0,train
Shrek Forever After,2010-05-21,2010,752600867.0,train
The Chronicles of Narnia: the Voyage of the Dawn Treader,2010-12-10,2010,415686217.0,train
Let Me In,2010-10-01,2010,27093592.0,train
The Kids Are All Right,2010-07-30,2010,34758951.0,train
Date Night,2010-04-09,2010,152263880.0,train
Leap Year,2010-01-08,2010,32686500.0,train
Four Lions,2010-05-07,2010,6149356.0,train
Little Fockers,2010-12-22,2010,310650585.0,train
The Runaways,2010-04-08,2010,4681651.0,train
The Sorcerer's Apprentice,2010-07-14,2010,215283742.0,train
MacGruber,2010-05-21,2010,9322895.0,train
Frozen,2010-03-25,2010,3843774.0,train
Beyond the Black Rainbow,2011-04-22,2010,56491.0,train
The Ghost Writer,2010-03-19,2010,60331447.0,train
Skyline,2010-11-12,2010,66984887.0,train
Uncle Boonmee Who Can Recall His Past Lives,2010-09-01,2010,1214424.0,train
Edge of Darkness,2010-01-29,2010,81126522.0,train
The Man from Nowhere,2010-08-05,2010,44723232.0,train
Ramona and Beezus,2010-07-23,2010,27293743.0,train
Trollhunter,2010-10-29,2010,5341098.0,train
Valentine's Day,2010-02-12,2010,216485654.0,train
Letters to Juliet,2010-05-14,2010,79628830.0,train
Dear John,2010-02-05,2010,114984666.0,train
Get Him to the Greek,2010-06-04,2010,91720255.0,train
Dinner for Schmucks,2010-07-30,2010,86855739.0,train
How Do You Know,2010-12-17,2010,48668907.0,train
The Secret World of Arrietty,2012-02-17,2010,149411550.0,train
Gulliver's Travels,2010-12-25,2010,237382724.0,train
Submarine,2011-03-18,2010,3875173.0,train
Tooth Fairy,2010-01-22,2010,112462508.0,train
The Switch,2010-08-20,2010,49843011.0,train
Step Up,2010-08-06,2010,159291809.0,train
The Way,2010-11-19,2010,13348704.0,train
Elektra Luxx,2010-03-14,2010,11514.0,train
Black Death,2010-06-11,2010,382879.0,train
Certified Copy,2011-03-25,2010,7736632.0,train
Wall Street: Money Never Sleeps,2010-09-24,2010,134748021.0,train
The Last Song,2010-03-31,2010,89137047.0,train
Cop Out,2010-02-26,2010,55611001.0,train
Rubber,2010-11-10,2010,101729.0,train
Biutiful,2011-02-04,2010,25147786.0,train
You Again,2010-09-24,2010,32054369.0,train
The Bounty Hunter,2010-03-19,2010,136333522.0,train
From Paris with Love,2010-02-05,2010,52844496.0,train
13 Assassins,2010-09-25,2010,18689058.0,train
Nanny McPhee Returns,2010-08-20,2010,93251121.0,train
All Good Things,2010-12-03,2010,1754389.0,train
Wild Target,2010-06-18,2010,3494154.0,train
When in Rome,2010-01-29,2010,43053376.0,train
Going the Distance,2010-09-03,2010,42059111.0,train
Somewhere,2011-01-21,2010,14788642.0,train
Secretariat,2010-10-08,2010,60321861.0,train
Ip Man 2,2010-04-29,2010,15089448.0,train
Death at a Funeral,2010-04-16,2010,49050886.0,train
The Spy Next Door,2010-01-15,2010,66166000.0,train
Hereafter,2010-10-22,2010,106956330.0,train
Repo Men,2010-03-19,2010,18409891.0,train
Vampires Suck,2010-08-18,2010,80547866.0,train
I'm Still Here,2010-09-16,2010,626396.0,train
The Whistleblower,2011-10-27,2010,1870392.0,train
Tamara Drewe,2010-09-10,2010,12037973.0,train
Twelve,2010-08-06,2010,2648195.0,train
The Housemaid,2011-01-26,2010,15038301.0,train
Beginners,2011-06-09,2010,14311701.0,train
Legend of the Guardians: the Owls of Ga'Hoole,2010-09-24,2010,140073390.0,train
Rabbit Hole,2011-01-28,2010,5144717.0,train
Meek's Cutoff,2011-04-15,2010,1205257.0,train
Conviction,2010-11-05,2010,11104555.0,train
Trust,2011-04-28,2010,595802.0,train
My Name Is Khan,2010-02-12,2010,42345360.0,train
Last Night,2011-02-16,2010,11042068.0,train
The Company Men,2011-02-11,2010,8087000.0,train
Cyrus,2010-07-16,2010,9933873.0,train
Paranormal Activity 2,2010-10-22,2010,177512032.0,train
The Killer Inside Me,2010-06-08,2010,4052191.0,train
The Extra Man,2011-01-27,2010,649626.0,train
Greenberg,2010-03-26,2010,6344112.0,train
Stone,2010-10-22,2010,10300416.0,train
Why Did I Get Married Too?,2010-04-02,2010,60673972.0,train
The Last Exorcism,2010-08-27,2010,69432527.0,train
Dirty Girl,2011-07-07,2010,143485.0,train
London Boulevard,2010-11-26,2010,8307227.0,train
Fair Game,2010-12-03,2010,25806953.0,train
The Silence,2010-08-19,2010,416675.0,train
The Back-up Plan,2010-04-23,2010,77477008.0,train
What If...,2010-04-23,2010,814906.0,train
Udaan,2010-07-16,2010,434862.0,train
Don't Be Afraid of the Dark,2011-08-26,2010,38269529.0,train
Country Strong,2011-01-07,2010,20529194.0,train
Little White Lies,2010-10-20,2010,53319615.0,train
Charlie St. Cloud,2010-07-30,2010,48190704.0,train
Snabba Cash,2010-01-15,2010,8444544.0,train
Stake Land,2011-06-17,2010,405380.0,train
Vanishing on 7th Street,2011-02-05,2010,1671196.0,train
Barney's Version,2011-02-18,2010,12106921.0,train
You Will Meet a Tall Dark Stranger,2010-10-22,2010,36015260.0,train
The Conspirator,2011-04-15,2010,15625544.0,train
Furry Vengeance,2010-04-30,2010,36351945.0,train
The Tempest,2011-01-07,2010,405861.0,train
Henry's Crime,2011-01-14,2010,2169799.0,train
Extraordinary Measures,2010-01-22,2010,15134293.0,train
Yogi Bear,2010-12-17,2010,203509374.0,train
My Soul to Take,2010-10-08,2010,21500813.0,train
Elle s'appelait Sarah,2011-07-22,2010,24792815.0,train
The Warrior's Way,2010-12-03,2010,11103434.0,train
Hatchet II,,2010,156190.0,train
The Trip,2011-04-24,2010,3945217.0,train
Hesher,2011-06-25,2010,449702.0,train
For Colored Girls,2010-11-05,2010,37981984.0,train
The Perfect Host,2011-05-07,2010,453708.0,train
Love Ranch,2011-01-06,2010,146149.0,train
Love Crime,2011-09-02,2010,3696522.0,train
Passion Play,2011-07-02,2010,25603.0,train
Kaboom,2010-10-06,2010,635162.0,train
Everything Must Go,2011-10-14,2010,2820490.0,train
Captain America: the First Avenger,2011-07-22,2011,370569774.0,train
Thor,2011-05-06,2011,449326618.0,train
Harry Potter and the Deathly Hallows: Part 2,2011-07-15,2011,1342321665.0,train
Take Shelter,2011-11-10,2011,3741098.0,train
Bridesmaids,2011-05-13,2011,288383523.0,train
Fast Five,2011-04-29,2011,626137675.0,train
Midnight in Paris,2011-06-10,2011,151653750.0,train
Moneyball,2011-09-23,2011,110206216.0,train
The Girl with the Dragon Tattoo,2011-12-21,2011,232617430.0,train
Just Go with It,2011-02-11,2011,214945591.0,train
The Intouchables,2011-11-02,2011,426588510.0,train
Drive,2011-09-16,2011,77187281.0,train
Green Lantern,2011-06-17,2011,219851172.0,train
The Cabin in the Woods,2012-04-13,2011,69935600.0,train
The Help,2011-08-10,2011,216639112.0,train
"Crazy, Stupid, Love.",2011-07-29,2011,145051197.0,train
No Strings Attached,2011-01-21,2011,149228077.0,train
Pirates of the Caribbean: on Stranger Tides,2011-05-20,2011,1045713802.0,train
Sucker Punch,2011-03-25,2011,89792502.0,train
Warrior,2011-09-09,2011,23308615.0,train
Kung Fu Panda 2,2011-05-26,2011,665692281.0,train
Friends with Benefits,2011-07-22,2011,149542245.0,train
Immortals,2011-11-11,2011,226904017.0,train
X-Men: First Class,2011-06-03,2011,352616690.0,train
Contagion,2011-09-09,2011,136515867.0,train
Bad Teacher,2011-06-24,2011,216197492.0,train
In Time,2011-10-28,2011,173930596.0,train
One Day,2011-08-19,2011,59389433.0,train
Scream 4,2011-04-15,2011,97231420.0,train
Shame,2012-01-13,2011,19123767.0,train
Mission: Impossible - Ghost Protocol,2011-12-21,2011,694713380.0,train
Super 8,2011-06-10,2011,260095986.0,train
We Need to Talk About Kevin,2011-10-21,2011,9232318.0,train
Limitless,2011-03-18,2011,161849455.0,train
Unknown,2011-02-18,2011,135710029.0,train
Transformers: Dark of the Moon,2011-06-29,2011,1123794079.0,train
Cowboys & Aliens,2011-07-29,2011,174822325.0,train
Tinker Tailor Soldier Spy,2012-01-06,2011,81529126.0,train
The Twilight Saga: Breaking Dawn - Part 1,2011-11-18,2011,712205856.0,train
Conan the Barbarian,2011-08-19,2011,63523283.0,train
Cars 2,2011-06-24,2011,559852396.0,train
Rango,2011-03-04,2011,245724603.0,train
Melancholia,2011-05-26,2011,17039814.0,train
Source Code,2011-04-01,2011,147332697.0,train
Real Steel,2011-10-07,2011,299268508.0,train
Horrible Bosses,2011-07-08,2011,209838559.0,train
Rio,2011-04-15,2011,483866518.0,train
The Skin I Live In,2011-09-02,2011,33750478.0,train
Sherlock Holmes: A Game of Shadows,2011-12-16,2011,543848418.0,train
The Three Musketeers,2011-10-21,2011,132274484.0,train
Sleeping Beauty,2011-12-02,2011,408680.0,train
Tower Heist,2011-11-04,2011,152930623.0,train
Paul,2011-03-18,2011,97984015.0,train
We Bought a Zoo,2011-12-23,2011,120081841.0,train
Rise of the Planet of the Apes,2011-08-05,2011,481800873.0,train
Your Highness,2011-04-08,2011,28013733.0,train
The Lincoln Lawyer,2011-03-18,2011,86752352.0,train
Colombiana,2011-08-26,2011,71508440.0,train
Larry Crowne,2011-07-01,2011,75055070.0,train
Abduction,2011-09-23,2011,82087155.0,train
A Separation,2011-03-16,2011,22926076.0,train
Hugo,2011-11-23,2011,185770310.0,train
The Adjustment Bureau,2011-03-04,2011,127869379.0,train
10 Years,2012-10-05,2011,285984.0,train
The Tree of Life,2011-05-17,2011,58409247.0,train
The Deep Blue Sea,2011-11-25,2011,3143514.0,train
Killer Joe,2012-06-29,2011,4633668.0,train
Jane Eyre,2011-04-22,2011,34710627.0,train
Kill the Irishman,2012-05-11,2011,1188194.0,train
War Horse,2011-12-25,2011,177584879.0,train
The Change-Up,2011-08-05,2011,75450437.0,train
The Raid: Redemption,2012-04-13,2011,9148519.0,train
Margin Call,2011-09-29,2011,19504039.0,train
Martha Marcy May Marlene,2011-12-21,2011,4778439.0,train
Hanna,2011-04-08,2011,63782078.0,train
50/50,2011-09-30,2011,41097853.0,train
The Descendants,2011-12-09,2011,177243185.0,train
The Adventures of Tintin,2011-12-21,2011,373993951.0,train
The Darkest Hour,2011-12-25,2011,64626786.0,train
Final Destination 5,2011-08-12,2011,157887643.0,train
I Am Number Four,2011-02-18,2011,149878437.0,train
Footloose,2011-10-14,2011,63543328.0,train
You're Next,2013-08-23,2011,26895481.0,train
Zindagi Na Milegi Dobara,2011-07-15,2011,5192743.0,train
The Hunter,2011-10-06,2011,1680778.0,train
The Thing,2011-10-14,2011,31505287.0,train
Drive Angry,2011-02-25,2011,40909909.0,train
Jack and Jill,2011-11-11,2011,149673788.0,train
Zookeeper,2011-07-08,2011,169852759.0,train
The Hangover Part II,2011-05-26,2011,586764305.0,train
Hall Pass,2011-02-25,2011,86157237.0,train
The Best Exotic Marigold Hotel,2012-05-25,2011,136836272.0,train
The Grey,2012-01-27,2011,79781695.0,train
The Sitter,2011-12-09,2011,34942188.0,train
Take Me Home Tonight,2011-03-04,2011,7550073.0,train
The Mechanic,2011-01-28,2011,76130093.0,train
Ghost Rider: Spirit of Vengeance,2012-02-17,2011,132563930.0,train
Battle Los Angeles,2011-03-11,2011,211819354.0,train
The Green Hornet,2011-01-14,2011,227817248.0,train
Killer Elite,2011-09-23,2011,57084522.0,train
Shark Night,2011-09-02,2011,41363927.0,train
J. Edgar,2011-11-11,2011,84920539.0,train
Dream House,2011-09-30,2011,39984400.0,train
Haywire,2012-01-20,2011,34513760.0,train
A Dangerous Method,2011-11-10,2011,30519436.0,train
The Muppets,2011-11-23,2011,165184237.0,train
The Smurfs,2011-07-29,2011,563749323.0,train
The Ides of March,2011-10-07,2011,76338111.0,train
Fright Night,2011-08-19,2011,41002607.0,train
Soul Surfer,2011-04-08,2011,47120948.0,train
The Artist,2012-01-20,2011,133432856.0,train
Water for Elephants,2011-04-22,2011,117094902.0,train
"Oslo, August 31st",2011-08-31,2011,1470679.0,train
The Snowtown Murders,2011-05-19,2011,1349387.0,train
Something Borrowed,2011-05-06,2011,65100369.0,train
The Human Centipede II (Full Sequence),,2011,170323.0,train
Priest,2011-05-13,2011,78309505.0,train
Johnny English Reborn,2011-10-21,2011,160078586.0,train
The Inbetweeners,2011-08-17,2011,88823111.0,train
Bucky Larson: Born to Be a Star,2011-09-09,2011,2530394.0,train
Diary of a Wimpy Kid: Rodrick Rules,2011-03-25,2011,72526996.0,train
Kill List,2011-09-02,2011,450275.0,train
Carnage,2011-11-18,2011,30722632.0,train
Attack the Block,2011-05-13,2011,6206022.0,train
The Guard,2011-07-07,2011,19561904.0,train
Young Adult,2011-12-16,2011,22939027.0,train
The Devil's Double,2011-09-08,2011,5728213.0,train
Another Earth,2011-10-12,2011,1938783.0,train
Perfect Sense,2011-10-07,2011,933352.0,train
Like Crazy,2012-01-27,2011,3852409.0,train
What's Your Number?,2011-09-30,2011,30426096.0,train
Detachment,2012-02-01,2011,1688710.0,train
Gnomeo & Juliet,2011-02-11,2011,193967670.0,train
Puss in Boots,2011-10-28,2011,554987477.0,train
Beastly,2011-03-04,2011,43202283.0,train
The Art of Getting by,2011-06-17,2011,1892130.0,train
My Week with Marilyn,2011-12-23,2011,35057696.0,train
This Must Be the Place,2011-08-24,2011,11928909.0,train
Butter,2012-10-18,2011,175706.0,train
Bernie,2012-06-22,2011,10173061.0,train
Season of the Witch,2011-01-07,2011,91627228.0,train
Silent House,2012-03-09,2011,16527747.0,train
Winnie the Pooh,2011-07-15,2011,49871429.0,train
Hobo with a Shotgun,2011-05-12,2011,748453.0,train
The Eagle,2011-02-11,2011,37989684.0,train
The Rum Diary,2011-10-28,2011,30134958.0,train
Spy Kids 4-D: All the Time in the World,2011-08-19,2011,85564310.0,train
The Divide,2012-04-20,2011,145676.0,train
Red Riding Hood,2011-03-11,2011,90260376.0,train
The Roommate,2011-02-04,2011,40492652.0,train
Salmon Fishing in the Yemen,2012-04-20,2011,34564651.0,train
Monte Carlo,2011-07-01,2011,39782683.0,train
The Rite,2011-01-28,2011,96560591.0,train
New Year's Eve,2011-12-09,2011,142044638.0,train
Sound of My Voice,2012-08-03,2011,424088.0,train
W.E.,2012-01-20,2011,2042203.0,train
Goon,2012-02-24,2011,6985158.0,train
Extremely Loud & Incredibly Close,2012-01-20,2011,55247881.0,train
Alvin and the Chipmunks: Chipwrecked,2011-12-16,2011,342695435.0,train
House of Tolerance,2011-11-25,2011,1389920.0,train
Our Idiot Brother,2011-08-26,2011,25804448.0,train
Weekend,2011-11-04,2011,1192003.0,train
360,2012-07-25,2011,4396975.0,train
Sanctum,2011-02-04,2011,108609310.0,train
The Big Year,2011-10-14,2011,8179416.0,train
Jo Nesbø's Headhunters,2011-08-26,2011,18962444.0,train
Straw Dogs,2011-09-16,2011,11168712.0,train
Red State,2011-09-30,2011,1874460.0,train
Trespass,2011-10-21,2011,10117966.0,train
Machine Gun Preacher,2011-11-02,2011,3338690.0,train
From Up on Poppy Hill,2011-07-16,2011,61487846.0,train
30 Minutes or Less,2011-08-12,2011,40662632.0,train
The Iron Lady,2012-01-13,2011,115890699.0,train
Your Sister's Sister,2012-06-29,2011,3242802.0,train
Mr. Popper's Penguins,2011-06-17,2011,187361754.0,train
Texas Killing Fields,2011-10-14,2011,1271319.0,train
Take This Waltz,2012-07-06,2011,4965950.0,train
A Good Old Fashioned Orgy,2011-10-27,2011,1378947.0,train
Special Forces,2011-11-02,2011,3424648.0,train
Courageous,2011-09-30,2011,35185884.0,train
Jin ling shi san chai,2011-12-16,2011,2855644.0,train
Apollo 18,2011-09-02,2011,26236153.0,train
Anonymous,2011-10-28,2011,15395087.0,train
Hop,2011-04-01,2011,183954145.0,train
Atlas Shrugged: Part I,2011-04-15,2011,4627375.0,train
Coriolanus,2012-01-20,2011,2435325.0,train
Elles,2012-02-01,2011,3822241.0,train
Angels Crest,2011-12-30,2011,2037.0,train
Happy Feet Two,2011-11-18,2011,159197038.0,train
The Beaver,2011-05-19,2011,7294800.0,train
The Prey,2013-06-07,2011,3102666.0,train
Wuthering Heights,2011-11-11,2011,1742215.0,train
Win Win,2011-04-15,2011,11789613.0,train
Rockstar,2011-11-11,2011,11219667.0,train
"Big Mommas: Like Father, Like Son",2011-02-18,2011,82686066.0,train
Tyrannosaur,2011-10-07,2011,676111.0,train
Once Upon a Time in Anatolia,2011-09-23,2011,2099472.0,train
The Dilemma,2011-01-14,2011,69721966.0,train
Dolphin Tale,2011-09-23,2011,95943453.0,train
The Avengers,2012-05-04,2012,1518815515.0,train
Django Unchained,2012-12-25,2012,426074373.0,train
The Hobbit: An Unexpected Journey,2012-12-14,2012,1017003568.0,train
The Hunger Games,2012-03-23,2012,694394724.0,train
The Dark Knight Rises,2012-07-20,2012,1081142612.0,train
Pitch Perfect,2012-10-05,2012,115350426.0,train
This Is 40,2012-12-21,2012,88215156.0,train
The Hunt,2013-01-10,2012,15843274.0,train
Prometheus,2012-06-08,2012,403354469.0,train
Moonrise Kingdom,2012-06-29,2012,68264022.0,train
The Impossible,2013-01-04,2012,198087212.0,train
Argo,2012-10-12,2012,232325503.0,train
The Twilight Saga: Breaking Dawn - Part 2,2012-11-16,2012,829747654.0,train
Jack Reacher,2012-12-21,2012,218340595.0,train
Zero Dark Thirty,2013-01-11,2012,132820716.0,train
Cloud Atlas,2012-10-26,2012,130482868.0,train
Skyfall,2012-11-09,2012,1108569499.0,train
The Perks of Being a Wallflower,2012-10-12,2012,33384127.0,train
The Amazing Spider-Man,2012-07-03,2012,757930663.0,train
Les Misérables,2012-12-25,2012,441809770.0,train
Silver Linings Playbook,2012-12-25,2012,236412453.0,train
Snow White and the Huntsman,2012-06-01,2012,396592829.0,train
The Master,2012-09-21,2012,28258060.0,train
Looper,2012-09-28,2012,176506819.0,train
Killing Them Softly,2012-11-30,2012,37930465.0,train
Flight,2012-11-02,2012,161772375.0,train
21 Jump Street,2012-03-16,2012,201585328.0,train
Ted,2012-06-29,2012,549368315.0,train
Sinister,2012-10-12,2012,82515113.0,train
This Means War,2012-02-17,2012,156491279.0,train
That's My Boy,2012-06-15,2012,57719093.0,train
Lincoln,2012-11-16,2012,275293450.0,train
Brave,2012-06-22,2012,538983207.0,train
The Place Beyond the Pines,2013-04-19,2012,47052899.0,train
Dredd,2012-09-21,2012,41037742.0,train
Dark Shadows,2012-05-11,2012,245527149.0,train
John Carter,2012-03-09,2012,284139100.0,train
Battleship,2012-05-18,2012,303025485.0,train
Magic Mike,2012-06-29,2012,167739961.0,train
Hotel Transylvania,2012-09-28,2012,358375603.0,train
Lawless,2012-08-29,2012,55404207.0,train
Spring Breakers,2013-03-22,2012,32170399.0,train
Underworld: Awakening,2012-01-20,2012,160112671.0,train
Piranha 3DD,2012-07-14,2012,8518634.0,train
Safe House,2012-02-10,2012,208076205.0,train
Seeking a Friend for the End of the World,2012-06-22,2012,11681781.0,train
Lore,2012-09-20,2012,2362019.0,train
The Bourne Legacy,2012-08-10,2012,276144750.0,train
Abraham Lincoln: Vampire Hunter,2012-06-22,2012,116471580.0,train
Wreck-It Ralph,2012-11-02,2012,471222889.0,train
Total Recall,2012-08-03,2012,198467168.0,train
Project X,2012-03-02,2012,102731865.0,train
American Reunion,2012-04-06,2012,234989584.0,train
Wanderlust,2012-02-24,2012,23812816.0,train
Savages,2012-07-06,2012,82966152.0,train
Life of Pi,2012-11-21,2012,609016565.0,train
Anna Karenina,2012-09-07,2012,68929150.0,train
Resident Evil: Retribution,2012-09-14,2012,240159255.0,train
Men in Black 3,2012-05-25,2012,624026776.0,train
Journey 2: The Mysterious Island,2012-02-10,2012,335260290.0,train
Seven Psychopaths,2012-10-12,2012,32226382.0,train
Rock of Ages,2012-06-15,2012,59418613.0,train
The Dictator,2012-05-16,2012,179379533.0,train
The Watch,2012-07-27,2012,68267862.0,train
The Expendables 2,2012-08-17,2012,314975955.0,train
Safety Not Guaranteed,2012-06-15,2012,4424699.0,train
Chronicle,2012-02-03,2012,126636097.0,train
Red Dawn,2012-11-21,2012,50950296.0,train
End of Watch,2012-09-21,2012,55078146.0,train
Wrath of the Titans,2012-03-30,2012,301970083.0,train
Mud,2013-05-10,2012,32613173.0,train
The Lorax,2012-03-02,2012,348840316.0,train
Man on a Ledge,2012-01-27,2012,47636031.0,train
Diary of a Wimpy Kid: Dog Days,2012-08-03,2012,77229695.0,train
The Lucky One,2012-04-20,2012,99357138.0,train
Rise of the Guardians,2012-11-21,2012,306941670.0,train
The Iceman,2013-05-02,2012,4552970.0,train
Maniac,2013-01-02,2012,2631275.0,train
Byzantium,2013-05-31,2012,828284.0,train
Frances Ha,2013-08-23,2012,9058065.0,train
Madagascar 3: Europe's Most Wanted,2012-06-08,2012,746921274.0,train
The Five-Year Engagement,2012-04-27,2012,54169363.0,train
House at the End of the Street,2012-09-21,2012,44287131.0,train
The Sessions,2012-11-16,2012,10656155.0,train
The Woman in Black,2012-02-03,2012,128955898.0,train
The Three Stooges,2012-04-13,2012,54819301.0,train
Think Like a Man,2012-04-20,2012,96070507.0,train
The Vow,2012-02-10,2012,196114570.0,train
Taken 2,2012-10-05,2012,376152455.0,train
Compliance,2012-09-26,2012,592116.0,train
Rust and Bone,2012-05-17,2012,25807712.0,train
The Company You Keep,2013-04-26,2012,20014680.0,train
Hit and Run,2012-08-22,2012,16816647.0,train
Act of Valor,2012-02-24,2012,82499399.0,train
Passion,2013-08-30,2012,713616.0,train
On the Road,2012-05-23,2012,9617377.0,train
Bullet to the Head,2013-02-01,2012,21947209.0,train
LOL,2012-03-01,2012,10578643.0,train
Gone,2012-02-24,2012,19767535.0,train
The First Time,2013-02-07,2012,92654.0,train
Ice Age: Continental Drift,2012-07-13,2012,877244782.0,train
V/H/S,2012-09-06,2012,1944287.0,train
No One Lives,2013-05-10,2012,1048704.0,train
Mirror Mirror,2012-03-30,2012,183018522.0,train
About Cherry,2012-08-09,2012,8315.0,train
Hitchcock,2012-12-14,2012,27039669.0,train
The Lords of Salem,2013-04-18,2012,1544989.0,train
Step Up Revolution,2012-07-27,2012,140470746.0,train
Ruby Sparks,2012-09-06,2012,9368803.0,train
Stuck in Love.,2013-05-02,2012,977671.0,train
The Paperboy,2012-10-17,2012,3783865.0,train
The Possession,2012-08-31,2012,85446075.0,train
Silent Hill: Revelation,2012-10-26,2012,55362705.0,train
Safe,2012-04-27,2012,41564670.0,train
The Brass Teapot,2013-04-15,2012,245027.0,train
Alex Cross,2012-10-19,2012,34618867.0,train
Amour,2012-09-20,2012,29664140.0,train
What to Expect When You're Expecting,2012-05-18,2012,84384002.0,train
Trouble with the Curve,2012-09-21,2012,48963137.0,train
Here Comes the Boom,2012-10-12,2012,73100172.0,train
The Collection,2012-11-30,2012,9929706.0,train
John Dies at the End,2012-12-27,2012,141951.0,train
To Rome with Love,2012-07-06,2012,73244881.0,train
The Giant Mechanical Man,2012-04-27,2012,7396.0,train
ParaNorman,2012-08-17,2012,107139399.0,train
Contraband,2012-01-13,2012,96262212.0,train
Red Lights,2012-03-02,2012,14107313.0,train
Arbitrage,2012-09-14,2012,35485056.0,train
The Man with the Iron Fists,2012-11-02,2012,20546518.0,train
Cosmopolis,2012-05-25,2012,7029095.0,train
The Campaign,2012-08-10,2012,104907746.0,train
Frankenweenie,2012-10-05,2012,81493846.0,train
A Royal Affair,2012-03-29,2012,14758997.0,train
The Guilt Trip,2012-12-19,2012,41863726.0,train
Stand Up Guys,2013-02-01,2012,5072654.0,train
Deadfall,2012-11-09,2012,1946254.0,train
The Bay,2012-11-21,2012,1581252.0,train
The Words,2012-09-07,2012,15950164.0,train
The Broken Circle Breakdown,2012-10-10,2012,5990754.0,train
Thanks for Sharing,2013-09-14,2012,3499442.0,train
Starlet,2013-05-09,2012,146222.0,train
The Angels' Share,2012-06-01,2012,13090471.0,train
Universal Soldier: Day of Reckoning,2012-10-25,2012,1402307.0,train
Promised Land,2013-01-04,2012,11039031.0,train
Beasts of the Southern Wild,2012-07-05,2012,21107746.0,train
Red Tails,2012-01-20,2012,50365498.0,train
In the House,2012-10-10,2012,16190771.0,train
The Cold Light of Day,2012-09-07,2012,16863583.0,train
The Apparition,2012-08-24,2012,11350665.0,train
To the Wonder,2013-02-22,2012,2801166.0,train
Lockout,2012-04-13,2012,32948113.0,train
Chasing Mavericks,2012-10-26,2012,7942116.0,train
One for the Money,2012-01-27,2012,38084162.0,train
Bachelorette,2012-09-06,2012,12128575.0,train
Lay the Favorite,2012-06-22,2012,1577272.0,train
Kahaani,2012-03-09,2012,459234.0,train
Parental Guidance,2012-12-25,2012,119772232.0,train
The Raven,2012-04-27,2012,29699345.0,train
Liberal Arts,2012-10-05,2012,1150681.0,train
Stolen,2012-09-06,2012,17415418.0,train
Kon-Tiki,2013-04-26,2012,22842887.0,train
Paranormal Activity 4,2012-10-19,2012,142802657.0,train
Quartet,2013-03-01,2012,59520298.0,train
28 Hotel Rooms,2012-11-09,2012,131208.0,train
Playing for Keeps,2012-12-07,2012,30962335.0,train
Upside Down,2013-05-01,2012,22187813.0,train
Great Expectations,2013-11-08,2012,6202879.0,train
The Odd Life of Timothy Green,2012-08-15,2012,56012642.0,train
Premium Rush,2012-08-24,2012,31083599.0,train
Not Fade Away,2013-07-19,2012,636399.0,train
Disconnect,2013-07-05,2012,3428048.0,train
Sightseers,2013-05-10,2012,2122909.0,train
The Pirates! Band of Misfits,2012-04-27,2012,123054041.0,train
Chernobyl Diaries,2012-05-25,2012,38390020.0,train
Celeste & Jesse Forever,2012-08-03,2012,3640975.0,train
Talaash,2012-11-30,2012,5277766.0,train
Hope Springs,2012-08-08,2012,114281051.0,train
People Like Us,2012-06-29,2012,12558931.0,train
The ABCs of Death,2013-04-26,2012,23589.0,train
Into the White,2013-04-12,2012,712216.0,train
The Sweeney,2013-03-01,2012,7708312.0,train
Vamps,2012-11-02,2012,92748.0,train
Barfi!,2012-09-14,2012,4490134.0,train
Bel Ami,2012-03-09,2012,9374932.0,train
Unfinished Song,2013-02-22,2012,9166865.0,train
A Thousand Words,2012-03-09,2012,22044277.0,train
Like Someone in Love,2012-09-15,2012,562878.0,train
Escape from Planet Earth,2013-02-15,2012,74939189.0,train
The Reluctant Fundamentalist,2013-05-17,2012,2176576.0,train
Much Ado About Nothing,2013-06-14,2012,5341221.0,train
Ginger & Rosa,2012-10-19,2012,1674776.0,train
"For a Good Time, Call...",2012-11-02,2012,1386088.0,train
Big Miracle,2012-02-03,2012,24740061.0,train
What Maisie Knew,2013-05-03,2012,2711379.0,train
The Devil Inside,2012-01-06,2012,101758490.0,train
Cocktail,2012-07-13,2012,2724695.0,train
Fun Size,2012-10-26,2012,11417362.0,train
"Farewell, My Queen",2012-03-21,2012,6366835.0,train
The Magic of Belle Isle,2012-07-06,2012,123821.0,train
Robot & Frank,2012-09-19,2012,4806423.0,train
The Wolf of Wall Street,2013-12-25,2013,392000694.0,train
Iron Man 3,2013-05-03,2013,1214811252.0,train
The Conjuring,2013-07-19,2013,320290989.0,train
Prisoners,2013-09-20,2013,122126687.0,train
Thor: The Dark World,2013-11-08,2013,644783140.0,train
The Purge,2013-06-07,2013,89328627.0,train
Grown Ups 2,2013-07-12,2013,246984278.0,train
Fast & Furious 6,2013-05-24,2013,788680968.0,train
Gravity,2013-10-04,2013,723192705.0,train
About Time,2013-11-08,2013,87100449.0,train
The Hobbit: The Desolation of Smaug,2013-12-13,2013,959007513.0,train
Man of Steel,2013-06-14,2013,668045518.0,train
Under the Skin,2014-03-14,2013,5866389.0,train
Blue Is the Warmest Colour,2013-10-09,2013,19465835.0,train
Only Lovers Left Alive,2013-12-25,2013,7609187.0,train
Her,2014-01-10,2013,48517427.0,train
Snowpiercer,2014-07-11,2013,86758912.0,train
We're the Millers,2013-08-07,2013,269994119.0,train
Kick-Ass 2,2013-08-16,2013,60795985.0,train
Frozen,2013-11-27,2013,1281508100.0,train
The Great Gatsby,2013-05-10,2013,353642274.0,train
American Hustle,2013-12-20,2013,251171807.0,train
The Green Inferno,2015-09-25,2013,12666449.0,train
Rush,2013-09-27,2013,96983009.0,train
Monsters University,2013-06-21,2013,743559645.0,train
Don Jon,2013-09-27,2013,39439355.0,train
Now You See Me,2013-05-31,2013,351723989.0,train
Oblivion,2013-04-19,2013,286168572.0,train
Identity Thief,2013-02-08,2013,173965010.0,train
Nymphomaniac: Vol. I,2014-03-06,2013,13551156.0,train
Star Trek Into Darkness,2013-05-16,2013,467365246.0,train
The Hunger Games: Catching Fire,2013-11-22,2013,865011746.0,train
Homefront,2013-11-27,2013,48449416.0,train
Movie 43,2013-01-25,2013,32443111.0,train
World War Z,2013-06-21,2013,540455876.0,train
12 Years a Slave,2013-11-08,2013,187733202.0,train
G.I. Joe: Retaliation,2013-03-28,2013,375740705.0,train
Dallas Buyers Club,2013-11-22,2013,55736588.0,train
The Secret Life of Walter Mitty,2013-12-25,2013,188133322.0,train
Pacific Rim,2013-07-12,2013,411002906.0,train
The Croods,2013-03-22,2013,587205319.0,train
This Is the End,2013-06-12,2013,126041322.0,train
The Way Way Back,2013-07-26,2013,26474920.0,train
The Internship,2013-06-07,2013,93492844.0,train
Elysium,2013-08-09,2013,286140700.0,train
Hansel & Gretel: Witch Hunters,2013-01-25,2013,226349749.0,train
Captain Phillips,2013-10-11,2013,218791811.0,train
Evil Dead,2013-04-05,2013,97542952.0,train
White House Down,2013-06-28,2013,205366737.0,train
Enemy,2014-02-06,2013,3468224.0,train
Olympus Has Fallen,2013-03-22,2013,170270201.0,train
Lone Survivor,2014-01-10,2013,154802912.0,train
Oz the Great and Powerful,2013-03-08,2013,493311825.0,train
Pain & Gain,2013-04-26,2013,87305549.0,train
Oldboy,2013-11-27,2013,5186767.0,train
Out of the Furnace,2013-12-06,2013,15661554.0,train
Coherence,2014-08-06,2013,139745.0,train
Ender's Game,2013-11-01,2013,125544024.0,train
Anchorman 2: the Legend Continues,2013-12-18,2013,173649931.0,train
The World's End,2013-08-23,2013,46091271.0,train
Stoker,2013-03-01,2013,12077441.0,train
The Mortal Instruments: City of Bones,2013-08-21,2013,95396573.0,train
Mama,2013-01-18,2013,146428180.0,train
Riddick,2013-09-06,2013,98337295.0,train
A Good Day to Die Hard,2013-02-14,2013,304654182.0,train
Escape Plan,2013-10-18,2013,137328301.0,train
The Wolverine,2013-07-26,2013,414828246.0,train
Texas Chainsaw,2013-01-04,2013,47340586.0,train
Despicable Me 2,2013-07-03,2013,970766005.0,train
47 Ronin,2013-12-25,2013,151783839.0,train
Adore,2013-04-03,2013,1575749.0,train
Machete Kills,2013-10-11,2013,17496820.0,train
Warm Bodies,2013-02-01,2013,116980662.0,train
Percy Jackson: Sea of Monsters,2013-08-07,2013,199850315.0,train
Blue Jasmine,2013-08-23,2013,99104804.0,train
Nymphomaniac: Vol. II,2014-03-20,2013,4934725.0,train
Safe Haven,2013-02-14,2013,97594140.0,train
Gangster Squad,2013-01-11,2013,105200903.0,train
August: Osage County,2014-01-10,2013,74188937.0,train
Locke,2014-04-18,2013,5090608.0,train
Before Midnight,2013-06-14,2013,20994648.0,train
Young & Beautiful,2014-04-25,2013,9757417.0,train
Begin Again,2014-07-11,2013,65652908.0,train
Oculus,2014-04-11,2013,44459951.0,train
Big Bad Wolves,2013-08-15,2013,291239.0,train
The Counselor,2013-10-25,2013,71009334.0,train
Parker,2013-01-25,2013,46922566.0,train
The Call,2013-03-15,2013,68572631.0,train
Scary Movie V,2013-04-12,2013,78378744.0,train
R.I.P.D.,2013-07-19,2013,78324220.0,train
Inside Llewyn Davis,2014-01-10,2013,32960249.0,train
The To Do List,2013-07-26,2013,3909596.0,train
Carrie,2013-10-18,2013,84790678.0,train
The Lone Ranger,2013-07-03,2013,260502115.0,train
The Host,2013-03-29,2013,63365859.0,train
Turbo,2013-07-17,2013,282570682.0,train
What If,2014-08-15,2013,8526288.0,train
2 Guns,2013-08-02,2013,131940411.0,train
Enough Said,2013-10-11,2013,25288872.0,train
Side Effects,2013-02-08,2013,63414135.0,train
The Heat,2013-06-28,2013,229930771.0,train
Insidious: Chapter 2,2013-09-13,2013,161919318.0,train
Redemption,2013-06-28,2013,12671109.0,train
Belle,2014-06-13,2013,16607575.0,train
Horns,2014-10-03,2013,3875442.0,train
After Earth,2013-05-31,2013,243611982.0,train
Lee Daniels' The Butler,2013-08-16,2013,177313795.0,train
Only God Forgives,2013-05-22,2013,10639616.0,train
RED 2,2013-07-19,2013,148075565.0,train
Blood Ties,2013-10-30,2013,2566435.0,train
The Great Beauty,2014-03-14,2013,24665023.0,train
Dead Man Down,2013-03-08,2013,18074539.0,train
The Spectacular Now,2013-09-13,2013,6918591.0,train
42,2013-04-12,2013,97470701.0,train
The Best Offer,2014-01-01,2013,20919703.0,train
The Last Stand,2013-01-18,2013,48330757.0,train
Filth,2014-04-24,2013,8417248.0,train
The Grand Seduction,2014-05-30,2013,4292517.0,train
I Spit on Your Grave 2,2013-09-05,2013,678604.0,train
Short Term 12,2013-08-23,2013,1645164.0,train
Saving Mr. Banks,2013-12-20,2013,117867984.0,train
The Book Thief,2013-11-27,2013,76586316.0,train
The Hangover Part III,2013-05-23,2013,362000072.0,train
Lovelace,2013-08-08,2013,1585583.0,train
The Bling Ring,2013-06-21,2013,20045576.0,train
The Family,2013-09-13,2013,78418811.0,train
The Wind Rises,2014-02-21,2013,136533257.0,train
Life of Crime,2014-08-29,2013,1456675.0,train
Beautiful Creatures,2013-02-14,2013,60052138.0,train
Joe,2014-04-11,2013,2431443.0,train
Delivery Man,2013-11-22,2013,53120346.0,train
Afternoon Delight,2013-09-15,2013,175755.0,train
Grudge Match,2013-12-25,2013,44907260.0,train
Planes,2013-08-09,2013,239258712.0,train
Cloudy with a Chance of Meatballs 2,2013-09-27,2013,274325949.0,train
Jack the Giant Slayer,2013-03-01,2013,197687603.0,train
Blue Ruin,2014-07-09,2013,993313.0,train
Epic,2013-05-24,2013,268426634.0,train
Dark Skies,2013-02-22,2013,27858103.0,train
Nebraska,2014-01-24,2013,27682872.0,train
The Kings of Summer,2013-08-23,2013,1501595.0,train
Bhaag Milkha Bhaag,2013-07-12,2013,17551296.0,train
Labor Day,2014-01-31,2013,20275812.0,train
Trance,2013-03-27,2013,24261569.0,train
Broken City,2013-01-18,2013,34737199.0,train
The Zero Theorem,2014-08-19,2013,1486506.0,train
All Is Lost,2013-10-25,2013,13627519.0,train
Anna,2014-01-24,2013,1257142.0,train
Third Person,2014-11-14,2013,2624761.0,train
One Chance,2013-10-25,2013,10900434.0,train
The Grandmaster,2013-08-30,2013,73906736.0,train
The Incredible Burt Wonderstone,2013-03-15,2013,27437881.0,train
Austenland,2013-09-27,2013,2313509.0,train
The Big Wedding,2013-04-26,2013,46522137.0,train
Kill Your Darlings,2013-09-19,2013,1877924.0,train
Snitch,2013-02-22,2013,57824674.0,train
The Smurfs 2,2013-07-31,2013,347545360.0,train
Last Vegas,2013-11-01,2013,134409025.0,train
Fruitvale Station,2013-07-26,2013,17385830.0,train
Palo Alto,2014-05-09,2013,919591.0,train
Bad Grandpa,2013-10-25,2013,151826547.0,train
Philomena,2013-11-27,2013,100129872.0,train
The Canyons,2013-08-02,2013,270185.0,train
Jobs,2013-08-16,2013,42128352.0,train
Europa Report,2013-06-27,2013,125687.0,train
The Immigrant,2014-05-23,2013,5952884.0,train
I Give It a Year,2013-02-08,2013,29128433.0,train
Starred Up,2014-08-26,2013,3025189.0,train
21 & Over,2013-03-01,2013,48065672.0,train
The Inevitable Defeat of Mister & Pete,2013-01-25,2013,506303.0,train
Romeo and Juliet,,2013,2966268.0,train
Runner Runner,2013-10-04,2013,62675095.0,train
A Haunted House,2013-01-11,2013,60159584.0,train
The Tale of The Princess Kaguya,2013-11-23,2013,24706166.0,train
The Double,2014-04-04,2013,1662515.0,train
Yeh Jawaani Hai Deewani,2013-05-31,2013,30991781.0,train
How I Live Now,2013-10-04,2013,925762.0,train
Upstream Color,2013-08-30,2013,587174.0,train
Parkland,2013-10-02,2013,1412181.0,train
A Field in England,2013-07-05,2013,97195.0,train
In Secret,2014-04-03,2013,652228.0,train
Paranoia,2013-08-16,2013,17056265.0,train
The Past,2013-05-17,2013,12673462.0,train
Breathe In,2013-07-19,2013,500207.0,train
V/H/S/2,2013-06-06,2013,805574.0,train
Knights of Badassdom,2014-04-11,2013,123854.0,train
The Congress,2014-07-24,2013,758754.0,train
The Fifth Estate,2013-10-18,2013,9058564.0,train
Ida,2013-10-25,2013,11156836.0,train
The Love Punch,2014-05-23,2013,8366493.0,train
Tracks,2014-03-06,2013,5853509.0,train
Bad Words,2014-03-28,2013,7804337.0,train
In a World...,2013-09-13,2013,3114953.0,train
Ain't Them Bodies Saints,2013-08-16,2013,1031243.0,train
Man of Tai Chi,2013-07-05,2013,5464885.0,train
The East,2013-06-28,2013,2891812.0,train
The Lunchbox,2013-09-20,2013,11621777.0,train
New World,2013-02-21,2013,31673928.0,train
Charlie Countryman,2013-09-13,2013,443990.0,train
Getaway,2013-08-30,2013,11806432.0,train
Guardians of the Galaxy,2014-08-01,2014,773350147.0,train
Interstellar,2014-11-07,2014,701729206.0,train
John Wick,2014-10-24,2014,86081711.0,train
Edge of Tomorrow,2014-06-06,2014,370541256.0,train
Gone Girl,2014-10-03,2014,369330363.0,train
Captain America: The Winter Soldier,2014-04-04,2014,714421503.0,train
The Grand Budapest Hotel,2014-03-28,2014,172945750.0,train
Whiplash,2014-10-15,2014,49396747.0,train
Kingsman: The Secret Service,2015-02-13,2014,414351546.0,train
Ex Machina,2015-04-24,2014,36869414.0,train
Divergent,2014-03-21,2014,288885818.0,train
Nightcrawler,2014-10-31,2014,47398992.0,train
The Hobbit: The Battle of the Five Armies,2014-12-17,2014,962182865.0,train
The Equalizer,2014-09-26,2014,192330738.0,train
The Maze Runner,2014-09-19,2014,348319861.0,train
Lucy,2014-07-25,2014,458863600.0,train
Chef,2014-05-30,2014,48428048.0,train
What We Do in the Shadows,2015-02-13,2014,7253160.0,train
The Imitation Game,2014-12-25,2014,233555708.0,train
Fury,2014-10-17,2014,211822697.0,train
X-Men: Days of Future Past,2014-05-23,2014,746045700.0,train
Predestination,2015-01-09,2014,4942449.0,train
The Purge: Anarchy,2014-07-18,2014,111928365.0,train
Birdman or (The Unexpected Virtue of Ignorance),2014-11-14,2014,103215094.0,train
It Follows,2015-03-13,2014,21947454.0,train
Blended,2014-05-23,2014,127994610.0,train
Hercules,2014-07-25,2014,244819862.0,train
The Judge,2014-10-10,2014,84419388.0,train
Annie,2014-12-19,2014,136853506.0,train
Godzilla,2014-05-16,2014,524976069.0,train
The Giver,2014-08-15,2014,66980456.0,train
300: Rise of an Empire,2014-03-07,2014,337580051.0,train
American Sniper,2015-01-16,2014,547426372.0,train
"Love, Rosie",2014-10-22,2014,25574387.0,train
Big Hero 6,2014-11-07,2014,657869686.0,train
The Amazing Spider-Man 2,2014-05-02,2014,708982323.0,train
Maleficent,2014-05-30,2014,758411779.0,train
Into the Woods,2014-12-25,2014,212902372.0,train
Unbroken,2014-12-25,2014,161459297.0,train
The Lego Movie,2014-02-07,2014,468060692.0,train
The Hunger Games: Mockingjay - Part 1,2014-11-21,2014,755356711.0,train
Tusk,2014-09-19,2014,1882074.0,train
Night at the Museum: Secret of the Tomb,2014-12-19,2014,363204635.0,train
The Fault in Our Stars,2014-06-06,2014,307166834.0,train
"As Above, So Below",2014-08-29,2014,41898409.0,train
Annabelle,2014-10-03,2014,257579282.0,train
Boyhood,2014-08-15,2014,48137666.0,train
The Theory of Everything,2014-11-26,2014,123726688.0,train
The Expendables 3,2014-08-15,2014,214657577.0,train
The Interview,2014-12-24,2014,11782625.0,train
The Drop,2014-09-12,2014,18658381.0,train
Transformers: Age of Extinction,2014-06-27,2014,1104054072.0,train
Inherent Vice,2015-01-09,2014,14710975.0,train
Neighbors,2014-05-09,2014,270665134.0,train
The Babadook,2014-11-28,2014,10312540.0,train
Sex Tape,2014-07-18,2014,126069509.0,train
The Other Woman,2014-04-25,2014,196710396.0,train
Wild Tales,2014-08-21,2014,30642704.0,train
Wild,2014-12-19,2014,52501541.0,train
Foxcatcher,2015-01-16,2014,19206513.0,train
The Guest,2014-09-05,2014,2700051.0,train
Teenage Mutant Ninja Turtles,2014-08-08,2014,485004754.0,train
RoboCop,2014-02-12,2014,242688965.0,train
22 Jump Street,2014-06-13,2014,331333876.0,train
Dawn of the Planet of the Apes,2014-07-11,2014,710644566.0,train
Sin City: A Dame to Kill for,2014-08-22,2014,39407616.0,train
Brick Mansions,2014-04-25,2014,71416730.0,train
Vampire Academy,2014-02-07,2014,15642346.0,train
The Monuments Men,2014-02-07,2014,156706638.0,train
Honeymoon,2014-09-12,2014,24343.0,train
Dumb and Dumber to,2014-11-14,2014,169837010.0,train
Before We Go,2015-07-21,2014,462875.0,train
How to Train Your Dragon 2,2014-06-13,2014,621537519.0,train
Noah,2014-03-28,2014,359200044.0,train
A Walk Among the Tombstones,2014-09-19,2014,58834384.0,train
Need for Speed,2014-03-14,2014,203277636.0,train
Rio 2,2014-04-11,2014,498781117.0,train
Seventh Son,2015-02-06,2014,114178613.0,train
Exodus: Gods and Kings,2014-12-12,2014,268175631.0,train
A Million Ways to Die in the West,2014-05-30,2014,87189756.0,train
Sabotage,2014-03-28,2014,22126842.0,train
Paddington,2015-01-16,2014,282377683.0,train
Non-Stop,2014-02-28,2014,222809600.0,train
The Best of Me,2014-10-17,2014,38609668.0,train
Horrible Bosses 2,2014-11-26,2014,107645357.0,train
This Is Where I Leave You,2014-09-19,2014,41296320.0,train
Into the Storm,2014-08-08,2014,161502194.0,train
Penguins of Madagascar,2014-11-26,2014,373515621.0,train
Jack Ryan: Shadow Recruit,2014-01-17,2014,135503748.0,train
Mommy,2014-10-08,2014,13156856.0,train
Testament of Youth,2015-01-16,2014,5874883.0,train
Cooties,2015-09-18,2014,485544.0,train
The Book of Life,2014-10-17,2014,99783556.0,train
Goodnight Mommy,2015-09-11,2014,2193474.0,train
The November Man,2014-08-27,2014,39661919.0,train
Dracula Untold,2014-10-10,2014,217124280.0,train
Unfriended,2015-04-17,2014,62882090.0,train
I Origins,2014-09-19,2014,481234.0,train
Transcendence,2014-04-18,2014,103039258.0,train
Endless Love,2014-02-14,2014,34718173.0,train
Just Before I Go,2015-04-24,2014,10970.0,train
Before I Go to Sleep,2014-10-31,2014,17669776.0,train
The Good Lie,2014-11-07,2014,3396345.0,train
Deliver Us from Evil,2014-07-02,2014,87937815.0,train
The Raid 2,2014-04-11,2014,6566916.0,train
Taken 3,2015-01-09,2014,326479141.0,train
Pompeii,2014-02-21,2014,117831631.0,train
Kill Me Three Times,2015-04-10,2014,101807.0,train
Ride Along,2014-01-17,2014,154468902.0,train
That Awkward Moment,2014-01-31,2014,45640143.0,train
The Homesman,2014-05-18,2014,3819421.0,train
Black Sea,2015-01-23,2014,4070789.0,train
"Men, Women & Children",2014-10-17,2014,1705908.0,train
Let's Be Cops,2014-08-13,2014,138224951.0,train
A Most Violent Year,2015-01-30,2014,12007070.0,train
PK,2014-12-19,2014,100370104.0,train
A Little Chaos,2015-06-26,2014,10084623.0,train
The Loft,2015-01-30,2014,11020402.0,train
A Most Wanted Man,2014-08-01,2014,36233517.0,train
Clown,2016-06-17,2014,4381603.0,train
The Signal,2014-07-10,2014,2595622.0,train
The Hundred-Foot Journey,2014-08-08,2014,89514453.0,train
Beyond the Lights,2014-11-14,2014,14618727.0,train
Maps to the Stars,2015-02-27,2014,4510934.0,train
If I Stay,2014-08-22,2014,78274843.0,train
She's Funny That Way,2015-08-21,2014,6034851.0,train
'71,2014-10-10,2014,3062178.0,train
Still Alice,2015-02-20,2014,44779195.0,train
3 Days to Kill,2014-02-21,2014,53260230.0,train
Spring,2015-03-20,2014,49970.0,train
Love & Mercy,2015-06-19,2014,28641776.0,train
Big Eyes,2014-12-25,2014,29253166.0,train
Addicted,2014-10-10,2014,17534314.0,train
The Water Diviner,2014-12-26,2014,38176317.0,train
Selma,2015-01-09,2014,66787908.0,train
Veronica Mars,2014-03-13,2014,3485383.0,train
Million Dollar Arm,2014-05-16,2014,38483455.0,train
The One I Love,2014-08-08,2014,596933.0,train
Jersey Boys,2014-06-20,2014,67647013.0,train
Walk of Shame,2014-05-01,2014,8122990.0,train
Draft Day,2014-04-11,2014,29824199.0,train
And So It Goes,2014-07-25,2014,25419147.0,train
A Haunted House 2,2014-04-18,2014,25358716.0,train
The Gambler,2014-12-25,2014,39280992.0,train
Cake,2015-01-23,2014,2433850.0,train
"I, Frankenstein",2014-01-24,2014,76801179.0,train
Muppets Most Wanted,2014-03-21,2014,80383113.0,train
Two Night Stand,2014-09-26,2014,492332.0,train
Son of a Gun,2014-12-11,2014,660241.0,train
Pawn Sacrifice,2015-09-25,2014,5578519.0,train
Left Behind,2014-10-03,2014,27405896.0,train
"Alexander and the Terrible, Horrible, No Good, Very Bad Day",2014-10-10,2014,100654149.0,train
St. Vincent,2014-10-24,2014,54837234.0,train
The Legend of Hercules,2014-01-10,2014,61279452.0,train
Kill the Messenger,2014-10-09,2014,5218973.0,train
Step Up All in,2014-08-08,2014,86165646.0,train
The Salvation,2015-02-27,2014,1363964.0,train
God's Not Dead,2014-03-21,2014,64676349.0,train
Winter's Tale,2014-02-14,2014,30800231.0,train
When Marnie Was There,2015-08-07,2014,34949567.0,train
Mr. Peabody & Sherman,2014-03-07,2014,275698039.0,train
Tammy,2014-07-02,2014,100375432.0,train
Big Game,2015-06-26,2014,7455398.0,train
A Long Way Down,2014-06-05,2014,7257942.0,train
The Rover,2014-06-20,2014,2510007.0,train
Force Majeure,2014-12-30,2014,4094339.0,train
"Two Days, One Night",2014-05-21,2014,9016922.0,train
Lost River,2015-04-10,2014,615500.0,train
Magic in the Moonlight,2014-08-15,2014,51029361.0,train
Song of the Sea,2015-11-20,2014,4190884.0,train
Hector and the Search for Happiness,2014-08-14,2014,6337728.0,train
The Quiet Ones,2014-04-25,2014,17835162.0,train
Zombeavers,2015-03-20,2014,54985.0,train
Barefoot,2014-09-04,2014,15071.0,train
No Good Deed,2014-09-12,2014,54323210.0,train
Leviathan,2015-02-05,2014,4439481.0,train
Serena,2015-02-26,2014,5092129.0,train
The Duke of Burgundy,2015-01-23,2014,185147.0,train
Effie Gray,2014-10-10,2014,721143.0,train
Wish I Was Here,2014-07-25,2014,5670776.0,train
Frank,2014-09-05,2014,1897363.0,train
Get on Up,2014-08-01,2014,33448971.0,train
Suffragette,2015-10-12,2014,31972096.0,train
Ouija,2014-10-24,2014,103687316.0,train
Heaven Is for Real,2014-04-16,2014,101982712.0,train
While We're Young,2015-04-17,2014,18117839.0,train
Winter Sleep,2014-06-12,2014,4018705.0,train
White Bird in a Blizzard,2014-09-25,2014,469701.0,train
Dear White People,2014-12-04,2014,4633961.0,train
Calvary,2014-04-11,2014,16887741.0,train
Think Like a Man Too,2014-06-20,2014,70181428.0,train
Heaven Knows What,2015-05-29,2014,84417.0,train
The Keeping Room,2015-09-25,2014,73922.0,train
Planes: Fire & Rescue,2014-07-18,2014,146965787.0,train
Top Five,2014-12-12,2014,26117471.0,train
99 Homes,2015-10-09,2014,1828232.0,train
Black or White,2015-01-30,2014,21833967.0,train
Clouds of Sils Maria,2014-08-20,2014,4728401.0,train
Big Stone Gap,2016-05-20,2014,1012804.0,train
Laggies,2014-10-24,2014,2379154.0,train
Mad Max: Fury Road,2015-05-15,2015,375658750.0,train
Avengers: Age of Ultron,2015-05-01,2015,1402809540.0,train
Crimson Peak,2015-10-16,2015,74679822.0,train
Furious 7,2015-04-03,2015,1515341399.0,train
The Hateful Eight,2015-12-30,2015,156480177.0,train
Ant-Man,2015-07-17,2015,519311965.0,train
Fifty Shades of Grey,2015-02-13,2015,569651467.0,train
Sicario,2015-10-02,2015,84872444.0,train
The Witch,2016-02-19,2015,40423945.0,train
The Big Short,2015-12-23,2015,133440870.0,train
Jurassic World,2015-06-12,2015,1670516444.0,train
The Revenant,2016-01-08,2015,532950503.0,train
The Martian,2015-10-02,2015,630162448.0,train
Room,2016-01-22,2015,35401758.0,train
Inside Out,2015-06-19,2015,858848019.0,train
Spotlight,2015-11-20,2015,98690254.0,train
American Ultra,2015-08-21,2015,27262374.0,train
The Man from U.N.C.L.E.,2015-08-14,2015,107045109.0,train
Terminator Genisys,2015-07-01,2015,440603537.0,train
Cinderella,2015-03-13,2015,542358331.0,train
Star Wars: Episode VII - The Force Awakens,2015-12-18,2015,2069521700.0,train
The Lobster,2015-10-16,2015,15509546.0,train
Spectre,2015-11-06,2015,880681519.0,train
High-Rise,2016-04-28,2015,4289074.0,train
Legend,2015-11-20,2015,42972994.0,train
Chappie,2015-03-06,2015,102811889.0,train
Knock Knock,2015-10-09,2015,5567103.0,train
In the Heart of the Sea,2015-12-11,2015,93920758.0,train
The Bronze,2016-03-18,2015,615816.0,train
The Intern,2015-09-25,2015,194564672.0,train
The Hunger Games: Mockingjay - Part 2,2015-11-20,2015,658344137.0,train
Everest,2015-09-25,2015,203427584.0,train
Blackhat,2015-01-16,2015,19652057.0,train
Spy,2015-06-05,2015,235666219.0,train
Fantastic Four,2015-08-07,2015,167882881.0,train
Mission: Impossible - Rogue Nation,2015-07-31,2015,682716636.0,train
The Visit,2015-09-11,2015,98450062.0,train
Vacation,2015-07-29,2015,107228221.0,train
Creed,2015-11-25,2015,173567581.0,train
The Age of Adaline,2015-04-24,2015,65663276.0,train
Black Mass,2015-09-18,2015,99775678.0,train
Focus,2015-02-27,2015,158762963.0,train
Home,2015-03-27,2015,386041607.0,train
Jupiter Ascending,2015-02-06,2015,183887723.0,train
I Saw the Light,2016-04-01,2015,1767963.0,train
Minions,2015-07-10,2015,1159444662.0,train
Pitch Perfect 2,2015-05-15,2015,287144079.0,train
San Andreas,2015-05-29,2015,473990832.0,train
Trainwreck,2015-07-17,2015,140795793.0,train
Tomorrowland,2015-05-22,2015,209035668.0,train
Bridge of Spies,2015-10-16,2015,165478348.0,train
The Danish Girl,2016-01-22,2015,64191523.0,train
The Divergent Series: Insurgent,2015-03-20,2015,297002527.0,train
Straight Outta Compton,2015-08-14,2015,201634991.0,train
Carol,2016-01-15,2015,40272135.0,train
No Escape,2015-08-26,2015,54418872.0,train
The Boy Next Door,2015-01-23,2015,52425855.0,train
Southpaw,2015-07-24,2015,91970827.0,train
The Dressmaker,2015-10-29,2015,25003426.0,train
Maze Runner: The Scorch Trials,2015-09-18,2015,312296056.0,train
Lost and Love,2015-03-20,2015,34930177.0,train
The Last Witch Hunter,2015-10-23,2015,146936910.0,train
Green Room,2016-05-13,2015,3769214.0,train
Burnt,2015-10-30,2015,36606743.0,train
The Good Dinosaur,2015-11-25,2015,332207671.0,train
Far from the Madding Crowd,2015-05-22,2015,30229977.0,train
The Invitation,2016-04-08,2015,354835.0,train
The Gift,2015-08-07,2015,58980521.0,train
Point Break,2015-12-25,2015,133718711.0,train
Get Hard,2015-03-27,2015,111711453.0,train
Hitman: Agent 47,2015-08-21,2015,82347656.0,train
Entourage,2015-06-03,2015,49263404.0,train
Steve Jobs,2015-10-23,2015,34441873.0,train
Scouts Guide to the Zombie Apocalypse,2015-10-30,2015,16137046.0,train
Hardcore Henry,2016-04-08,2015,16810562.0,train
Joy,2015-12-25,2015,101134059.0,train
Masterminds,2016-09-30,2015,29674699.0,train
Brooklyn,2015-11-25,2015,62402155.0,train
Youth,2015-12-04,2015,23459358.0,train
Self/less,2015-07-10,2015,31807156.0,train
Ted 2,2015-06-26,2015,215863606.0,train
Pan,2015-10-09,2015,128388320.0,train
Pixels,2015-07-24,2015,244874809.0,train
Demolition,2016-04-08,2015,4366460.0,train
Macbeth,2015-12-11,2015,16322067.0,train
Daddy's Home,2015-12-25,2015,242786137.0,train
Run All Night,2015-03-13,2015,71561644.0,train
Mr. Right,2016-04-08,2015,607595.0,train
Magic Mike XXL,2015-07-01,2015,117813057.0,train
The DUFF,2015-02-20,2015,43709744.0,train
Trumbo,2015-11-27,2015,11430025.0,train
Hotel Transylvania 2,2015-09-25,2015,474800000.0,train
Knight of Cups,2016-03-04,2015,1026288.0,train
The Stanford Prison Experiment,2015-07-17,2015,663114.0,train
The Longest Ride,2015-04-10,2015,62944815.0,train
Victor Frankenstein,2015-11-25,2015,34227298.0,train
Insidious: Chapter 3,2015-06-05,2015,112983889.0,train
Goosebumps,2015-10-16,2015,158261424.0,train
Aloha,2015-05-29,2015,26250020.0,train
Baahubali: The Beginning,2015-07-09,2015,24548038.0,train
A Bigger Splash,2016-05-13,2015,7545758.0,train
The Wedding Ringer,2015-01-16,2015,79799880.0,train
Sisters,2015-12-18,2015,105011053.0,train
Secret in Their Eyes,2015-11-20,2015,34854990.0,train
Irrational Man,2015-08-07,2015,27391084.0,train
Wild Card,2015-01-14,2015,6738764.0,train
Paper Towns,2015-07-24,2015,85512300.0,train
The Lady in the Van,2016-02-26,2015,41387687.0,train
The SpongeBob Movie: Sponge Out of Water,2015-02-06,2015,325186032.0,train
Child 44,2015-04-17,2015,12951093.0,train
The Wave,2015-08-28,2015,12975143.0,train
A Man Called Ove,2016-09-30,2015,30692889.0,train
Beasts of No Nation,2015-10-16,2015,90777.0,train
Me and Earl and the Dying Girl,2015-07-01,2015,9074749.0,train
Sleeping with Other People,2015-08-12,2015,3224947.0,train
Concussion,2015-12-25,2015,48623572.0,train
The Diary of a Teenage Girl,2015-08-28,2015,1775133.0,train
Mustang,2015-06-17,2015,5274664.0,train
The Walk,2015-10-09,2015,61181942.0,train
Tangerine,2015-07-10,2015,828874.0,train
A Walk in the Woods,2015-09-02,2015,37461274.0,train
Sinister 2,2015-08-21,2015,53329150.0,train
Summertime,2015-08-19,2015,3778938.0,train
Anomalisa,2016-03-11,2015,5659286.0,train
The Blackcoat's Daughter,2017-02-16,2015,38348.0,train
Mississippi Grind,2015-08-13,2015,422746.0,train
Attack on Titan Part 1,2015-08-01,2015,30810658.0,train
Woman in Gold,2015-04-10,2015,61619773.0,train
Eddie the Eagle,2016-02-26,2015,46152800.0,train
Eye in the Sky,2016-04-01,2015,35259653.0,train
The Second Best Exotic Marigold Hotel,2015-03-06,2015,85978292.0,train
Tumbledown,2016-02-05,2015,282083.0,train
Poltergeist,2015-05-22,2015,95437994.0,train
The Meddler,2016-06-03,2015,5425148.0,train
We Are Your Friends,2015-08-28,2015,11122090.0,train
Into the Forest,2016-07-29,2015,92166.0,train
Grandma,2015-09-18,2015,7205073.0,train
Bajirao Mastani,2015-12-18,2015,11350917.0,train
By the Sea,2015-12-09,2015,3334927.0,train
Mortdecai,2015-01-23,2015,47275717.0,train
I'll See You in My Dreams,2015-05-15,2015,7452512.0,train
Maggie,2015-05-08,2015,1663165.0,train
Project Almanac,2015-01-30,2015,33213241.0,train
Regression,2015-10-02,2015,17671101.0,train
True Story,2015-04-17,2015,5261595.0,train
The Man Who Knew Infinity,2016-04-29,2015,12252684.0,train
The Transporter Refueled,2015-09-04,2015,72629670.0,train
Z for Zachariah,2015-08-13,2015,381839.0,train
Equals,2016-05-26,2015,2084628.0,train
Dope,2015-06-19,2015,17986781.0,train
Land of Mine,2015-12-03,2015,3169553.0,train
Hot Pursuit,2015-05-08,2015,51380201.0,train
Krampus,2015-12-04,2015,61548707.0,train
Bajrangi Bhaijaan,2015-07-17,2015,121126188.0,train
The Lure,2015-12-25,2015,108846.0,train
The Gunman,2015-03-20,2015,24177137.0,train
The Night Before,2015-11-20,2015,52395996.0,train
90 Minutes in Heaven,2015-09-11,2015,4842699.0,train
Tale of Tales,2016-04-22,2015,5497104.0,train
Ip Man 3,2015-12-24,2015,157029618.0,train
"McFarland, USA",2015-02-20,2015,45710059.0,train
Strange Magic,2015-01-23,2015,13603453.0,train
The Peanuts Movie,2015-11-06,2015,246233113.0,train
Rock the Kasbah,2015-10-23,2015,3394174.0,train
The Sea of Trees,2016-08-26,2015,906995.0,train
Alvin and the Chipmunks: The Road Chip,2015-12-18,2015,234798636.0,train
The Lazarus Effect,2015-02-27,2015,38356892.0,train
Love the Coopers,2015-11-13,2015,42426912.0,train
The 33,2015-11-13,2015,27972023.0,train
The Little Prince,2016-08-05,2015,97571250.0,train
Louder Than Bombs,2015-10-02,2015,1160724.0,train
The Gallows,2015-07-10,2015,42964410.0,train
The Ones Below,2016-05-27,2015,121827.0,train
Southbound,2016-02-09,2015,35275.0,train
Men & Chicken,2015-02-05,2015,4765472.0,train
Hyena Road,2015-10-09,2015,87768.0,train
Slow West,2015-04-16,2015,1295574.0,train
The End of the Tour,2015-11-12,2015,3072991.0,train
Cop Car,2015-08-07,2015,143658.0,train
The Daughter,2017-01-27,2015,1505434.0,train
Jem and the Holograms,2015-10-23,2015,2333684.0,train
Cemetery of Splendor,2015-09-02,2015,98932.0,train
Captive,2015-09-18,2015,2801508.0,train
Our Brand Is Crisis,2015-10-30,2015,8527658.0,train
Unfinished Business,2015-03-06,2015,14431253.0,train
Hot Tub Time Machine 2,2015-02-20,2015,13081651.0,train
Turbo Kid,2015-08-28,2015,67069.0,train
The Overnight,2015-06-19,2015,1110522.0,train
"Hello, My Name Is Doris",2016-04-01,2015,14659448.0,train
Ricki and the Flash,2015-08-07,2015,41325328.0,train
Danny Collins,2015-04-10,2015,10835752.0,train
Son of Saul,2015-06-11,2015,6659121.0,train
Mr. Holmes,2015-07-24,2015,29355203.0,train
Empire of Lust,2015-03-05,2015,3191168.0,train
Paul Blart: Mall Cop 2,2015-04-17,2015,107588225.0,train
Remember,2015-12-17,2015,4235959.0,train
War Room,2015-08-28,2015,73256266.0,train
Dragon Blade,2015-09-04,2015,122606884.0,train
45 Years,2015-08-28,2015,14430249.0,train
Mother's Day,2016-04-29,2016,48782670.0,validation
Suicide Squad,2016-08-05,2016,746846894.0,validation
The Magnificent Seven,2016-09-23,2016,162360636.0,validation
Captain America: Civil War,2016-05-06,2016,1153337496.0,validation
Warcraft,2016-06-10,2016,439048914.0,validation
Deadpool,2016-02-12,2016,782836791.0,validation
Doctor Strange,2016-11-04,2016,677796076.0,validation
Split,2017-01-20,2016,278454417.0,validation
Me Before You,2016-06-03,2016,208314186.0,validation
Don't Breathe,2016-08-26,2016,157830487.0,validation
Lady Macbeth,2017-07-14,2016,5401447.0,validation
Moana,2016-11-23,2016,644411850.0,validation
Arrival,2016-11-11,2016,203388186.0,validation
X-Men: Apocalypse,2016-05-27,2016,543934105.0,validation
Captain Fantastic,2016-07-29,2016,23123592.0,validation
Star Trek Beyond,2016-07-22,2016,343471816.0,validation
Sing,2016-12-21,2016,634208384.0,validation
La La Land,2016-12-25,2016,448906865.0,validation
The Conjuring 2,2016-06-10,2016,321788219.0,validation
Passengers,2016-12-21,2016,303144152.0,validation
Zootopia,2016-03-04,2016,1024121104.0,validation
The Huntsman: Winter's War,2016-04-22,2016,164989338.0,validation
Hacksaw Ridge,2016-11-04,2016,180563636.0,validation
The Handmaiden,2016-06-01,2016,37767206.0,validation
13 Hours,2016-01-15,2016,69411370.0,validation
Nocturnal Animals,2016-12-09,2016,30311857.0,validation
Rogue One: A Star Wars Story,2016-12-16,2016,1056057720.0,validation
Batman v Superman: Dawn of Justice,2016-03-25,2016,873637528.0,validation
Your Name.,2017-04-07,2016,358180115.0,validation
Kung Fu Panda 3,2016-01-29,2016,521170825.0,validation
The Nice Guys,2016-05-20,2016,62788218.0,validation
Independence Day: Resurgence,2016-06-24,2016,389681935.0,validation
Raw,2017-03-15,2016,3096815.0,validation
Miss Peregrine's Home for Peculiar Children,2016-09-30,2016,296482446.0,validation
Fantastic Beasts and Where to Find Them,2016-11-18,2016,814044001.0,validation
Train to Busan,2016-07-20,2016,92764199.0,validation
Resident Evil: The Final Chapter,2017-01-27,2016,312242626.0,validation
Criminal,2016-04-15,2016,38803993.0,validation
Underworld: Blood Wars,2017-01-06,2016,81093313.0,validation
The Shallows,2016-06-24,2016,119100758.0,validation
Hidden Figures,2017-01-06,2016,236225193.0,validation
Sausage Party,2016-08-12,2016,140705322.0,validation
The Girl on the Train,2016-10-07,2016,173185859.0,validation
Hell or High Water,2016-08-26,2016,37879877.0,validation
The Purge: Election Year,2016-07-01,2016,118587880.0,validation
Ghostbusters,2016-07-15,2016,229147509.0,validation
The Accountant,2016-10-14,2016,155160045.0,validation
The Neon Demon,2016-06-24,2016,3377430.0,validation
Moonlight,2016-11-18,2016,65336603.0,validation
Jason Bourne,2016-07-29,2016,415484914.0,validation
Manchester by the Sea,2016-12-16,2016,78988148.0,validation
Central Intelligence,2016-06-17,2016,216972543.0,validation
War Dogs,2016-08-19,2016,86234523.0,validation
The Legend of Tarzan,2016-07-01,2016,356700357.0,validation
Silence,2017-01-13,2016,23834809.0,validation
American Honey,2016-10-14,2016,2290649.0,validation
Gods of Egypt,2016-02-26,2016,150680864.0,validation
Hunt for the Wilderpeople,2016-07-01,2016,23915910.0,validation
The Founder,2017-01-20,2016,24121245.0,validation
Inferno,2016-10-28,2016,220021259.0,validation
Now You See Me 2,2016-06-10,2016,334897606.0,validation
Miss Sloane,2016-12-09,2016,9101546.0,validation
The Jungle Book,2016-04-15,2016,966554929.0,validation
10 Cloverfield Lane,2016-03-11,2016,110216998.0,validation
The Lost City of Z,2017-04-21,2016,19263938.0,validation
Finding Dory,2016-06-17,2016,1028570942.0,validation
Lion,2017-01-06,2016,140853810.0,validation
Lights Out,2016-07-22,2016,148868835.0,validation
Meet the Blacks,2016-04-01,2016,9097072.0,validation
Allied,2016-11-23,2016,119520023.0,validation
Jack Reacher: Never Go Back,2016-10-21,2016,162146076.0,validation
Bridget Jones's Baby,2016-09-16,2016,211952420.0,validation
How to Be Single,2016-02-12,2016,112343513.0,validation
Snowden,2016-09-16,2016,37357216.0,validation
Dangal,2016-12-21,2016,303723636.0,validation
The Bad Batch,2017-06-23,2016,201890.0,validation
Triple 9,2016-02-26,2016,23177948.0,validation
Deepwater Horizon,2016-09-30,2016,121790373.0,validation
The Choice,2016-02-05,2016,23079932.0,validation
Sully,2016-09-09,2016,240797623.0,validation
Morgan,2016-09-02,2016,8809407.0,validation
Pride and Prejudice and Zombies,2016-02-05,2016,16457494.0,validation
The Infiltrator,2016-07-13,2016,21011110.0,validation
The Edge of Seventeen,2016-11-18,2016,19370020.0,validation
A Cure for Wellness,2017-02-17,2016,26620002.0,validation
London Has Fallen,2016-03-04,2016,205754447.0,validation
Dirty Grandpa,2016-01-22,2016,94073028.0,validation
"Hail, Caesar!",2016-02-05,2016,63945241.0,validation
The 5th Wave,2016-01-22,2016,109906372.0,validation
Trolls,2016-11-04,2016,346864886.0,validation
Allegiant,2016-03-18,2016,179246868.0,validation
Paterson,2016-12-28,2016,9588282.0,validation
Swiss Army Man,2016-07-01,2016,4935501.0,validation
The Great Wall,2017-02-17,2016,334933831.0,validation
Mike and Dave Need Wedding Dates,2016-07-08,2016,77068246.0,validation
Bad Moms,2016-07-29,2016,183936074.0,validation
Collateral Beauty,2016-12-16,2016,88528280.0,validation
The Boy,2016-01-22,2016,73929392.0,validation
Fences,2016-12-25,2016,64414761.0,validation
Alice Through the Looking Glass,2016-05-27,2016,299820798.0,validation
The Brothers Grimsby,2016-03-11,2016,27979040.0,validation
Ice Age: Collision Course,2016-07-22,2016,408754975.0,validation
Patriots Day,2017-01-13,2016,52185751.0,validation
Keeping Up with the Joneses,2016-10-21,2016,29918745.0,validation
Genius,2016-06-10,2016,7435006.0,validation
The Secret Life of Pets,2016-07-08,2016,875458631.0,validation
Popstar: Never Stop Never Stopping,2016-06-03,2016,9680029.0,validation
Goldstone,2016-07-07,2016,650352.0,validation
20th Century Women,2017-01-20,2016,7214806.0,validation
Assassin's Creed,2016-12-21,2016,240697856.0,validation
Teenage Mutant Ninja Turtles: Out of the Shadows,2016-06-03,2016,245623848.0,validation
White Girl,2016-12-01,2016,200242.0,validation
Everybody Wants Some!!,2016-04-07,2016,4644472.0,validation
The Take,2016-11-18,2016,14857808.0,validation
The Finest Hours,2016-01-29,2016,52099090.0,validation
Greater,2016-08-26,2016,2000620.0,validation
The Love Witch,2017-03-10,2016,246218.0,validation
The Belko Experiment,2017-03-17,2016,11084630.0,validation
The BFG,2016-07-01,2016,195243411.0,validation
Zoolander 2,2016-02-12,2016,56722693.0,validation
Midnight Special,2016-04-21,2016,6740647.0,validation
The Angry Birds Movie,2016-05-20,2016,352333929.0,validation
Live by Night,2017-01-13,2016,22678555.0,validation
Nerve,2016-07-27,2016,85251425.0,validation
Mechanic: Resurrection,2016-08-26,2016,125729635.0,validation
Sing Street,2016-03-17,2016,13624522.0,validation
The Light Between Oceans,2016-09-02,2016,25975621.0,validation
Shin Godzilla,2016-07-29,2016,78053145.0,validation
Why Him?,2016-12-23,2016,118102725.0,validation
Miracles from Heaven,2016-03-16,2016,73983003.0,validation
Colossal,2017-04-21,2016,4531320.0,validation
Free Fire,2017-04-21,2016,3719383.0,validation
The Void,2017-04-07,2016,368372.0,validation
The Exception,2017-06-02,2016,872805.0,validation
Neighbors 2: Sorority Rising,2016-05-20,2016,108007109.0,validation
Ben-Hur,2016-08-19,2016,94061311.0,validation
Free State of Jones,2016-06-24,2016,25035950.0,validation
Jackie,2016-12-02,2016,29777777.0,validation
Gold,2017-01-27,2016,14880939.0,validation
Pete's Dragon,2016-08-12,2016,143695338.0,validation
31,2016-09-16,2016,850419.0,validation
Keanu,2016-04-29,2016,20651333.0,validation
Goat,2016-09-23,2016,23020.0,validation
Storks,2016-09-23,2016,183388953.0,validation
A Monster Calls,2017-01-06,2016,47309313.0,validation
Anthropoid,2016-09-09,2016,5079219.0,validation
Kubo and the Two Strings,2016-08-19,2016,76249438.0,validation
Café Society,2016-08-05,2016,43763247.0,validation
Blair Witch,2016-09-16,2016,45173154.0,validation
The Salesman,2016-08-31,2016,6953604.0,validation
In a Valley of Violence,2016-10-21,2016,61797.0,validation
Ratchet & Clank,2016-04-29,2016,13385737.0,validation
Risen,2016-02-19,2016,46771565.0,validation
Rules Don't Apply,2016-11-23,2016,3885342.0,validation
Office Christmas Party,2016-12-09,2016,114501299.0,validation
Better Watch Out,2017-11-09,2016,176288.0,validation
Florence Foster Jenkins,2016-08-12,2016,49052787.0,validation
Batman: The Killing Joke,2016-07-25,2016,4462034.0,validation
Leap!,2017-08-25,2016,106127278.0,validation
The Untamed,2017-07-21,2016,61249.0,validation
A Hologram for the King,2016-04-28,2016,9169507.0,validation
Ouija: Origin of Evil,2016-10-21,2016,81705746.0,validation
All I See Is You,2017-10-27,2016,678150.0,validation
The Forest,2016-01-08,2016,39712000.0,validation
Money Monster,2016-05-13,2016,93282604.0,validation
Monster Trucks,2017-01-13,2016,64493915.0,validation
The Hollars,2016-08-26,2016,1138609.0,validation
Fifty Shades of Black,2016-01-29,2016,22227514.0,validation
Toni Erdmann,2016-12-25,2016,11784207.0,validation
Their Finest,2017-04-07,2016,12597262.0,validation
My Big Fat Greek Wedding 2,2016-03-25,2016,90632641.0,validation
Billy Lynn's Long Halftime Walk,2016-11-18,2016,30930984.0,validation
Personal Shopper,2017-03-10,2016,2840408.0,validation
Our Kind of Traitor,2016-05-13,2016,10711027.0,validation
Love & Friendship,2016-06-03,2016,21401949.0,validation
Bleed for This,2016-11-18,2016,6698679.0,validation
Whiskey Tango Foxtrot,2016-03-04,2016,24972139.0,validation
Loving,2016-11-04,2016,12957265.0,validation
"I, Daniel Blake",2017-06-09,2016,15793051.0,validation
Sanam Teri Kasam,2016-02-05,2016,1386707.0,validation
Pet,2016-12-02,2016,22003.0,validation
Kingsglaive: Final Fantasy XV,2016-07-09,2016,5725482.0,validation
Mr. Church,2016-11-11,2016,685780.0,validation
Hands of Stone,2016-08-26,2016,4978353.0,validation
Ae Dil Hai Mushkil,2016-10-28,2016,31668920.0,validation
Denial,2016-10-21,2016,7994527.0,validation
Carrie Pilby,2017-04-04,2016,28430.0,validation
Ride Along 2,2016-01-15,2016,124608438.0,validation
Pink,2016-09-16,2016,180180.0,validation
Under the Shadow,2016-10-07,2016,133324.0,validation
Rock Dog,2017-02-24,2016,23157646.0,validation
Race,2016-02-19,2016,25070261.0,validation
A United Kingdom,2017-02-10,2016,14459330.0,validation
Julieta,2016-12-21,2016,22546233.0,validation
American Pastoral,2016-10-21,2016,2063436.0,validation
Buster's Mal Heart,2017-05-23,2016,73121.0,validation
Complete Unknown,2016-08-26,2016,217473.0,validation
This Beautiful Fantastic,2018-02-19,2016,353808.0,validation
Incarnate,2016-12-02,2016,9037058.0,validation
The Innocents,2016-02-10,2016,7400324.0,validation
Thor: Ragnarok,2017-11-03,2017,853983911.0,validation
Darkest Hour,2017-12-22,2017,150847274.0,validation
The Hitman's Bodyguard,2017-08-18,2017,176600207.0,validation
It,2017-09-08,2017,701796444.0,validation
Spider-Man: Homecoming,2017-07-07,2017,880166924.0,validation
Blade Runner 2049,2017-10-06,2017,259334548.0,validation
Guardians of the Galaxy Vol. 2,2017-05-05,2017,863756051.0,validation
The Greatest Showman,2017-12-20,2017,438006904.0,validation
Jumanji: Welcome to the Jungle,2017-12-20,2017,962542945.0,validation
Baywatch,2017-05-25,2017,177856751.0,validation
Call Me by Your Name,2018-01-19,2017,41888660.0,validation
Home Again,2017-09-08,2017,37270721.0,validation
The Fate of the Furious,2017-04-14,2017,1236005118.0,validation
Get Out,2017-02-24,2017,255589157.0,validation
Dunkirk,2017-07-21,2017,527016307.0,validation
Coco,2017-11-22,2017,807817888.0,validation
Baby Driver,2017-06-28,2017,226945087.0,validation
The Boss Baby,2017-03-31,2017,527965936.0,validation
Logan,2017-03-03,2017,619179950.0,validation
Wonder Woman,2017-06-02,2017,822824522.0,validation
Alien: Covenant,2017-05-19,2017,240891763.0,validation
John Wick: Chapter 2,2017-02-10,2017,171547802.0,validation
Wonder,2017-11-17,2017,306209289.0,validation
Justice League,2017-11-17,2017,657926987.0,validation
Mother!,2017-09-15,2017,44516999.0,validation
Pirates of the Caribbean: Dead Men Tell No Tales,2017-05-26,2017,794881442.0,validation
The Shape of Water,2017-12-22,2017,195333312.0,validation
Disobedience,2018-04-27,2017,8003180.0,validation
Kong: Skull Island,2017-03-10,2017,566652812.0,validation
Beauty and the Beast,2017-03-17,2017,1264434525.0,validation
Kingsman: The Golden Circle,2017-09-22,2017,410902662.0,validation
"Three Billboards Outside Ebbing, Missouri",2017-12-01,2017,160192267.0,validation
Star Wars: Episode VIII - The Last Jedi,2017-12-15,2017,1332698830.0,validation
Beast,2018-05-11,2017,1744071.0,validation
"I, Tonya",2018-01-19,2017,53939297.0,validation
Atomic Blonde,2017-07-28,2017,100014025.0,validation
Wind River,2017-08-18,2017,43980821.0,validation
Murder on the Orient Express,2017-11-10,2017,352794081.0,validation
King Arthur: Legend of the Sword,2017-05-12,2017,148675066.0,validation
Lady Bird,2017-12-01,2017,78966486.0,validation
The Killing of a Sacred Deer,2017-11-03,2017,7027336.0,validation
Logan Lucky,2017-08-18,2017,48453605.0,validation
Fifty Shades Darker,2017-02-10,2017,381545846.0,validation
Happy Death Day,2017-10-13,2017,125479266.0,validation
Transformers: The Last Knight,2017-06-21,2017,605425157.0,validation
Good Time,2017-08-25,2017,3283369.0,validation
Ghost in the Shell,2017-03-31,2017,169846945.0,validation
Hampstead,2019-06-14,2017,6335171.0,validation
Molly's Game,2018-01-05,2017,59284015.0,validation
Hostiles,2018-01-26,2017,35669017.0,validation
Valerian and the City of a Thousand Planets,2017-07-21,2017,225973340.0,validation
The Dark Tower,2017-08-04,2017,113231078.0,validation
Pitch Perfect 3,2017-12-22,2017,185400345.0,validation
American Assassin,2017-09-15,2017,67234188.0,validation
You Were Never Really Here,2018-04-06,2017,9360514.0,validation
The Florida Project,2017-11-10,2017,10971298.0,validation
Life,2017-03-24,2017,100541806.0,validation
The Death of Stalin,2018-03-09,2017,24646055.0,validation
Gifted,2017-04-12,2017,43069254.0,validation
Phantom Thread,2018-01-19,2017,47756590.0,validation
The Upside,2019-01-11,2017,125856180.0,validation
Berlin Syndrome,2017-05-26,2017,397783.0,validation
Annabelle: Creation,2017-08-11,2017,306515884.0,validation
American Made,2017-09-29,2017,134866593.0,validation
War for the Planet of the Apes,2017-07-14,2017,490719763.0,validation
Geostorm,2017-10-20,2017,221600160.0,validation
The Circle,2017-04-28,2017,40656399.0,validation
Cars 3,2017-06-16,2017,383930656.0,validation
Rough Night,2017-06-16,2017,47347283.0,validation
xXx: Return of Xander Cage,2017-01-20,2017,346118277.0,validation
The Mummy,2017-06-09,2017,409231607.0,validation
CHIPS,2017-03-24,2017,26800152.0,validation
Ferdinand,2017-12-15,2017,296069199.0,validation
Only the Brave,2017-10-20,2017,26351322.0,validation
The Beguiled,2017-06-30,2017,27869129.0,validation
The Glass Castle,2017-08-11,2017,22088533.0,validation
The Lego Batman Movie,2017-02-10,2017,311950384.0,validation
Papillon,2018-08-24,2017,10060903.0,validation
The Big Sick,2017-07-14,2017,56411585.0,validation
The Endless,2018-04-06,2017,956425.0,validation
Thoroughbreds,2018-03-09,2017,3187255.0,validation
The Foreigner,2017-10-13,2017,145418070.0,validation
Revenge,2018-05-11,2017,913331.0,validation
Jigsaw,2017-10-27,2017,102952888.0,validation
The Snowman,2017-10-20,2017,43155261.0,validation
The Disaster Artist,2017-12-08,2017,29820616.0,validation
47 Meters Down,2017-06-16,2017,62198461.0,validation
The Post,2018-01-12,2017,180419231.0,validation
"Everything, Everything",2017-05-19,2017,61621140.0,validation
A Ghost Story,2017-07-27,2017,1951683.0,validation
Sweet Virginia,2017-11-30,2017,14725.0,validation
Power Rangers,2017-03-24,2017,142337240.0,validation
Lucky,2017-09-29,2017,2728446.0,validation
All the Money in the World,2017-12-25,2017,56996304.0,validation
Suburbicon,2017-10-27,2017,12751667.0,validation
The Wife,2018-09-28,2017,19978189.0,validation
It Comes at Night,2017-06-09,2017,19735344.0,validation
Despicable Me 3,2017-06-30,2017,1034800131.0,validation
Going in Style,2017-04-07,2017,84918541.0,validation
Downsizing,2017-12-22,2017,55003890.0,validation
Before I Fall,2017-03-03,2017,16373843.0,validation
Wonder Wheel,2017-12-15,2017,15889124.0,validation
The Emoji Movie,2017-07-28,2017,217776646.0,validation
Ingrid Goes West,2017-08-25,2017,3146831.0,validation
Unforgettable,2017-04-21,2017,17768012.0,validation
Paddington 2,2018-01-12,2017,227978645.0,validation
Girls Trip,2017-07-21,2017,140552359.0,validation
Loving Vincent,2017-09-22,2017,42187665.0,validation
The Space Between Us,2017-02-03,2017,16080475.0,validation
Double Lover,2017-05-26,2017,5012423.0,validation
The Mountain Between Us,2017-10-06,2017,62832209.0,validation
T2 Trainspotting,2017-03-31,2017,41681746.0,validation
The Square,2017-08-25,2017,9493791.0,validation
The Hero,2017-06-09,2017,4101699.0,validation
Battle of the Sexes,2017-09-29,2017,18598607.0,validation
God's Own Country,2017-08-24,2017,2559939.0,validation
The Book of Henry,2017-06-23,2017,4596705.0,validation
Borg vs. McEnroe,2018-04-13,2017,3430165.0,validation
Daddy's Home 2,2017-11-10,2017,180613824.0,validation
Mark Felt: The Man Who Brought Down the White House,2017-09-29,2017,4372130.0,validation
A Dog's Purpose,2017-01-27,2017,205035819.0,validation
Columbus,2017-08-04,2017,1093077.0,validation
The Little Hours,2017-06-30,2017,1647175.0,validation
The Shack,2017-03-03,2017,96942115.0,validation
Thelma,2017-09-15,2017,1463727.0,validation
Flatliners,2017-09-29,2017,45158254.0,validation
Rings,2017-02-03,2017,83080890.0,validation
I Do... Until I Don't,2017-09-01,2017,280668.0,validation
Professor Marston & the Wonder Women,2017-10-13,2017,1899615.0,validation
The Rider,2018-04-13,2017,3436124.0,validation
First Reformed,2018-05-18,2017,3862498.0,validation
The Lego Ninjago Movie,2017-09-22,2017,123081555.0,validation
My Friend Dahmer,2018-03-02,2017,1436751.0,validation
The House,2017-06-30,2017,34184504.0,validation
Marrowbone,2018-04-13,2017,12294931.0,validation
The Zookeeper's Wife,2017-04-07,2017,26152835.0,validation
Flower,2018-03-16,2017,380553.0,validation
Song to Song,2017-03-17,2017,1813453.0,validation
Detroit,2017-08-04,2017,23355100.0,validation
Last Flag Flying,2017-11-03,2017,1872950.0,validation
Megan Leavey,2017-06-09,2017,14510490.0,validation
All Eyez on Me,2017-06-16,2017,55668698.0,validation
Sleepless,2017-01-13,2017,32917353.0,validation
The Captain,2018-07-27,2017,1196669.0,validation
Tulip Fever,2017-09-01,2017,9204549.0,validation
Stronger,2017-09-29,2017,8503658.0,validation
Jeepers Creepers III,2017-11-02,2017,4017852.0,validation
My Cousin Rachel,2017-06-09,2017,9200168.0,validation
Baahubali 2: The Conclusion,2017-04-28,2017,254158390.0,validation
Breathe,2017-10-27,2017,5026154.0,validation
The Only Living Boy in New York,2017-07-27,2017,2550321.0,validation
A Taxi Driver,2017-08-11,2017,86252940.0,validation
Brad's Status,2017-09-15,2017,3816527.0,validation
American Satan,2017-10-13,2017,237708.0,validation
Smurfs: The Lost Village,2017-04-07,2017,197183546.0,validation
Gook,2018-01-19,2017,251541.0,validation
Wonderstruck,2017-10-20,2017,3285916.0,validation
In the Fade,2017-12-27,2017,5104991.0,validation
Snatched,2017-05-12,2017,60845711.0,validation
"Roman J. Israel, Esq.",2017-11-22,2017,13025860.0,validation
Victoria & Abdul,2017-10-06,2017,66558465.0,validation
Fist Fight,2017-02-17,2017,41087017.0,validation
The Wall,2017-05-18,2017,4477141.0,validation
How to Be a Latin Lover,2017-04-28,2017,62547032.0,validation
The Leisure Seeker,2018-01-03,2017,10472180.0,validation
Same Kind of Different as Me,2017-10-20,2017,6423605.0,validation
My Little Pony: The Movie,2017-10-06,2017,60330833.0,validation
Goodbye Christopher Robin,2017-09-29,2017,7401949.0,validation
Table 19,2017-03-03,2017,5042014.0,validation
Father Figures,2017-12-22,2017,25601244.0,validation
Kidnap,2017-08-04,2017,34814102.0,validation
Diary of a Wimpy Kid: The Long Haul,2017-05-19,2017,40140972.0,validation
Ghost Stories,2018-04-20,2017,4131358.0,validation
Churchill,2017-06-02,2017,6724365.0,validation
Beach Rats,2017-11-22,2017,486623.0,validation
The Bookshop,2018-08-24,2017,12062146.0,validation
Mary Shelley,2018-07-05,2017,2096600.0,validation
A Bad Moms Christmas,2017-11-01,2017,130560428.0,validation
Loveless,2017-06-01,2017,3925992.0,validation
Captain Underpants: The First Epic Movie,2017-06-02,2017,125427681.0,validation
Beatriz at Dinner,2017-06-09,2017,7425391.0,validation
Wish Upon,2017-07-14,2017,23468586.0,validation
Super Dark Times,2017-09-29,2017,33109.0,validation
Blade of the Immortal,2017-11-03,2017,7162617.0,validation
Journey's End,2018-02-02,2017,970809.0,validation
Godard Mon Amour,2017-09-13,2017,1332204.0,validation
Marshall,2017-10-13,2017,10116816.0,validation
BPM (Beats Per Minute),2017-10-20,2017,7704369.0,validation
Lean on Pete,2018-04-06,2017,2443584.0,validation
Memoir of a Murderer,2017-09-08,2017,19015346.0,validation
Take Me,2017-05-05,2017,2583.0,validation
The Last Movie Star,2018-03-30,2017,14410.0,validation
On Chesil Beach,2018-05-18,2017,3338249.0,validation
Breath,2018-05-03,2017,3322479.0,validation
The Villainess,2017-06-08,2017,8737458.0,validation
How to Talk to Girls at Parties,2018-05-25,2017,385733.0,validation
Amityville: The Awakening,2017-10-12,2017,8481997.0,validation
The Resurrection of Gavin Stone,2017-01-20,2017,2308355.0,validation
The Bye Bye Man,2017-01-13,2017,29874280.0,validation
Along With the Gods: The Two Worlds,2017-12-20,2017,109383972.0,validation
A Quiet Place,2018-04-06,2018,350320413.0,validation
Avengers: Infinity War,2018-04-27,2018,2048359754.0,validation
Deadpool 2,2018-05-18,2018,786470484.0,validation
Bohemian Rhapsody,2018-11-02,2018,911902649.0,validation
Black Panther,2018-02-16,2018,1347597973.0,validation
Hereditary,2018-06-08,2018,80239658.0,validation
A Simple Favor,2018-09-14,2018,97644617.0,validation
Aquaman,2018-12-21,2018,1148485886.0,validation
Ready Player One,2018-03-29,2018,582893671.0,validation
Spider-Man: Into the Spider-Verse,2018-12-14,2018,375540831.0,validation
Mission: Impossible - Fallout,2018-07-27,2018,791657398.0,validation
Venom,2018-10-05,2018,856085151.0,validation
Green Book,2018-11-16,2018,321752656.0,validation
Crazy Rich Asians,2018-08-15,2018,238539198.0,validation
Ant-Man and the Wasp,2018-07-06,2018,622674139.0,validation
BlacKkKlansman,2018-08-10,2018,93413709.0,validation
The Predator,2018-09-14,2018,160542134.0,validation
White Boy Rick,2018-09-14,2018,25957482.0,validation
Solo: A Star Wars Story,2018-05-25,2018,392924807.0,validation
Midnight Sun,2018-03-23,2018,27365467.0,validation
Under the Silver Lake,2019-04-19,2018,2053469.0,validation
Den of Thieves,2018-01-19,2018,80509622.0,validation
Annihilation,2018-02-23,2018,43070915.0,validation
Red Sparrow,2018-03-02,2018,151572634.0,validation
A Star Is Born,2018-10-05,2018,436188866.0,validation
Mamma Mia! Here We Go Again,2018-07-20,2018,395618157.0,validation
Death Wish,2018-03-02,2018,49562710.0,validation
Instant Family,2018-11-16,2018,120556201.0,validation
Jurassic World: Fallen Kingdom,2018-06-22,2018,1310466296.0,validation
Eighth Grade,2018-08-03,2018,14347433.0,validation
Ocean's Eight,2018-06-08,2018,297718711.0,validation
Suspiria,2018-11-02,2018,7942093.0,validation
The Favourite,2018-12-21,2018,95918706.0,validation
The Meg,2018-08-10,2018,530259473.0,validation
Mandy,2018-09-14,2018,1555203.0,validation
Sicario: Day of the Soldado,2018-06-29,2018,75837743.0,validation
Fifty Shades Freed,2018-02-09,2018,371987838.0,validation
Halloween,2018-10-19,2018,255614941.0,validation
Incredibles 2,2018-06-15,2018,1244639527.0,validation
The First Purge,2018-07-04,2018,137056262.0,validation
The House That Jack Built,2018-10-17,2018,3081913.0,validation
Ophelia,2019-06-28,2018,242115.0,validation
The Nun,2018-09-07,2018,365551694.0,validation
Charlie Says,2019-05-17,2018,98240.0,validation
The Equalizer 2,2018-07-20,2018,190400157.0,validation
Climax,2018-09-19,2018,2027391.0,validation
The Commuter,2018-01-12,2018,119942387.0,validation
Game Night,2018-02-23,2018,117679066.0,validation
Red Joan,2019-04-19,2018,10647493.0,validation
Tag,2018-06-15,2018,78130625.0,validation
The Hate U Give,2018-10-19,2018,34934009.0,validation
Bad Times at the El Royale,2018-10-12,2018,31882724.0,validation
Isle of Dogs,2018-04-13,2018,64337744.0,validation
Fantastic Beasts: The Crimes of Grindelwald,2018-11-16,2018,654855901.0,validation
Hunter Killer,2018-10-26,2018,31676128.0,validation
The Mule,2018-12-14,2018,174804407.0,validation
The Clovehitch Killer,2018-11-16,2018,167994.0,validation
Robin Hood,2018-11-21,2018,86493046.0,validation
Beautiful Boy,2018-10-25,2018,16636604.0,validation
Capharnaüm,2018-09-20,2018,64417003.0,validation
Adrift,2018-06-01,2018,59945012.0,validation
"Love, Simon",2018-03-16,2018,66316289.0,validation
Mary Poppins Returns,2018-12-19,2018,349546142.0,validation
Leave No Trace,2018-06-29,2018,7682928.0,validation
Bumblebee,2018-12-21,2018,467989645.0,validation
Vice,2018-12-25,2018,76073488.0,validation
Hotel Transylvania 3: Summer Vacation,2018-07-13,2018,528583774.0,validation
Mile 22,2018-08-17,2018,66308758.0,validation
Peter Rabbit,2018-02-09,2018,351496066.0,validation
12 Strong,2018-01-19,2018,67450815.0,validation
The Spy Who Dumped Me,2018-08-03,2018,75339459.0,validation
Upgrade,2018-06-01,2018,16706680.0,validation
Mary Queen of Scots,2018-12-21,2018,46712809.0,validation
Ralph Breaks the Internet,2018-11-21,2018,529323962.0,validation
Overlord,2018-11-09,2018,41657844.0,validation
Tomb Raider,2018-03-16,2018,274650803.0,validation
The Girl in the Spider's Web,2018-11-09,2018,35164920.0,validation
Mortal Engines,2018-12-14,2018,83869818.0,validation
Maze Runner: The Death Cure,2018-01-26,2018,288175335.0,validation
First Man,2018-10-12,2018,105713218.0,validation
Creed II,2018-11-21,2018,214215889.0,validation
Rampage,2018-04-13,2018,428028233.0,validation
Everybody Knows,2019-02-08,2018,19176163.0,validation
Mid90s,2018-10-26,2018,9303022.0,validation
Replicas,2019-01-11,2018,9330075.0,validation
Widows,2018-11-16,2018,75984700.0,validation
Burning,2018-05-17,2018,7578063.0,validation
Searching,2018-08-31,2018,75462037.0,validation
Life Itself,2018-09-21,2018,7997774.0,validation
Blockers,2018-04-06,2018,94019120.0,validation
The Strangers: Prey at Night,2018-03-09,2018,31039126.0,validation
Peppermint,2018-09-07,2018,53918723.0,validation
High Life,2019-04-12,2018,2133033.0,validation
Every Day,2018-02-23,2018,10421847.0,validation
Operation Finale,2018-08-29,2018,17612099.0,validation
Shoplifters,2018-11-23,2018,67999335.0,validation
Blindspotting,2018-07-27,2018,5006989.0,validation
The Sisters Brothers,2018-10-19,2018,13143056.0,validation
The Nightingale,2019-08-29,2018,988687.0,validation
Greta,2019-03-01,2018,18653107.0,validation
I Feel Pretty,2018-04-20,2018,94539426.0,validation
Hotel Artemis,2018-06-08,2018,13313581.0,validation
Slender Man,2018-08-10,2018,51738549.0,validation
Trial by Fire,2019-05-17,2018,148504.0,validation
American Woman,2019-06-14,2018,245416.0,validation
Book Club,2018-05-18,2018,104438188.0,validation
Slaughterhouse Rulez,2019-05-17,2018,730762.0,validation
Sorry to Bother You,2018-07-13,2018,18170707.0,validation
Pacific Rim: Uprising,2018-03-23,2018,290930148.0,validation
Holmes & Watson,2018-12-25,2018,40466970.0,validation
The Darkest Minds,2018-08-03,2018,41142379.0,validation
Cold War,2018-06-08,2018,20343051.0,validation
Truth or Dare,2018-04-13,2018,95330710.0,validation
Alpha,2018-08-17,2018,98203196.0,validation
At Eternity's Gate,2019-02-15,2018,11473638.0,validation
Overboard,2018-05-04,2018,91244913.0,validation
Summer of 84,2018-08-10,2018,42027.0,validation
Arctic,2019-01-31,2018,4165776.0,validation
A Wrinkle in Time,2018-03-09,2018,132675864.0,validation
London Fields,2018-10-26,2018,487420.0,validation
Andhadhun,2018-10-05,2018,62475342.0,validation
Hotel Mumbai,2019-03-29,2018,21315827.0,validation
Life of the Party,2018-05-11,2018,65859911.0,validation
American Animals,2018-08-14,2018,4080073.0,validation
The House with a Clock in Its Walls,2018-09-21,2018,131523093.0,validation
Brian Banks,2019-08-09,2018,4376819.0,validation
Gotti,2018-06-14,2018,6412349.0,validation
Christopher Robin,2018-08-03,2018,197744377.0,validation
Destroyer,2018-12-27,2018,5580940.0,validation
We Have Always Lived in the Castle,2019-05-17,2018,62567.0,validation
The Miseducation of Cameron Post,2018-09-07,2018,1474577.0,validation
Insidious: The Last Key,2018-01-05,2018,167885588.0,validation
Mary Magdalene,2018-03-16,2018,11710110.0,validation
"Don't Worry, He Won't Get Far on Foot",2018-04-04,2018,4241656.0,validation
Can You Ever Forgive Me?,2018-11-02,2018,12442161.0,validation
Unsane,2018-03-23,2018,14293601.0,validation
Boy Erased,2018-11-08,2018,11853081.0,validation
Johnny English Strikes Again,2018-10-26,2018,158972499.0,validation
Skyscraper,2018-07-13,2018,304868961.0,validation
Wildlife,2019-01-01,2018,3321367.0,validation
The Old Man & the Gun,2018-10-19,2018,17860397.0,validation
Forever My Girl,2018-01-19,2018,16376066.0,validation
On the Basis of Sex,2019-01-11,2018,38755900.0,validation
I Want to Eat Your Pancreas,2018-09-01,2018,33748006.0,validation
The Man Who Killed Don Quixote,2018-05-19,2018,2390383.0,validation
The Catcher Was a Spy,2018-06-22,2018,953953.0,validation
Welcome to Marwen,2018-12-21,2018,13061491.0,validation
Bad Samaritan,2018-05-04,2018,4623836.0,validation
Border,2018-10-26,2018,2177678.0,validation
Gringo,2018-03-09,2018,11001627.0,validation
Assassination Nation,2018-09-21,2018,2584988.0,validation
Unfriended: Dark Web,2018-07-20,2018,16024987.0,validation
The Nutcracker and the Four Realms,2018-11-02,2018,173961069.0,validation
Little Italy,2018-09-21,2018,1362536.0,validation
The Happytime Murders,2018-08-24,2018,27506452.0,validation
Tully,2018-05-04,2018,15636462.0,validation
Night School,2018-09-28,2018,103105878.0,validation
Lords of Chaos,2019-02-08,2018,365353.0,validation
Smallfoot,2018-09-28,2018,214040103.0,validation
Hell Fest,2018-09-28,2018,18160930.0,validation
A Private War,2018-11-16,2018,3915207.0,validation
Second Act,2018-12-21,2018,72294066.0,validation
Uncle Drew,2018-06-29,2018,46664414.0,validation
Wild Rose,2019-06-21,2018,7123449.0,validation
The Possession of Hannah Grace,2018-11-30,2018,43016528.0,validation
If Beale Street Could Talk,2018-12-25,2018,20596567.0,validation
Out of Blue,2019-03-22,2018,242847.0,validation
The Grinch,2018-11-09,2018,512492755.0,validation
Colette,2018-12-20,2018,14273033.0,validation
Winchester,2018-02-02,2018,44019588.0,validation
The 15:17 to Paris,2018-02-09,2018,57076286.0,validation
Action Point,2018-06-01,2018,5103663.0,validation
"Juliet, Naked",2018-08-17,2018,4511157.0,validation
The Guilty,2018-10-19,2018,4598051.0,validation
Never Look Away,2018-10-03,2018,6193234.0,validation
Vox Lux,2018-12-20,2018,1399272.0,validation
The Wind,2019-04-05,2018,130974.0,validation
Super Troopers 2,2018-04-20,2018,31626386.0,validation
Summer '03,2018-12-20,2018,11746.0,validation
An Acceptable Loss,2019-01-18,2018,32427.0,validation
The Death & Life of John F. Donovan,2019-12-13,2018,3326364.0,validation
Duck Butter,2018-04-27,2018,6877.0,validation
The Little Mermaid,2018-08-17,2018,2614006.0,validation
Padmaavat,2018-01-25,2018,60508780.0,validation
Stan & Ollie,2019-01-11,2018,24420923.0,validation
SuperFly,2018-06-13,2018,20780685.0,validation
Early Man,2018-02-16,2018,54622814.0,validation
I Can Only Imagine,2018-03-16,2018,86086881.0,validation
The Hummingbird Project,2019-03-22,2018,878199.0,validation
Dragon Ball Super: Broly,2019-01-16,2018,115757940.0,validation
Gloria Bell,2019-03-22,2018,11145006.0,validation
Kin,2018-08-31,2018,10313019.0,validation
Aniara,2019-05-17,2018,40124.0,validation
Becoming Astrid,2018-09-14,2018,962653.0,validation
Goosebumps 2: Haunted Halloween,2018-10-12,2018,93320380.0,validation
The Quake,2018-12-14,2018,13837294.0,validation
Nobody's Fool,2018-11-02,2018,33705333.0,validation
7 Days in Entebbe,2018-03-16,2018,8771432.0,validation
My Hero Academia: Two Heroes,2018-09-25,2018,21022724.0,validation
An Interview with God,2018-08-21,2018,2251795.0,validation
Midsommar,2019-07-03,2019,47967636.0,test
Once Upon a Time... In Hollywood,2019-07-26,2019,374565754.0,test
Avengers: Endgame,2019-04-26,2019,2797501328.0,test
Fighting with My Family,2019-02-22,2019,40811919.0,test
Little Women,2019-12-25,2019,216601214.0,test
Escape Room,2019-01-04,2019,155712077.0,test
The Dead Don't Die,2019-06-14,2019,15325468.0,test
Joker,2019-10-04,2019,1074427370.0,test
Yesterday,2019-06-28,2019,153193369.0,test
Parasite,2019-11-08,2019,258908054.0,test
John Wick: Chapter 3 - Parabellum,2019-05-17,2019,327281779.0,test
Knives Out,2019-11-27,2019,311539397.0,test
Fast & Furious Presents: Hobbs & Shaw,2019-08-02,2019,759056935.0,test
Captain Marvel,2019-03-08,2019,1128462972.0,test
After,2019-04-12,2019,69756455.0,test
Spider-Man: Far from Home,2019-07-02,2019,1131927996.0,test
Jojo Rabbit,2019-11-08,2019,90335025.0,test
Shazam!,2019-04-05,2019,365971656.0,test
It Chapter Two,2019-09-06,2019,473093228.0,test
1917,2020-01-10,2019,384623579.0,test
Star Wars: Episode IX - The Rise of Skywalker,2019-12-20,2019,1078232589.0,test
Ford v Ferrari,2019-11-15,2019,225508210.0,test
The Irishman,2019-11-27,2019,968853.0,test
The Lighthouse,2019-11-01,2019,18123239.0,test
Jumanji: The Next Level,2019-12-13,2019,800059707.0,test
Alita: Battle Angel,2019-02-14,2019,404980543.0,test
Us,2019-03-22,2019,255184580.0,test
Ready or Not,2019-08-21,2019,57615777.0,test
Hellboy,2019-04-12,2019,55065289.0,test
Terminator: Dark Fate,2019-11-01,2019,261119292.0,test
Downton Abbey,2019-09-20,2019,237860050.0,test
Gemini Man,2019-10-11,2019,173469516.0,test
Booksmart,2019-05-24,2019,24959607.0,test
Dora and the Lost City of Gold,2019-08-09,2019,119682635.0,test
Glass,2019-01-18,2019,246999039.0,test
The Best of Enemies,2019-04-05,2019,10209813.0,test
Official Secrets,2019-08-30,2019,10088753.0,test
The Lion King,2019-07-19,2019,1670727580.0,test
Aladdin,2019-05-24,2019,1050693953.0,test
Marriage Story,2019-12-06,2019,333686.0,test
Godzilla: King of the Monsters,2019-05-31,2019,386600138.0,test
Rocketman,2019-05-31,2019,195179299.0,test
Hustlers,2019-09-13,2019,157563598.0,test
Anna,2019-06-21,2019,31626978.0,test
Portrait of a Lady on Fire,2020-02-14,2019,10123353.0,test
Toy Story 4,2019-06-21,2019,1073394593.0,test
Zombieland: Double Tap,2019-10-18,2019,122810399.0,test
Long Shot,2019-05-03,2019,53873809.0,test
Angel Has Fallen,2019-08-23,2019,146661977.0,test
Men in Black: International,2019-06-14,2019,253890701.0,test
X-Men: Dark Phoenix,2019-06-07,2019,252442974.0,test
Frozen II,2019-11-22,2019,1450026933.0,test
Brightburn,2019-05-24,2019,32893421.0,test
Ad Astra,2019-09-20,2019,127461872.0,test
The Peanut Butter Falcon,2019-08-23,2019,133031473.0,test
Good Boys,2019-08-16,2019,111037232.0,test
Ma,2019-05-31,2019,61105744.0,test
Five Feet Apart,2019-03-15,2019,91527795.0,test
Cold Pursuit,2019-02-08,2019,76419755.0,test
Crawl,2019-07-12,2019,91542097.0,test
Annabelle Comes Home,2019-06-26,2019,231252591.0,test
Rambo: Last Blood,2019-09-20,2019,91490353.0,test
Late Night,2019-06-14,2019,22386555.0,test
The Addams Family,2019-10-11,2019,203783566.0,test
The Goldfinch,2019-09-13,2019,9932621.0,test
A Beautiful Day in the Neighborhood,2019-11-22,2019,67760877.0,test
How to Train Your Dragon: The Hidden World,2019-02-22,2019,525683457.0,test
Pokémon Detective Pikachu,2019-05-10,2019,433921300.0,test
Serenity,2019-01-25,2019,14454622.0,test
Maleficent: Mistress of Evil,2019-10-18,2019,491730089.0,test
The Last Black Man in San Francisco,2019-06-07,2019,4637830.0,test
The Secret Life of Pets 2,2019-06-07,2019,430051293.0,test
The Curse of la Llorona,2019-04-19,2019,123133739.0,test
Captive State,2019-03-15,2019,8808611.0,test
Scary Stories to Tell in the Dark,2019-08-09,2019,104545505.0,test
The Intruder,2019-05-03,2019,36599361.0,test
The Angry Birds Movie 2,2019-08-14,2019,147792047.0,test
What Men Want,2019-02-08,2019,72216294.0,test
Pet Sematary,2019-04-05,2019,113118226.0,test
47 Meters Down: Uncaged,2019-08-16,2019,47582563.0,test
The Art of Self-Defense,2019-07-19,2019,2414269.0,test
Happy Death Day 2U,2019-02-13,2019,64600152.0,test
Weathering with You,2020-01-17,2019,193457467.0,test
The Kid,2019-03-08,2019,1561698.0,test
Sword of Trust,2019-07-19,2019,323369.0,test
The Lego Movie 2: The Second Part,2019-02-08,2019,192306508.0,test
Child's Play,2019-06-21,2019,44907074.0,test
Luce,2019-08-23,2019,2268204.0,test
The Souvenir,2019-08-30,2019,1719157.0,test
The Farewell,2019-08-09,2019,23076657.0,test
Dumbo,2019-03-29,2019,353284621.0,test
The Hustle,2019-05-10,2019,95017038.0,test
Ode to Joy,2019-08-09,2019,22594.0,test
Shaft,2019-06-14,2019,21360215.0,test
The Beach Bum,2019-03-29,2019,4554416.0,test
The Kitchen,2019-08-09,2019,15980032.0,test
Can You Keep a Secret?,2019-09-13,2019,1378160.0,test
Stuber,2019-07-12,2019,32390945.0,test
The Art of Racing in the Rain,2019-08-09,2019,33766787.0,test
Blinded by the Light,2019-08-16,2019,18096691.0,test
"Where'd You Go, Bernadette",2019-08-16,2019,11025353.0,test
Ip Man 4: The Finale,2019-12-20,2019,176345966.0,test
Abominable,2019-09-27,2019,180314199.0,test
The Aftermath,2019-03-15,2019,9215591.0,test
Isn't It Romantic,2019-02-13,2019,48791187.0,test
Killerman,2019-08-08,2019,619855.0,test
A Dog's Journey,2019-05-17,2019,75741734.0,test
Don't Let Go,2019-08-30,2019,5288011.0,test
UglyDolls,2019-05-03,2019,32450241.0,test
Tolkien,2019-05-10,2019,9090040.0,test
The Hole in the Ground,2019-02-26,2019,3373474.0,test
Brittany Runs a Marathon,2019-10-24,2019,7442106.0,test
Chhichhore,2019-09-06,2019,3311391.0,test
After the Wedding,2019-11-01,2019,2790019.0,test
Miss Bala,2019-02-01,2019,15383580.0,test
A Dog's Way Home,2019-01-11,2019,80708134.0,test
Super 30,2019-07-12,2019,24701637.0,test
Wonder Park,2019-03-15,2019,119559110.0,test
"The Gangster, the Cop, the Devil",2019-05-15,2019,25775371.0,test
The Mustang,2019-06-19,2019,6405816.0,test
Triple Threat,2019-03-29,2019,345900.0,test
The Wandering Earth,2019-02-05,2019,699992512.0,test
The Kid Who Would Be King,2019-01-25,2019,32140970.0,test
Missing Link,2019-04-12,2019,26565710.0,test
Breakthrough,2019-04-17,2019,50444358.0,test
Poms,2019-05-10,2019,16418218.0,test
Little,2019-04-12,2019,49000667.0,test
The Prodigy,2019-02-08,2019,21150265.0,test
Ne Zha,2019-07-26,2019,726264074.0,test
Storm Boy,2019-04-05,2019,4393018.0,test
Gully Boy,2019-02-14,2019,28141995.0,test
Crypto,2019-04-12,2019,20440.0,test
Overcomer,2019-08-23,2019,38026103.0,test
Ms. Purple,2019-09-06,2019,80657.0,test
A Madea Family Funeral,2019-03-01,2019,74747725.0,test
Run with the Hunted,2020-06-26,2019,682.0,test
Extreme Job,2019-06-21,2019,119932733.0,test
The Tomorrow Man,2019-08-02,2019,354103.0,test
The Sun Is also a Star,2019-05-17,2019,6750029.0,test
"Faith, Hope & Love",2020-02-04,2019,210091.0,test
Kalank,2019-04-17,2019,17987034.0,test
Sonchiriya,2019-03-01,2019,914565.0,test
Mission Mangal,2019-08-15,2019,5667057.0,test
K-12,2019-09-05,2019,359377.0,test
Batla House,2019-08-15,2019,13098981.0,test
Saaho,2019-08-30,2019,5708522.0,test
Exit,2019-07-31,2019,69501772.0,test
Cliffs of Freedom,2019-03-22,2019,300842.0,test
Them That Follow,2019-08-02,2019,172952.0,test
Unplanned,2019-03-29,2019,21354152.0,test
Student of the Year 2,2019-05-10,2019,1635907.0,test
The Divine Fury,2019-07-31,2019,11799556.0,test
Luka Chuppi,2019-03-01,2019,14256199.0,test
De De Pyaar De,2019-05-17,2019,1473116.0,test
End of the Century,2019-08-16,2019,103047.0,test
Bennett's War,2019-08-30,2019,1067629.0,test
Code Geass: Lelouch of the Re;Surrection,2019-05-05,2019,9982083.0,test
Before You Know It,2019-08-30,2019,151507.0,test
Pilgrim's Progress,2019-04-18,2019,3173282.0,test
Mine 9,2020-05-19,2019,226421.0,test
Give Me Liberty,2019-08-23,2019,624818.0,test
Romeo Akbar Walter,2019-04-05,2019,6111065.0,test
Furie,2019-02-22,2019,5756185.0,test
Photograph,2019-03-15,2019,996171.0,test
Ek Ladki Ko Dekha Toh Aisa Laga,2019-02-01,2019,3531837.0,test
Body at Brighton Rock,2019-04-26,2019,5123.0,test
The Bravest,2019-08-09,2019,245179562.0,test
Bharat,2019-06-05,2019,35261263.0,test
42nd Street: The Musical,2019-05-01,2019,2217255.0,test
Piranhas,2019-02-13,2019,2298525.0,test
Clinton Road,2019-06-14,2019,50400.0,test
High on the Hog,2019-04-16,2019,45696.0,test
Kinky Boots: The Musical,2019-06-25,2019,2973437.0,test
Play the Flute,2019-03-01,2019,254475.0,test
Geolkapseu,2019-05-09,2019,12147170.0,test
Shed of the Dead,2019-05-20,2019,38901.0,test
The Fighting Preacher,2019-07-24,2019,954641.0,test
Junglee,2019-03-29,2019,4033587.0,test
The Captain,2019-09-30,2019,417282021.0,test
Total Dhamaal,2019-02-22,2019,26911995.0,test
The Untold Story,2019-01-11,2019,790.0,test
No Manches Frida 2,2019-03-15,2019,26493648.0,test
Line Walker 2: Invisible Spy,2019-08-16,2019,99482027.0,test
Money,2019-03-22,2019,155732.0,test
The Ground Beneath My Feet,2019-07-26,2019,29251.0,test
The Least of These: The Graham Staines Story,2019-03-29,2019,695164.0,test
Saga of Tanya the Evil - The Movie,2019-05-16,2019,288460.0,test
Tod@s Caen,2019-08-30,2019,9667157.0,test
"My People, My Country",2019-10-01,2019,450064993.0,test
Alone/Together,2019-02-13,2019,271101.0,test
The Other Side of Heaven 2: Fire of Faith,2019-06-28,2019,1807216.0,test
India's Most Wanted,2019-05-24,2019,1715851.0,test
Chasing the Dragon II: Wild Wild Bunch,2019-06-07,2019,45738461.0,test
Round of Your Life,2019-06-21,2019,20941.0,test
El Coyote,2019-10-04,2019,1101470.0,test
A Brother's Love,2019-06-07,2019,1671969.0,test
Tenet,2020-09-03,2020,363656624.0,test
Wonder Woman 1984,2020-12-25,2020,166534027.0,test
Birds of Prey,2020-02-07,2020,201858461.0,test
The Invisible Man,2020-02-28,2020,143151000.0,test
Onward,2020-03-06,2020,141950608.0,test
Bad Boys for Life,2020-01-17,2020,426505244.0,test
Sonic the Hedgehog,2020-02-14,2020,319715683.0,test
Dolittle,2020-01-17,2020,245487753.0,test
The Call of the Wild,2020-02-21,2020,111105497.0,test
The Eight Hundred,2020-08-28,2020,461421559.0,test
The Quarry,2020-04-17,2020,3661.0,test
Legend of Deification,2020-10-01,2020,240663149.0,test
Tulsa,2020-06-03,2020,413378.0,test
Leap,2020-09-25,2020,25818882.0,test
I Am Fear,2020-03-03,2020,13266.0,test
